# Blender v2.83.0 OBJ File: 'camera.blend'
# www.blender.org
mtllib camera.mtl
o Camera_Lowpoly_Mesh
v 1.492791 0.762668 0.287376
v 1.493011 0.699933 0.287379
v 1.513652 0.696227 0.275460
v 1.515090 0.766483 0.274479
v 1.515564 0.776187 0.270180
v 1.493022 0.772372 0.281757
v 1.467490 0.760820 0.297412
v 1.467705 0.699676 0.297413
v 1.511964 0.697231 0.290044
v 1.529595 0.686741 0.290044
v 1.529595 0.686741 0.262884
v 1.534393 0.771311 0.258718
v 1.532566 0.781016 0.254715
v 1.466955 0.768893 0.291892
v 1.439209 0.760819 0.299583
v 1.439423 0.699365 0.299583
v 1.487319 0.699091 0.301502
v 1.511408 0.695657 0.301502
v 1.528411 0.685541 0.301502
v 1.540329 0.669257 0.290044
v 1.534720 0.678393 0.255834
v 1.558363 0.780292 0.224035
v 1.550930 0.158027 0.237976
v 1.564273 -0.899517 0.224143
v 1.506973 0.780507 0.263784
v 1.486624 0.777047 0.275590
v 1.524428 0.784857 0.249487
v 1.439196 0.768893 0.295443
v 1.175023 0.699228 0.300543
v -1.235706 0.760819 0.299584
v 1.150949 0.695789 0.300543
v 1.175382 0.694181 0.309686
v 1.486971 0.694181 0.309686
v 1.509742 0.690935 0.309686
v 1.538763 0.668680 0.301502
v 1.524860 0.681940 0.309686
v 1.540329 0.669257 0.250664
v 1.544167 0.644780 0.290044
v 1.544167 0.644780 0.245244
v 1.554461 0.789689 0.219606
v 1.584905 -0.899087 0.154671
v 1.578941 0.803904 0.154667
v 1.550930 0.158027 0.290044
v 1.548222 0.139142 0.290044
v 1.548222 0.139142 0.241988
v 1.540119 0.125658 0.290044
v 1.540119 0.125658 0.253767
v 1.526623 0.117576 0.290044
v 1.536673 0.123594 0.258757
v 1.520947 -0.900022 0.274569
v 1.540276 -0.899760 0.258820
v 1.517375 0.116263 0.274514
v 1.537624 -0.909157 0.255966
v 1.561182 -0.908921 0.221767
v 1.546879 0.794433 0.216538
v 1.464363 0.775557 0.284494
v -1.235693 0.768893 0.295443
v -1.263986 0.760820 0.297412
v -1.269842 -0.900601 0.297443
v -1.241488 -0.900918 0.299592
v 1.444992 -0.900918 0.299591
v 1.302082 -0.813527 0.299958
v 1.264149 -0.813527 0.299958
v 1.266702 -0.799048 0.285405
v 1.235855 -0.787821 0.285405
v 1.228504 -0.800553 0.299958
v 1.210708 -0.766720 0.285405
v 1.199445 -0.776171 0.299957
v 1.194294 -0.738292 0.285405
v 1.180479 -0.743320 0.299957
v 1.188594 -0.705963 0.285405
v 1.173892 -0.705963 0.299957
v 1.194294 -0.673635 0.285405
v 1.180479 -0.668607 0.299957
v 1.152672 0.690937 0.309686
v 1.486391 0.685997 0.314597
v 1.175964 0.685997 0.314597
v 1.506965 0.683064 0.314597
v 1.542532 0.644640 0.301502
v 1.534064 0.666949 0.309686
v 1.518941 0.675938 0.314597
v 1.580589 -0.909489 0.154785
v 1.575845 0.813608 0.154640
v 1.549294 0.158144 0.301502
v 1.546648 0.139701 0.301502
v 1.538927 0.126852 0.301502
v 1.526066 0.119150 0.301502
v 1.507734 0.114895 0.290044
v 1.498626 -0.900302 0.287449
v 1.507734 0.114895 0.280087
v 1.518800 -0.909411 0.271323
v -0.918869 0.801733 0.191308
v -0.915742 0.798898 0.200273
v 1.566494 0.817336 0.154493
v 1.438798 0.775605 0.286483
v -1.235294 0.775605 0.286484
v -1.263451 0.768893 0.291893
v -1.269017 -0.909973 0.293615
v -1.241289 -0.910285 0.295733
v -1.289287 0.762668 0.287377
v -1.295123 -0.900302 0.287450
v 1.444792 -0.910285 0.295732
v 1.392338 -0.705963 0.299957
v 1.392338 -0.444256 0.299957
v 1.385751 -0.481612 0.299957
v 1.385751 -0.668607 0.299957
v 1.377636 -0.705963 0.285405
v 1.371936 -0.738291 0.285405
v 1.385751 -0.743320 0.299957
v 1.355522 -0.766720 0.285405
v 1.366785 -0.776171 0.299957
v 1.330376 -0.787821 0.285405
v 1.337727 -0.800553 0.299957
v 1.299529 -0.799048 0.285405
v 1.210708 -0.645206 0.285405
v 1.199445 -0.635756 0.299957
v 1.150950 0.219899 0.300544
v 1.152675 0.224750 0.309686
v 1.137725 0.233728 0.309686
v 1.134045 0.230050 0.300544
v 1.123902 0.246960 0.300544
v 1.128755 0.248683 0.309686
v 1.120463 0.271037 0.300544
v 1.125511 0.271395 0.309686
v 1.125511 0.644309 0.309686
v 1.120463 0.644668 0.300543
v 1.128755 0.667019 0.309686
v 1.123902 0.668742 0.300543
v 1.137724 0.681968 0.309686
v 1.134045 0.685647 0.300543
v 1.155465 0.683068 0.314597
v 1.485578 0.674539 0.316233
v 1.176778 0.674539 0.316234
v 1.503078 0.672044 0.316233
v 1.537627 0.644222 0.309686
v 1.526232 0.664063 0.314597
v 1.510655 0.667536 0.316233
v 1.587095 -0.898900 0.137531
v 1.581121 0.804399 0.137432
v 1.544383 0.158496 0.309686
v 1.541928 0.141380 0.309686
v 1.535351 0.130434 0.309686
v 1.507620 0.116532 0.301502
v 1.524394 0.123872 0.309686
v 1.488396 0.114913 0.290044
v 1.467087 0.116191 0.298886
v 1.473346 -0.900601 0.297442
v 1.497006 -0.909684 0.283916
v -1.260859 0.775557 0.284495
v -1.293502 -0.909684 0.283917
v -1.289518 0.772372 0.281758
v -1.311586 0.766483 0.274480
v -1.317443 -0.900022 0.274570
v 1.472521 -0.909973 0.293614
v 1.371936 -0.673635 0.285405
v 1.366785 -0.635756 0.299957
v 1.355522 -0.645206 0.285405
v 1.337727 -0.611373 0.299957
v 1.330376 -0.624106 0.285405
v 1.302081 -0.598400 0.299957
v 1.299529 -0.612878 0.285405
v 1.264149 -0.598400 0.299957
v 1.266702 -0.612878 0.285405
v 1.228504 -0.611373 0.299957
v 1.235855 -0.624106 0.285405
v 1.371936 -0.476584 0.285405
v 1.355523 -0.505013 0.285405
v 1.366785 -0.514463 0.299957
v 1.330376 -0.526113 0.285405
v 1.337727 -0.538846 0.299957
v 1.299529 -0.537341 0.285405
v 1.302082 -0.551820 0.299957
v 1.266702 -0.537341 0.285405
v 1.264149 -0.551820 0.299957
v 1.235855 -0.526113 0.285405
v 1.228504 -0.538846 0.299957
v 1.210708 -0.505013 0.285405
v 1.199446 -0.514463 0.299957
v 1.194295 -0.476584 0.285405
v 1.180479 -0.481612 0.299957
v 1.188594 -0.444256 0.285404
v 1.173892 -0.444256 0.299957
v 1.194295 -0.411928 0.285404
v 1.180479 -0.406899 0.299957
v 1.314377 0.196184 0.300544
v 1.264149 0.178016 0.299955
v 1.302082 0.178016 0.299955
v 1.338958 0.188824 0.300544
v 1.175130 0.216432 0.300544
v 1.175846 0.221428 0.309686
v 1.143691 0.239692 0.314597
v 1.155472 0.232617 0.314597
v 1.136623 0.251476 0.314597
v 1.133695 0.271977 0.314597
v 1.133695 0.643728 0.314597
v 1.136623 0.664226 0.314597
v 1.143689 0.676002 0.314597
v 1.159376 0.672053 0.316234
v 1.529452 0.643524 0.314597
v 1.515268 0.660022 0.316233
v 1.583258 -0.908322 0.136914
v 1.577976 0.814103 0.136782
v 1.582890 0.804399 0.115549
v 1.583204 0.412768 0.128684
v 1.583358 0.430040 0.126043
v 1.536200 0.159082 0.314597
v 1.534062 0.144179 0.314597
v 1.529390 0.136404 0.314597
v 1.507275 0.121443 0.309686
v 1.521607 0.131743 0.314597
v 1.443831 0.118538 0.300133
v -1.283120 0.777047 0.275591
v -1.315297 -0.909411 0.271324
v -1.312060 0.776187 0.270181
v -1.330890 0.771311 0.258719
v -1.336772 -0.899760 0.258821
v 1.377636 -0.444256 0.285404
v 1.210708 -0.383499 0.285404
v 1.199446 -0.374049 0.299957
v 1.315470 0.201126 0.309686
v 1.177008 0.229529 0.314597
v 1.152045 0.248040 0.316234
v 1.159388 0.243631 0.316234
v 1.147639 0.255386 0.316234
v 1.145152 0.272791 0.316234
v 1.145152 0.642913 0.316234
v 1.147638 0.660315 0.316234
v 1.152040 0.667651 0.316234
v 1.518008 0.642547 0.316233
v 1.524742 0.159903 0.316233
v 1.178634 0.240871 0.316234
v 1.317242 0.209138 0.314597
v 1.319723 0.220356 0.316234
v 1.344713 0.200913 0.314597
v 1.349697 0.211381 0.316234
v 1.375561 0.193771 0.316234
v 1.368417 0.184773 0.314597
v 1.408444 0.163484 0.316234
v 1.400682 0.155056 0.314597
v 1.415195 0.143932 0.314597
v 1.421341 0.153661 0.316234
v 1.430699 0.136061 0.314597
v 1.434891 0.146783 0.316233
v 1.447432 0.131331 0.314597
v 1.449513 0.142650 0.316233
v 1.466926 0.129608 0.314597
v 1.467935 0.141021 0.316233
v 1.506701 0.129627 0.314597
v 1.505897 0.141086 0.316233
v 1.520600 0.145207 0.316233
v 1.579712 0.814103 0.115090
v 1.584437 0.804551 0.082553
v 1.584058 0.443073 0.116818
v 1.584899 0.449823 0.104476
v 1.585001 -0.908156 0.115298
v 1.588873 -0.898732 0.115629
v 1.589066 -0.827501 0.108969
v 1.594284 -0.823300 0.114643
v 1.588608 -0.823892 0.115438
v 1.599801 -0.810963 0.120639
v 1.587843 -0.810963 0.124504
v 1.601643 -0.793692 0.122638
v 1.587565 -0.793692 0.127187
v 1.601913 0.412768 0.122638
v 1.600078 0.430040 0.120639
v 1.594566 0.442376 0.114642
v 1.567378 0.817334 0.134986
v 1.466205 0.121455 0.309686
v 1.531096 -0.913044 0.249163
v 1.513471 -0.913280 0.263550
v 1.570114 0.817334 0.113709
v 1.581842 0.814141 0.082354
v 1.572373 0.817334 0.081673
v 1.588189 0.814103 -0.124437
v 1.578506 0.817334 -0.124934
v 1.586280 0.814103 -0.176590
v 1.576625 0.817334 -0.175273
v 1.578328 0.814103 -0.209815
v 1.569094 0.817334 -0.206737
v 1.566900 0.814103 -0.236221
v 1.558001 0.817334 -0.232369
v 1.554143 0.814103 -0.266816
v 1.545193 0.817334 -0.263085
v 1.539751 0.814103 -0.294727
v 1.531391 0.817334 -0.289780
v 1.522072 0.814103 -0.320976
v 1.514028 0.817334 -0.315559
v 1.503156 0.814103 -0.343846
v 1.495679 0.817334 -0.337669
v 1.477108 0.817334 -0.358232
v 1.483149 0.814103 -0.366015
v 1.451480 0.817334 -0.371706
v 1.454303 0.814103 -0.381183
v 1.407765 0.814103 -0.385645
v 1.406839 0.817334 -0.375987
v 0.425347 0.817334 0.009393
v 0.400721 0.800413 0.009393
v 0.395488 0.800413 0.039072
v 0.418628 0.817334 0.047494
v 0.380419 0.800413 0.065171
v 0.399284 0.817334 0.081000
v 0.357333 0.800413 0.084542
v 0.369646 0.817334 0.105869
v 0.329014 0.800413 0.094850
v 0.333290 0.817334 0.119102
v 0.298877 0.800413 0.094850
v 0.294601 0.817334 0.119102
v 0.270558 0.800413 0.084542
v 0.258245 0.817334 0.105869
v 0.247472 0.800413 0.065171
v 0.228607 0.817334 0.081000
v 0.232403 0.800413 0.039072
v 0.209262 0.817334 0.047494
v 0.227170 0.800413 0.009393
v 0.202544 0.817334 0.009393
v -0.157386 0.817334 0.009393
v -0.182012 0.800413 0.009393
v -0.187245 0.800413 0.039072
v -0.164104 0.817334 0.047494
v -0.202314 0.800413 0.065171
v -0.183449 0.817334 0.081000
v -0.225400 0.800413 0.084542
v -0.213087 0.817334 0.105869
v -0.253719 0.800413 0.094850
v -0.249443 0.817334 0.119102
v -0.283856 0.800413 0.094850
v -0.288132 0.817334 0.119102
v -0.312175 0.800413 0.084543
v -0.324488 0.817334 0.105869
v -0.335261 0.800413 0.065171
v -0.354126 0.817334 0.081000
v -0.350329 0.800413 0.039072
v -0.373470 0.817334 0.047495
v -0.355563 0.800413 0.009393
v -0.380189 0.817334 0.009393
v -0.350329 0.800413 -0.020286
v -0.373470 0.817334 -0.028709
v -0.335261 0.800413 -0.046385
v -0.354126 0.817334 -0.062215
v -0.312175 0.800413 -0.065757
v -0.324488 0.817334 -0.087084
v -0.283856 0.800413 -0.076064
v -0.288132 0.817334 -0.100316
v -0.253719 0.800413 -0.076064
v -0.249443 0.817334 -0.100316
v -0.225400 0.800413 -0.065757
v -0.213087 0.817334 -0.087084
v -0.202314 0.800413 -0.046385
v -0.183449 0.817334 -0.062215
v -0.187245 0.800413 -0.020286
v -0.164104 0.817334 -0.028709
v 0.232403 0.800413 -0.020286
v 0.209262 0.817334 -0.028709
v 0.247472 0.800413 -0.046385
v 0.228607 0.817334 -0.062215
v 0.270558 0.800413 -0.065757
v 0.258245 0.817334 -0.087084
v 0.298877 0.800413 -0.076064
v 0.294601 0.817334 -0.100316
v 0.329014 0.800413 -0.076064
v 0.333290 0.817334 -0.100316
v 0.357333 0.800413 -0.065757
v 0.369646 0.817334 -0.087084
v 0.380419 0.800413 -0.046385
v 0.399284 0.817334 -0.062215
v 0.395487 0.800413 -0.020286
v 0.418628 0.817334 -0.028709
v -1.204262 0.814103 -0.385644
v -1.203336 0.817334 -0.375986
v -1.250799 0.814103 -0.381182
v -1.247977 0.817334 -0.371705
v -1.279646 0.814103 -0.366014
v -1.273604 0.817334 -0.358231
v -1.299652 0.814103 -0.343846
v -1.292176 0.817334 -0.337668
v -1.318569 0.814103 -0.320976
v -1.310525 0.817334 -0.315558
v -1.336248 0.814103 -0.294726
v -1.327888 0.817334 -0.289779
v -1.350640 0.814103 -0.266815
v -1.341690 0.817334 -0.263084
v -1.363397 0.814103 -0.236220
v -1.354498 0.817334 -0.232368
v -1.374825 0.814103 -0.209814
v -1.365591 0.817334 -0.206736
v -1.382776 0.814103 -0.176589
v -1.373122 0.817334 -0.175272
v -1.384686 0.814103 -0.124436
v -1.375003 0.817334 -0.124933
v -1.378339 0.814141 0.082355
v -1.368870 0.817334 0.081673
v -1.334120 -0.909157 0.255967
v -1.266902 -0.913802 0.284356
v -1.240610 -0.914099 0.286371
v -1.303470 0.780507 0.263785
v -1.329063 0.781016 0.254716
v -1.360769 -0.899517 0.224144
v -1.354859 0.778989 0.224036
v 1.444114 -0.914099 0.286370
v 1.385751 -0.406899 0.299957
v 1.371936 -0.411928 0.285404
v 1.366785 -0.374049 0.299956
v 1.355523 -0.383499 0.285404
v 1.337727 -0.349666 0.299956
v 1.330376 -0.362398 0.285404
v 1.302082 -0.336692 0.299956
v 1.299529 -0.351171 0.285404
v 1.264149 -0.336692 0.299956
v 1.266702 -0.351171 0.285404
v 1.228504 -0.349666 0.299956
v 1.235855 -0.362398 0.285404
v 1.392338 -0.191477 0.299956
v 1.377636 -0.191477 0.285404
v 1.371936 -0.223805 0.285404
v 1.385751 -0.228834 0.299956
v 1.355522 -0.252234 0.285404
v 1.366785 -0.261684 0.299956
v 1.330376 -0.273335 0.285404
v 1.337727 -0.286067 0.299956
v 1.299529 -0.284562 0.285404
v 1.302082 -0.299041 0.299956
v 1.266702 -0.284562 0.285404
v 1.264149 -0.299041 0.299956
v 1.235855 -0.273335 0.285404
v 1.228504 -0.286067 0.299956
v 1.210708 -0.252234 0.285404
v 1.199445 -0.261684 0.299956
v 1.194294 -0.223805 0.285404
v 1.180479 -0.228834 0.299956
v 1.188594 -0.191477 0.285404
v 1.173892 -0.191477 0.299956
v 1.180479 0.107809 0.299955
v 1.199445 0.140660 0.299955
v 1.341154 0.193436 0.309686
v 1.363314 0.178346 0.309686
v 1.395138 0.149036 0.309686
v 1.410805 0.136982 0.309686
v 1.427706 0.128402 0.309686
v 1.445945 0.123247 0.309686
v 1.585923 0.451063 0.080051
v 1.585359 0.450620 0.089426
v 1.595728 0.449778 0.079907
v 1.587355 -0.908007 0.082416
v 1.591234 -0.898582 0.082658
v 1.590275 -0.830702 0.092256
v 1.592495 -0.831059 0.080467
v 1.607574 -0.823300 0.082876
v 1.614856 -0.810963 0.084658
v 1.617285 -0.793692 0.085252
v 1.617555 0.412768 0.085250
v 1.615133 0.430040 0.084656
v 1.607857 0.442376 0.082875
v 1.425860 0.123679 0.300544
v 1.392338 0.070453 0.299955
v 1.492932 -0.913537 0.275425
v 1.553621 -0.912825 0.216136
v 1.591396 0.804399 -0.124270
v 1.589477 0.804399 -0.177025
v 1.581387 0.804399 -0.210834
v 1.569848 0.804399 -0.237497
v 1.557109 0.804399 -0.268051
v 1.542522 0.804399 -0.296367
v 1.524739 0.804399 -0.322773
v 1.505636 0.804399 -0.345895
v 1.485150 0.804399 -0.368602
v 1.455233 0.804399 -0.384339
v 1.408070 0.804399 -0.388860
v -1.204567 0.804399 -0.388859
v -1.251730 0.804399 -0.384338
v -1.281647 0.804399 -0.368601
v -1.302132 0.804399 -0.345894
v -1.321236 0.804399 -0.322772
v -1.339019 0.804399 -0.296366
v -1.353606 0.804399 -0.268050
v -1.366345 0.804399 -0.237496
v -1.377884 0.804399 -0.210833
v -1.385974 0.804399 -0.177024
v -1.387892 0.804399 -0.124269
v -1.380934 0.804551 0.082554
v -1.376209 0.814103 0.115091
v -1.366276 0.817334 0.113797
v -1.362990 0.817336 0.154494
v -1.372341 0.813608 0.154641
v -1.357678 -0.908921 0.221768
v -1.289429 -0.913537 0.275426
v -1.320924 0.784857 0.249488
v -1.350957 0.788693 0.220493
v -1.375011 -0.899293 0.189122
v -1.369068 0.790243 0.189023
v 1.470406 -0.913802 0.284355
v 1.385751 -0.154121 0.299956
v 1.371936 -0.159149 0.285404
v 1.194294 -0.159149 0.285404
v 1.180479 -0.154121 0.299956
v 1.210708 -0.130720 0.285404
v 1.199445 -0.121270 0.299956
v 1.235855 -0.109620 0.285404
v 1.228504 -0.096887 0.299956
v 1.266702 -0.098392 0.285403
v 1.264149 -0.083913 0.299956
v 1.299529 -0.098392 0.285403
v 1.302081 -0.083913 0.299956
v 1.330376 -0.109620 0.285404
v 1.337727 -0.096887 0.299956
v 1.355522 -0.130720 0.285404
v 1.366785 -0.121270 0.299956
v 1.377636 0.070453 0.299955
v 1.371936 0.038125 0.299955
v 1.385751 0.033096 0.299955
v 1.355523 0.009696 0.299955
v 1.366785 0.000246 0.299955
v 1.330376 -0.011405 0.299955
v 1.337727 -0.024137 0.299955
v 1.299529 -0.022632 0.299955
v 1.302082 -0.037111 0.299955
v 1.266702 -0.022632 0.299955
v 1.264149 -0.037111 0.299955
v 1.235855 -0.011405 0.299955
v 1.228504 -0.024137 0.299955
v 1.210708 0.009696 0.299955
v 1.199445 0.000245 0.299955
v 1.194295 0.038125 0.299955
v 1.180479 0.033096 0.299955
v 1.188594 0.070453 0.299955
v 1.173892 0.070453 0.299955
v 1.194295 0.102781 0.299955
v 1.210708 0.131210 0.299955
v 1.235855 0.152310 0.299955
v 1.228504 0.165043 0.299955
v 1.266702 0.163538 0.299955
v 1.299529 0.163538 0.299955
v 1.337727 0.165043 0.299955
v 1.360168 0.174383 0.300544
v 1.391718 0.145324 0.300544
v 1.408098 0.132696 0.300544
v 1.587127 0.451171 0.039636
v 1.593508 -0.907168 -0.124106
v 1.597392 -0.897741 -0.124187
v 1.598251 -0.830971 -0.098452
v 1.612491 -0.823300 -0.098015
v 1.619903 -0.810963 -0.097788
v 1.622376 -0.793691 -0.097712
v 1.622646 0.412768 -0.097713
v 1.620180 0.430039 -0.097789
v 1.612774 0.442376 -0.098016
v 1.600427 0.449778 -0.098394
v 1.385751 0.107809 0.299955
v 1.592641 0.450807 -0.124253
v 1.593188 0.450845 -0.142967
v 1.570632 0.449663 -0.238620
v 1.570078 0.479467 -0.239695
v 1.582644 0.448534 -0.210829
v 1.551839 0.523886 -0.280202
v 1.543453 0.514285 -0.296463
v 1.527734 0.450024 -0.321820
v 1.541537 0.494311 -0.299718
v 1.541213 0.481245 -0.300005
v 1.500555 0.450000 -0.355567
v 1.438354 0.450666 -0.386080
v -1.216858 0.431489 -0.389848
v -1.227043 0.438386 -0.389569
v -1.274501 0.449777 -0.383949
v -1.286925 0.449777 -0.373085
v -1.302977 0.449777 -0.359048
v -1.310086 0.449777 -0.349099
v -1.320139 0.449777 -0.335030
v -1.326693 0.449861 -0.323353
v -1.340309 0.517629 -0.295824
v -1.348336 0.523885 -0.280201
v -1.364079 0.517790 -0.245356
v -1.366729 0.495284 -0.239190
v -1.379136 0.449710 -0.210828
v -1.385944 0.449959 -0.187841
v -1.388467 0.451140 -0.142692
v -1.379386 0.804399 0.115550
v -1.309968 -0.913280 0.263551
v -1.327593 -0.913044 0.249164
v -1.343376 0.791969 0.218459
v -1.365303 0.799947 0.189104
v -1.381401 -0.899087 0.154671
v -1.375438 0.803904 0.154668
v -1.371525 -0.908704 0.187356
v -0.161998 -0.913071 0.035901
v -0.161998 -0.805116 0.035901
v -0.117094 -0.805116 0.019558
v -0.117094 -0.913001 0.019558
v -0.080488 -0.805116 -0.011159
v -0.080488 -0.912869 -0.011159
v -0.056595 -0.805116 -0.052542
v -0.056595 -0.912694 -0.052542
v -0.048217 -0.804803 -0.099766
v -0.048217 -0.912494 -0.099766
v -0.048165 -0.804598 -0.196891
v -0.048165 -0.912083 -0.196891
v -0.051520 -0.804551 -0.220467
v -0.051520 -0.911984 -0.220467
v -0.061615 -0.804517 -0.237306
v -0.061615 -0.911913 -0.237306
v -0.078450 -0.804497 -0.247410
v -0.078450 -0.911870 -0.247410
v -0.294133 -0.804497 -0.247410
v -0.294133 -0.911878 -0.247410
v -0.310941 -0.804517 -0.237306
v -0.310941 -0.911921 -0.237306
v -0.320992 -0.804551 -0.220467
v -0.320992 -0.911992 -0.220467
v -0.324287 -0.804598 -0.196892
v -0.324287 -0.912092 -0.196892
v -0.323970 -0.804803 -0.099766
v -0.323970 -0.912503 -0.099766
v -0.315187 -0.805116 -0.052542
v -0.315187 -0.912702 -0.052542
v -0.291294 -0.805116 -0.011158
v -0.291294 -0.912877 -0.011159
v -0.254688 -0.805116 0.019558
v -0.254688 -0.913005 0.019558
v -0.209784 -0.805116 0.035901
v -0.209784 -0.913073 0.035901
v 1.371936 0.102781 0.299955
v 1.377636 0.070453 0.313971
v 1.371936 0.038125 0.313972
v 1.355523 0.009696 0.313972
v 1.330376 -0.011405 0.313972
v 1.299529 -0.022632 0.313972
v 1.266702 -0.022632 0.313972
v 1.235855 -0.011405 0.313972
v 1.210708 0.009696 0.313972
v 1.194295 0.038125 0.313972
v 1.188594 0.070453 0.313972
v 1.194295 0.102781 0.313971
v 1.210708 0.131210 0.313971
v 1.235855 0.152310 0.313971
v 1.266702 0.163538 0.313971
v 1.330376 0.152310 0.299955
v 1.299529 0.163538 0.313971
v 1.571138 -0.912405 0.153693
v 1.591780 0.451012 -0.098659
v 1.599405 0.449778 -0.143948
v 1.591606 -0.906974 -0.176495
v 1.595481 -0.897545 -0.176995
v 1.573961 -0.912269 0.135549
v 1.575630 -0.912108 0.114605
v 1.597788 -0.830892 -0.143772
v 1.618809 -0.810963 -0.146542
v 1.621274 -0.793691 -0.146866
v 1.621543 0.412768 -0.146866
v 1.619086 0.430040 -0.146542
v 1.366785 0.140660 0.299955
v 1.457196 -0.911228 -0.371466
v 1.460014 -0.907279 -0.380592
v 1.488695 -0.907065 -0.365520
v 1.482849 -0.911034 -0.357979
v 1.508717 -0.906897 -0.343337
v 1.501752 -0.910869 -0.337031
v 1.527720 -0.906780 -0.320334
v 1.520481 -0.910753 -0.314344
v 1.545158 -0.906715 -0.294412
v 1.537058 -0.910689 -0.289620
v 1.600415 0.442376 -0.191776
v 1.582031 0.440131 -0.246779
v 1.568887 0.525121 -0.287732
v 1.561579 0.523877 -0.259705
v 1.578239 0.525121 -0.267028
v 1.583211 0.469641 -0.247478
v 1.586363 0.481921 -0.248855
v 1.570202 0.494023 -0.239276
v 1.578894 0.500217 -0.243411
v 1.567582 0.517791 -0.245357
v 1.580995 0.519454 -0.252383
v 1.552867 0.500440 -0.304452
v 1.558349 0.519454 -0.302516
v 1.560003 0.502369 -0.307352
v 1.559286 0.481921 -0.308798
v 1.556133 0.469641 -0.307421
v 1.555018 0.440310 -0.306867
v 1.542052 0.449898 -0.300422
v 1.461158 -0.897856 -0.384360
v 1.438465 -0.831081 -0.389639
v 1.472688 -0.831597 -0.378190
v -1.210273 -0.907544 -0.386016
v -1.210446 -0.898130 -0.389890
v 1.413949 -0.898130 -0.389890
v 1.413776 -0.907544 -0.386017
v -1.257723 -0.831503 -0.379990
v -1.209306 -0.830654 -0.389849
v -1.205564 0.423843 -0.390157
v -1.354845 0.519454 -0.302515
v -1.349363 0.500440 -0.304450
v -1.356499 0.502369 -0.307351
v -1.337717 0.483339 -0.299981
v -1.352629 0.469641 -0.307420
v -1.355782 0.481921 -0.308796
v -1.338033 0.494310 -0.299717
v -1.374735 0.525120 -0.267027
v -1.358075 0.523876 -0.259704
v -1.365383 0.525120 -0.287731
v -1.377491 0.519454 -0.252382
v -1.383577 0.502369 -0.247408
v -1.375390 0.500216 -0.243409
v -1.382859 0.481921 -0.248854
v -1.366606 0.483155 -0.239588
v -1.379707 0.469641 -0.247477
v -1.379385 0.441762 -0.247286
v -1.367127 0.450030 -0.238618
v -1.397983 0.449777 -0.143946
v -1.389061 0.451075 -0.121980
v -1.399059 0.449584 -0.119704
v -1.382786 0.463621 0.099576
v -1.382727 0.438783 0.103955
v -1.355373 0.802714 0.189434
v -1.253693 -0.911228 -0.371465
v -1.256510 -0.907278 -0.380591
v -1.209766 -0.911473 -0.376622
v -1.350117 -0.912825 0.216137
v -1.363045 -0.912626 0.183197
v -1.375405 -0.909489 0.154616
v -1.370457 -0.912269 0.135550
v -1.341655 -0.906715 -0.294411
v -1.324217 -0.906780 -0.320333
v -1.316978 -0.910753 -0.314343
v -1.333555 -0.910689 -0.289619
v -1.305214 -0.906897 -0.343336
v -1.298249 -0.910869 -0.337030
v -1.285192 -0.907065 -0.365519
v -1.279346 -0.911034 -0.357978
v 1.413269 -0.911473 -0.376623
v 1.355522 0.131210 0.299955
v 1.371936 0.102781 0.313971
v 1.330376 0.152310 0.313971
v 1.611707 0.442376 -0.145569
v 1.583684 -0.906832 -0.209607
v 1.587397 -0.897401 -0.210808
v 1.577972 -0.911960 0.081916
v 1.611424 -0.823300 -0.145569
v 1.607233 -0.810963 -0.193914
v 1.609602 -0.793691 -0.194628
v 1.609872 0.412768 -0.194626
v 1.607510 0.430040 -0.193914
v 1.559646 -0.906702 -0.266293
v 1.551291 -0.910675 -0.261994
v 1.587886 0.449803 -0.189644
v 1.605870 0.522555 -0.279002
v 1.597228 0.522129 -0.300176
v 1.559200 0.439867 -0.300632
v 1.596058 0.485440 -0.253088
v 1.587081 0.502369 -0.247409
v 1.605930 0.517176 -0.263249
v 1.583461 0.517072 -0.313498
v 1.532041 0.442376 -0.341537
v 1.519676 0.450095 -0.333862
v 1.564427 0.430040 -0.303389
v 1.538329 0.430040 -0.345439
v 1.509927 0.449512 -0.345652
v 1.513520 0.442376 -0.367314
v 1.471955 0.450984 -0.376196
v 1.486387 0.450445 -0.368611
v 1.481722 0.442376 -0.395287
v 1.456465 0.450337 -0.384344
v 1.440426 0.442376 -0.404630
v 1.409293 0.450240 -0.389075
v 0.915092 0.442416 -0.404630
v 0.914409 0.450017 -0.390684
v 0.882915 0.439522 -0.404630
v 0.881381 0.447047 -0.390685
v 0.857521 0.431311 -0.404630
v 0.854153 0.438242 -0.390687
v 0.837675 0.417967 -0.404630
v 0.832446 0.423646 -0.390692
v 0.822745 0.399285 -0.404630
v 0.816115 0.403211 -0.390698
v 0.805105 0.369978 -0.390706
v 0.812475 0.374652 -0.404630
v 0.807058 0.343699 -0.404630
v 0.799457 0.344326 -0.390716
v 0.718852 -0.725347 -0.404629
v 0.711272 -0.725414 -0.391039
v 0.719130 -0.757086 -0.404629
v 0.711558 -0.758059 -0.391049
v 0.725241 -0.781339 -0.404629
v 0.718190 -0.784370 -0.391057
v 0.736723 -0.799441 -0.404629
v 0.731058 -0.804658 -0.391063
v 0.753820 -0.812371 -0.404629
v 0.750220 -0.819148 -0.391068
v 0.775897 -0.827918 -0.391070
v 0.777488 -0.820455 -0.404629
v 0.808199 -0.830876 -0.391071
v 0.808199 -0.823300 -0.404629
v 1.440140 -0.823300 -0.404630
v -1.257655 -0.897856 -0.384359
v -1.150449 -0.820456 -0.404627
v -1.148857 -0.827919 -0.391069
v -1.181160 -0.830877 -0.391070
v -1.181160 -0.823301 -0.404627
v -1.126781 -0.812372 -0.404627
v -1.123180 -0.819149 -0.391066
v -1.109683 -0.799442 -0.404627
v -1.104019 -0.804659 -0.391062
v -1.098202 -0.781340 -0.404627
v -1.091151 -0.784371 -0.391056
v -1.092091 -0.757087 -0.404627
v -1.084519 -0.758060 -0.391048
v -1.091813 -0.725349 -0.404627
v -1.084232 -0.725415 -0.391038
v -1.180019 0.343698 -0.404628
v -1.172417 0.344325 -0.390714
v -1.185435 0.374650 -0.404628
v -1.178065 0.376798 -0.390705
v -1.195706 0.399284 -0.404628
v -1.189076 0.403210 -0.390697
v -1.210636 0.417966 -0.404628
v -1.230482 0.431310 -0.404628
v -1.255876 0.439521 -0.404628
v -1.254387 0.446819 -0.392291
v -1.280300 0.442375 -0.395285
v -1.312099 0.442375 -0.367312
v -1.330620 0.442375 -0.341535
v -1.354405 0.442185 -0.303333
v -1.339343 0.450024 -0.300816
v -1.336907 0.430038 -0.345437
v -1.363005 0.430038 -0.303387
v -1.375436 0.442357 -0.256932
v -1.395467 0.521944 -0.300940
v -1.404114 0.522392 -0.279759
v -1.381703 0.516906 -0.314261
v -1.404173 0.517016 -0.264009
v -1.393429 0.485381 -0.253469
v -1.398993 0.442375 -0.191774
v -1.406088 0.430038 -0.193912
v -1.410285 0.442375 -0.145567
v -1.398001 0.445678 -0.100397
v -1.388359 0.447021 -0.100703
v -1.394936 0.433576 -0.079584
v -1.387693 0.434428 -0.079587
v -1.383413 0.501676 0.067643
v -1.382344 0.485625 0.086117
v -1.382367 0.339427 0.104079
v -1.380920 0.332729 0.117103
v -1.381497 -0.908156 0.115299
v -1.372127 -0.912108 0.114606
v -1.356143 -0.906702 -0.266292
v -1.347788 -0.910675 -0.261993
v 1.355522 0.131210 0.313971
v 1.572258 -0.906741 -0.236013
v 1.575857 -0.897309 -0.237481
v 1.585067 -0.826765 -0.209726
v 1.592271 -0.828219 -0.189405
v 1.595237 -0.828258 -0.176996
v 1.600133 -0.823300 -0.191775
v 1.584117 -0.911127 -0.123790
v 1.584111 -0.810963 -0.258111
v 1.586372 -0.793692 -0.259107
v 1.587287 0.319574 -0.257258
v 1.586645 0.412768 -0.259099
v 1.584327 0.430040 -0.258264
v 1.563580 -0.910713 -0.232408
v 1.574731 -0.910803 -0.206638
v 1.582247 -0.910938 -0.175230
v 1.579177 0.439166 -0.256409
v 1.568980 0.485440 -0.313031
v 1.603101 0.501426 -0.254398
v 1.621402 0.509552 -0.269998
v 1.633678 0.496694 -0.275362
v 1.635666 0.500049 -0.292001
v 1.621366 0.514939 -0.285745
v 1.576023 0.501426 -0.314341
v 1.540423 0.412768 -0.346738
v 1.566611 0.412768 -0.304542
v 1.518992 0.430040 -0.372272
v 1.441252 0.430040 -0.412031
v 1.485201 0.430040 -0.402088
v 0.916197 0.430129 -0.412032
v 0.885396 0.427359 -0.412032
v 0.862966 0.420106 -0.412032
v 0.846130 0.408786 -0.412032
v 0.833465 0.392938 -0.412032
v 0.824393 0.371179 -0.412032
v 0.819353 0.342685 -0.412032
v 0.731189 -0.725240 -0.412031
v 0.731453 -0.755502 -0.412031
v 0.736720 -0.776404 -0.412031
v 0.745945 -0.790948 -0.412031
v 0.759682 -0.801337 -0.412031
v 0.780079 -0.808304 -0.412031
v 0.808199 -0.810963 -0.412031
v 1.481438 -0.823300 -0.395287
v 1.440967 -0.810963 -0.412032
v 1.491097 -0.897634 -0.368644
v -1.287594 -0.897634 -0.368643
v -1.287361 -0.831107 -0.368642
v -1.270824 -0.831733 -0.377322
v -1.311784 -0.823301 -0.367286
v -1.280016 -0.823301 -0.395285
v -1.283499 -0.810964 -0.402087
v -1.181160 -0.810964 -0.412029
v -1.153040 -0.808305 -0.412029
v -1.132642 -0.801338 -0.412029
v -1.118906 -0.790949 -0.412029
v -1.109681 -0.776405 -0.412029
v -1.104414 -0.755504 -0.412029
v -1.104149 -0.725241 -0.412029
v -1.192314 0.342684 -0.412030
v -1.197354 0.371178 -0.412030
v -1.206425 0.392936 -0.412030
v -1.219091 0.408785 -0.412030
v -1.235927 0.420105 -0.412030
v -1.258357 0.427358 -0.412030
v -1.317570 0.430038 -0.372270
v -1.374269 0.501322 -0.315103
v -1.366351 0.485381 -0.313412
v -1.382905 0.430038 -0.258262
v -1.339001 0.412767 -0.346736
v -1.365190 0.412767 -0.304540
v -1.433430 0.498728 -0.292554
v -1.431439 0.495369 -0.275913
v -1.416633 0.510876 -0.269445
v -1.416595 0.516258 -0.285189
v -1.401347 0.501322 -0.255161
v -1.417664 0.430038 -0.146540
v -1.385223 0.412767 -0.259097
v -1.408450 0.412767 -0.194624
v -1.411134 0.442102 -0.119699
v -1.385314 0.438782 -0.041292
v -1.385197 0.463621 -0.036912
v -1.410168 0.439128 -0.100072
v -1.406835 0.429662 -0.079582
v -1.401573 0.355047 -0.022518
v -1.386044 0.357876 -0.022540
v -1.383468 0.509802 0.045320
v -1.375142 0.480927 0.080539
v -1.375609 0.438784 0.079904
v -1.375883 0.438784 0.096614
v -1.375779 0.461017 0.092702
v -1.393144 0.331877 0.114644
v -1.398656 0.319541 0.120641
v -1.380196 0.319541 0.126607
v -1.398686 0.298429 0.120679
v -1.380268 0.298474 0.126631
v -1.400221 -0.793693 0.122640
v -1.398379 -0.810964 0.120641
v -1.384285 -0.810964 0.125196
v -1.384007 -0.793693 0.127880
v -1.392862 -0.823301 0.114645
v -1.385087 -0.824149 0.115672
v -1.385718 -0.829053 0.106878
v -1.383592 -0.898900 0.137532
v -1.385370 -0.898732 0.115630
v -1.383852 -0.908007 0.082417
v -1.374468 -0.911960 0.081917
v -1.390004 -0.907168 -0.124105
v -1.380614 -0.911127 -0.123789
v -1.388102 -0.906974 -0.176494
v -1.378744 -0.910938 -0.175229
v -1.380181 -0.906832 -0.209606
v -1.371228 -0.910803 -0.206637
v -1.368755 -0.906741 -0.236012
v -1.360077 -0.910713 -0.232407
v 1.563107 -0.897269 -0.268061
v 1.575612 -0.827866 -0.237482
v 1.569667 -0.828327 -0.251743
v 1.577335 -0.823300 -0.255124
v 1.564149 -0.810963 -0.303391
v 1.566340 -0.793692 -0.304546
v 1.573169 0.314518 -0.289616
v 1.582342 0.314447 -0.268809
v 1.606002 0.316699 -0.279083
v 1.605747 0.321758 -0.263883
v 1.603047 0.341849 -0.254499
v 1.590236 0.342262 -0.249086
v 1.596058 0.352079 -0.253088
v 1.589784 0.354319 -0.250349
v 1.568980 0.352079 -0.313031
v 1.566598 0.353915 -0.304542
v 1.586632 0.354070 -0.259099
v 1.511576 -0.897464 -0.345966
v 1.530707 -0.897347 -0.322819
v 1.548508 -0.897282 -0.296395
v 1.626603 0.499460 -0.313014
v 1.612631 0.514324 -0.306920
v 1.611106 0.496548 -0.325573
v 1.598909 0.509397 -0.320249
v 1.598019 0.487495 -0.323942
v 1.591562 0.494150 -0.321123
v 1.540152 -0.793692 -0.346740
v 1.563822 0.336958 -0.309010
v 1.566205 0.320219 -0.305163
v 1.520814 0.412768 -0.373924
v 1.441526 0.412768 -0.414498
v 1.486358 0.412768 -0.404355
v 0.917744 0.412927 -0.414499
v 0.888870 0.410330 -0.414499
v 0.870589 0.404419 -0.414499
v 0.857967 0.395932 -0.414499
v 0.848472 0.384051 -0.414499
v 0.841079 0.366318 -0.414499
v 0.836566 0.341266 -0.414499
v 0.748459 -0.725088 -0.414499
v 0.748706 -0.753285 -0.414499
v 0.752791 -0.769495 -0.414499
v 0.758856 -0.779058 -0.414499
v 0.767888 -0.785889 -0.414499
v 0.783707 -0.791292 -0.414499
v 0.808199 -0.793692 -0.414499
v 1.513205 -0.823300 -0.367288
v 1.502817 -0.830938 -0.357877
v 1.484921 -0.810963 -0.402089
v 1.441244 -0.793692 -0.414500
v 1.522684 -0.830727 -0.332521
v -1.308073 -0.897464 -0.345965
v -1.300823 -0.831049 -0.357356
v -1.330721 -0.823301 -0.340961
v -1.319845 -0.830856 -0.333116
v -1.317282 -0.810964 -0.372267
v -1.181160 -0.793693 -0.414497
v -1.156667 -0.791293 -0.414497
v -1.140849 -0.785890 -0.414497
v -1.131817 -0.779059 -0.414497
v -1.125751 -0.769496 -0.414497
v -1.121667 -0.753287 -0.414497
v -1.121420 -0.725090 -0.414497
v -1.209527 0.341264 -0.414497
v -1.214039 0.366317 -0.414497
v -1.221433 0.384050 -0.414497
v -1.230928 0.395931 -0.414497
v -1.243550 0.404418 -0.414497
v -1.283779 0.430038 -0.402086
v -1.261830 0.410329 -0.414497
v -1.319392 0.412767 -0.373922
v -1.364918 -0.793693 -0.304544
v -1.364561 0.320249 -0.305520
v -1.338731 -0.793693 -0.346738
v -1.407872 0.515658 -0.306372
v -1.424354 0.498124 -0.313560
v -1.395789 0.486181 -0.324497
v -1.408863 0.495219 -0.326122
v -1.394144 0.510725 -0.319697
v -1.386784 0.495462 -0.320565
v -1.418368 0.429755 -0.119697
v -1.417697 0.411942 -0.146545
v -1.385724 0.319907 -0.257648
v -1.384950 -0.793693 -0.259105
v -1.408180 -0.793693 -0.194626
v -1.385284 0.413944 -0.036912
v -1.406435 0.331877 0.082878
v -1.394306 0.339280 0.079909
v -1.413711 0.319541 0.084658
v -1.413759 0.294827 0.084672
v -1.415864 -0.793693 0.085255
v -1.413434 -0.810964 0.084660
v -1.406152 -0.823301 0.082879
v -1.386342 -0.830703 0.098260
v -1.387731 -0.898582 0.082659
v -1.345004 -0.897282 -0.296394
v -1.327203 -0.897347 -0.322818
v 1.562863 -0.828113 -0.268061
v 1.557583 -0.823300 -0.299929
v 1.548547 -0.829197 -0.295852
v 1.538148 -0.810963 -0.345295
v 1.597360 0.317127 -0.300257
v 1.583602 0.322048 -0.313299
v 1.621428 0.329657 -0.270017
v 1.633718 0.342555 -0.275385
v 1.624580 0.352332 -0.263774
v 1.619156 0.347652 -0.261406
v 1.613363 0.359623 -0.260645
v 1.562961 0.354224 -0.310402
v 1.625096 0.487495 -0.263999
v 1.618640 0.494150 -0.261180
v 1.613363 0.478724 -0.260645
v 1.642090 0.480289 -0.279037
v 1.649687 0.442212 -0.282358
v 1.652272 0.443215 -0.299276
v 1.644114 0.483671 -0.295699
v 1.586285 0.478724 -0.320587
v 1.520539 -0.793692 -0.373930
v 1.577742 0.344441 -0.315879
v 1.576026 0.337720 -0.314339
v 1.486083 -0.793692 -0.404357
v 1.532143 -0.823300 -0.340963
v 1.518704 -0.810963 -0.372269
v -1.356161 -0.823301 -0.299927
v -1.333620 -0.830545 -0.312693
v -1.345270 -0.830282 -0.295420
v -1.336727 -0.810964 -0.345293
v -1.319117 -0.793693 -0.373928
v -1.284662 -0.793693 -0.404355
v -1.284936 0.412767 -0.404353
v -1.382781 0.478723 -0.320586
v -1.365176 0.353265 -0.304540
v -1.385210 0.353419 -0.259097
v -1.362727 -0.810964 -0.303389
v -1.371409 0.314705 -0.290382
v -1.381884 0.322188 -0.313985
v -1.395598 0.317314 -0.301022
v -1.374272 0.337828 -0.315102
v -1.361956 0.337060 -0.309724
v -1.368688 0.353080 -0.312331
v -1.361095 0.353611 -0.311116
v -1.394236 0.353116 -0.256005
v -1.448768 0.443214 -0.299274
v -1.446183 0.442211 -0.282357
v -1.438213 0.482157 -0.278873
v -1.440234 0.485538 -0.295532
v -1.422866 0.486181 -0.264555
v -1.413862 0.495462 -0.260623
v -1.409859 0.478723 -0.260643
v -1.418398 0.412185 -0.119697
v -1.401348 0.341128 -0.255158
v -1.388627 0.340374 -0.249604
v -1.388079 0.353646 -0.251133
v -1.404056 0.322002 -0.264445
v -1.404245 0.316865 -0.279841
v -1.380586 0.314613 -0.269567
v -1.405811 -0.810964 -0.193912
v -1.382689 -0.810964 -0.258108
v -1.418239 0.428508 -0.101195
v -1.417071 0.410297 -0.079641
v -1.412620 0.341092 -0.022459
v -1.397500 0.343307 -0.007221
v -1.385694 0.346816 -0.010967
v -1.382874 0.413944 0.099576
v -1.382143 0.340239 0.091571
v -1.382924 0.390261 0.084772
v -1.382866 0.340790 0.079856
v -1.395116 0.339624 0.017717
v -1.407966 0.332214 0.017737
v -1.415574 0.319700 0.017748
v -1.415619 0.296944 0.017749
v -1.417800 -0.793693 0.017753
v -1.415351 -0.810964 0.017749
v -1.408013 -0.823301 0.017738
v -1.395789 -0.830703 0.017720
v -1.394020 -0.830703 0.079910
v -1.387527 -0.831526 0.080496
v -1.393889 -0.897741 -0.124186
v -1.392293 -0.831539 -0.079494
v -1.395657 -0.831102 -0.098485
v -1.394693 -0.831205 -0.119932
v -1.359604 -0.897269 -0.268060
v 1.598934 0.329812 -0.320267
v 1.611145 0.342701 -0.325596
v 1.626759 0.340011 -0.313106
v 1.612735 0.324979 -0.306995
v 1.635821 0.339422 -0.292092
v 1.621471 0.324364 -0.285819
v 1.639760 0.399271 -0.270403
v 1.627356 0.396313 -0.266755
v 1.623351 0.376156 -0.265006
v 1.633551 0.368030 -0.267691
v 1.642895 0.442863 -0.320127
v 1.634952 0.482996 -0.316657
v 1.623351 0.463019 -0.265006
v 1.596273 0.463019 -0.324949
v 1.600279 0.442863 -0.326698
v 1.627356 0.442863 -0.266755
v 1.627034 0.442124 -0.332528
v 1.619491 0.480120 -0.329234
v 1.606473 0.471146 -0.327634
v 1.612682 0.439905 -0.330345
v 1.598018 0.351681 -0.323942
v 1.591562 0.345027 -0.321123
v 1.586285 0.359623 -0.320587
v -1.375914 -0.823301 -0.255122
v -1.359364 -0.829255 -0.268060
v -1.424505 0.341351 -0.313650
v -1.408901 0.344030 -0.326145
v -1.394171 0.328481 -0.319716
v -1.407981 0.323638 -0.306448
v -1.406938 0.347056 -0.326184
v -1.388687 0.340757 -0.320499
v -1.393788 0.356844 -0.324112
v -1.381975 0.354274 -0.319746
v -1.392397 0.464888 -0.324785
v -1.419475 0.464888 -0.264842
v -1.423852 0.442863 -0.266754
v -1.396775 0.442863 -0.326696
v -1.431078 0.484865 -0.316494
v -1.439391 0.442863 -0.320126
v -1.423530 0.442123 -0.332527
v -1.415616 0.481989 -0.329070
v -1.402598 0.473014 -0.327471
v -1.409178 0.439904 -0.330344
v -1.417387 -0.810964 -0.146540
v -1.419852 -0.793693 -0.146864
v -1.409859 0.359622 -0.260643
v -1.422450 0.353518 -0.264373
v -1.414278 0.346465 -0.260804
v -1.424776 0.351264 -0.266922
v -1.414797 0.330008 -0.267116
v -1.398711 -0.823301 -0.191772
v -1.383664 0.375889 0.067644
v -1.384750 0.340999 0.017701
v -1.384035 0.367262 0.043943
v -1.416502 0.320960 -0.003116
v -1.416541 0.297620 -0.003181
v -1.418409 -0.793693 -0.006228
v -1.415957 -0.810964 -0.006563
v -1.408611 -0.823301 -0.007567
v -1.396369 -0.830703 -0.009241
v -1.389398 -0.831625 0.017710
v -1.390226 -0.831587 -0.010081
v -1.396950 -0.830703 -0.022613
v -1.390600 -0.831616 -0.022623
v -1.398142 -0.830703 -0.079492
v -1.391978 -0.897545 -0.176994
v -1.383893 -0.897401 -0.210807
v -1.372354 -0.897309 -0.237481
v 1.652306 0.396313 -0.299292
v 1.649695 0.397052 -0.282362
v 1.642118 0.358969 -0.279054
v 1.644228 0.355832 -0.295766
v 1.639760 0.439905 -0.270403
v 1.600279 0.396313 -0.326698
v 1.596273 0.376156 -0.324949
v 1.633551 0.471146 -0.267691
v 1.642928 0.396664 -0.320143
v 1.627043 0.397140 -0.332532
v 1.612682 0.399271 -0.330345
v -1.372113 -0.829040 -0.237481
v -1.383648 -0.827942 -0.210808
v -1.366491 -0.829479 -0.250968
v -1.431477 0.343880 -0.275936
v -1.433581 0.340747 -0.292643
v -1.416703 0.323038 -0.285265
v -1.416660 0.328330 -0.269464
v -1.382781 0.359622 -0.320586
v -1.423852 0.396312 -0.266754
v -1.396775 0.396312 -0.326696
v -1.429675 0.473014 -0.267528
v -1.436256 0.439904 -0.270401
v -1.409178 0.399270 -0.330344
v -1.423539 0.397139 -0.332531
v -1.439425 0.396663 -0.320142
v -1.448802 0.396312 -0.299290
v -1.446191 0.397051 -0.282361
v -1.418284 0.405684 -0.101130
v -1.410002 -0.823301 -0.145567
v -1.417990 -0.810964 -0.119697
v -1.420463 -0.793693 -0.119696
v -1.436256 0.399270 -0.270401
v -1.429675 0.366160 -0.267528
v -1.419475 0.374287 -0.264842
v -1.417140 0.384960 -0.079638
v -1.417963 0.325057 -0.022423
v -1.409593 0.334265 -0.004666
v -1.419018 -0.793693 -0.022577
v -1.416564 -0.810964 -0.022581
v -1.409208 -0.823301 -0.022593
v -1.392108 -0.830703 -0.166819
v -1.410474 -0.823301 -0.079488
v -1.410798 -0.823301 -0.098020
v -1.410578 -0.823301 -0.119700
v -1.388911 -0.829433 -0.188819
v 1.619519 0.359138 -0.329250
v 1.635065 0.356508 -0.316724
v 1.606473 0.368030 -0.327634
v -1.395330 -0.831042 -0.143633
v -1.440351 0.353963 -0.295602
v -1.438242 0.357099 -0.278890
v -1.415645 0.357267 -0.329088
v -1.431195 0.354636 -0.316564
v -1.402598 0.366160 -0.327471
v -1.392397 0.374287 -0.324785
v -1.420679 -0.793693 -0.097711
v -1.418207 -0.810964 -0.097789
v -1.417988 0.298267 -0.022427
v -1.420346 -0.793693 -0.079485
v -1.417876 -0.810964 -0.079485
v -0.928320 0.777650 0.267474
v -0.928318 0.766699 0.263863
v -1.115954 0.766699 0.263737
v -1.115957 0.777687 0.267359
v -1.125352 0.767680 0.260755
v -1.125354 0.778633 0.264366
v -1.128481 0.781467 0.255401
v -1.128479 0.770623 0.251826
v -1.128442 0.788766 0.196789
v -1.128444 0.798939 0.200143
v -1.125305 0.801773 0.191182
v -1.125303 0.791709 0.187864
v -1.115901 0.792690 0.184895
v -1.115903 0.802715 0.188200
v -0.928264 0.792690 0.185022
v -0.928267 0.802679 0.188315
v -0.918867 0.791709 0.188004
v -0.915740 0.788766 0.196933
v -0.915777 0.770622 0.251969
v -0.915779 0.781426 0.255531
v -0.918916 0.767680 0.260894
v -0.918918 0.778593 0.264492
v -1.375961 0.495388 0.063919
v -1.376328 0.502605 0.043981
v -1.384179 0.510303 0.018721
v -1.377349 0.503050 0.019925
v -1.384593 0.501676 -0.004980
v -1.377817 0.495317 -0.001311
v -1.384946 0.485464 -0.024301
v -1.378239 0.480744 -0.018677
v -1.378465 0.461109 -0.030013
v -1.378570 0.438782 -0.033950
v -1.378543 0.416455 -0.030013
v -1.385111 0.392101 -0.024301
v -1.378387 0.396821 -0.018677
v -1.384814 0.375889 -0.004980
v -1.378120 0.382248 -0.001310
v -1.384431 0.367262 0.018721
v -1.377775 0.374493 0.019995
v -1.377195 0.374493 0.042666
v -1.376653 0.382234 0.063969
v -1.376093 0.395058 0.079245
v -1.376195 0.416584 0.092699
v 1.235855 -0.705963 0.285405
v 1.266702 -0.705963 0.285405
v 1.299529 -0.444256 0.285404
v 1.266702 -0.444256 0.285404
v 1.235855 -0.191477 0.285404
v 1.210708 -0.191477 0.285404
v 1.210708 0.070453 0.313972
v 1.299529 -0.705963 0.285405
v 1.330376 -0.705963 0.285405
v 1.355522 -0.705963 0.285405
v 1.210708 -0.705963 0.285405
v 1.210708 -0.444256 0.285404
v 1.235855 -0.444256 0.285404
v 1.355523 -0.444256 0.285404
v 1.330376 -0.444256 0.285404
v 1.299529 -0.191477 0.285404
v 1.266702 -0.191477 0.285404
v 1.355522 -0.191477 0.285404
v 1.330376 -0.191477 0.285404
v 1.266702 0.070453 0.313972
v 1.235855 0.070453 0.313972
v 1.330376 0.070453 0.313972
v 1.299529 0.070453 0.313972
v 1.355522 0.070453 0.313972
v -1.376307 0.438783 0.063944
v -1.377562 0.438783 0.019960
v -1.376760 0.438783 0.043326
v -1.378313 0.438782 -0.018677
v -1.377969 0.438783 -0.001310
v 1.079682 -0.874935 0.299700
v 1.064848 -0.877054 0.299691
v 1.090277 -0.868577 0.299727
v 1.096635 0.683211 0.300528
v 1.098754 0.668378 0.300533
v 1.090277 0.693807 0.300521
v -1.289505 0.700691 0.287380
v -1.264193 0.702284 0.297414
v -1.303789 0.693807 0.279137
v -1.310147 -0.857982 0.278693
v -1.312266 -0.843148 0.277439
v -1.303789 -0.868577 0.282383
v -1.241405 -0.877054 0.299592
v -1.269759 -0.877054 0.297442
v 1.098754 -0.843148 0.299834
v 1.064848 0.702284 0.300495
v -1.235909 0.702284 0.299584
v -1.312266 0.668378 0.274212
v -1.293194 -0.874935 0.288176
v 1.096635 -0.857982 0.299771
v 1.079682 0.700164 0.300508
v -1.310147 0.683211 0.275485
v 1.064848 0.702284 0.270744
v -1.278360 0.702284 0.270744
v -1.293194 0.700164 0.270744
v -1.303789 0.693807 0.270744
v -1.310147 0.683211 0.270744
v -1.312266 0.668378 0.270744
v -1.312266 -0.843148 0.270744
v -1.310147 -0.857982 0.270744
v -1.303789 -0.868577 0.270744
v -1.293194 -0.874935 0.270744
v -1.278360 -0.877054 0.270744
v 1.064848 -0.877054 0.270744
v 1.079682 -0.874935 0.270744
v 1.090277 -0.868577 0.270744
v 1.096635 -0.857982 0.270744
v 1.098754 -0.843148 0.270744
v 1.098754 0.668378 0.270744
v 1.096635 0.683211 0.270744
v 1.090277 0.693807 0.270744
v 1.079682 0.700164 0.270744
v -1.244356 -0.877054 0.270744
v -1.236557 0.702284 0.270744
vt 0.586609 0.272324
vt 0.586641 0.263214
vt 0.589638 0.262676
vt 0.589847 0.272878
vt 0.589916 0.274287
vt 0.586642 0.273733
vt 0.582935 0.272055
vt 0.582966 0.263176
vt 0.647562 0.111806
vt 0.647490 0.115542
vt 0.642489 0.115568
vt 0.644850 0.112092
vt 0.591953 0.261298
vt 0.592650 0.273579
vt 0.592385 0.274988
vt 0.582857 0.273228
vt 0.578828 0.272055
vt 0.578859 0.263131
vt 0.649309 0.103668
vt 0.649878 0.107345
vt 0.647200 0.108260
vt 0.649694 0.111857
vt 0.649645 0.115546
vt 0.647547 0.119292
vt 0.641188 0.117412
vt 0.710834 0.034287
vt 0.712989 0.124968
vt 0.710974 0.279026
vt 0.014477 0.563095
vt 0.012762 0.566051
vt 0.011866 0.565122
vt 0.013547 0.561847
vt 0.016553 0.560559
vt 0.015794 0.559377
vt 0.578826 0.273228
vt 0.724451 0.521992
vt 0.726420 0.525758
vt 0.707309 0.534029
vt 0.607298 0.573567
vt 0.606138 0.569231
vt 0.732853 0.516625
vt 0.735967 0.519776
vt 0.649686 0.119245
vt 0.737472 0.510283
vt 0.741590 0.511988
vt 0.640259 0.119440
vt 0.647696 0.123845
vt 0.639377 0.124094
vt 0.716135 0.035660
vt 0.710470 0.032868
vt 0.716042 0.034296
vt 0.700854 0.278963
vt 0.700853 0.030880
vt 0.651134 0.213818
vt 0.641503 0.214305
vt 0.651280 0.217318
vt 0.642432 0.217817
vt 0.651444 0.220175
vt 0.644798 0.220628
vt 0.651681 0.223017
vt 0.645775 0.221310
vt 0.590697 0.030879
vt 0.593504 0.030917
vt 0.592981 0.179522
vt 0.590179 0.178457
vt 0.715610 0.280430
vt 0.710628 0.280396
vt 0.716026 0.279061
vt 0.020894 0.556197
vt 0.021340 0.557298
vt 0.011468 0.569285
vt 0.010393 0.568908
vt 0.190396 0.273228
vt 0.190394 0.272055
vt 0.491716 0.885905
vt 0.491211 0.882914
vt 0.495648 0.881407
vt 0.497099 0.884047
vt 0.499293 0.878559
vt 0.501523 0.880533
vt 0.501704 0.874701
vt 0.504455 0.875759
vt 0.502562 0.870295
vt 0.505505 0.870280
vt 0.501704 0.865883
vt 0.504451 0.864800
vt 0.596702 0.575484
vt 0.596834 0.570934
vt 0.722536 0.518400
vt 0.605062 0.565404
vt 0.729888 0.513653
vt 0.649836 0.123766
vt 0.743234 0.502344
vt 0.738735 0.502398
vt 0.733451 0.508663
vt 0.700870 0.280478
vt 0.700849 0.029466
vt 0.653279 0.213737
vt 0.653418 0.217211
vt 0.653591 0.220025
vt 0.653804 0.222830
vt 0.648979 0.224945
vt 0.652013 0.226478
vt 0.587456 0.030838
vt 0.588779 0.178258
vt 0.590386 0.029515
vt 0.593119 0.029552
vt 0.025005 0.915487
vt 0.023703 0.915033
vt 0.030353 0.554449
vt 0.011179 0.572998
vt 0.009878 0.572941
vt 0.011179 0.961453
vt 0.009878 0.961511
vt 0.186365 0.273228
vt 0.186287 0.272055
vt 0.185557 0.029434
vt 0.189583 0.029388
vt 0.189554 0.030748
vt 0.185437 0.030795
vt 0.579668 0.030748
vt 0.579639 0.029388
vt 0.572022 0.059059
vt 0.572022 0.097062
vt 0.571065 0.091637
vt 0.571065 0.064483
vt 0.472156 0.870280
vt 0.475101 0.870282
vt 0.475979 0.874687
vt 0.473229 0.875758
vt 0.478408 0.878540
vt 0.476182 0.880524
vt 0.482069 0.881379
vt 0.480625 0.884027
vt 0.486502 0.882904
vt 0.486005 0.885898
vt 0.499291 0.862016
vt 0.501515 0.860021
vt 0.526685 0.404484
vt 0.530002 0.407489
vt 0.526048 0.413375
vt 0.521889 0.411798
vt 0.520504 0.420621
vt 0.525046 0.420531
vt 0.523061 0.431106
vt 0.527124 0.429953
vt 0.578876 0.557054
vt 0.575141 0.559092
vt 0.584002 0.565244
vt 0.580693 0.568401
vt 0.589799 0.569627
vt 0.587969 0.573739
vt 0.596904 0.566996
vt 0.720243 0.514099
vt 0.603720 0.560859
vt 0.726233 0.510083
vt 0.740403 0.491161
vt 0.736483 0.492287
vt 0.734501 0.502441
vt 0.728495 0.506807
vt 0.030332 0.553090
vt 0.698357 0.278936
vt 0.698343 0.030807
vt 0.666167 0.319881
vt 0.669561 0.317899
vt 0.662121 0.313998
vt 0.664981 0.311092
vt 0.657954 0.310964
vt 0.659529 0.307290
vt 0.654136 0.226265
vt 0.653048 0.305992
vt 0.652921 0.310052
vt 0.652380 0.230027
vt 0.650180 0.226654
vt 0.585970 0.178261
vt 0.582876 0.178446
vt 0.583785 0.030795
vt 0.587221 0.029476
vt 0.011468 0.965167
vt 0.010393 0.965544
vt 0.182001 0.029476
vt 0.181766 0.030838
vt 0.182580 0.273733
vt 0.182613 0.272324
vt 0.583665 0.029434
vt 0.473187 0.864795
vt 0.475938 0.865866
vt 0.476139 0.860022
vt 0.478370 0.862008
vt 0.480584 0.856508
vt 0.482034 0.859159
vt 0.485969 0.854623
vt 0.486474 0.857622
vt 0.491692 0.854630
vt 0.491196 0.857630
vt 0.497083 0.856498
vt 0.495642 0.859153
vt 0.518319 0.874924
vt 0.521070 0.873861
vt 0.523488 0.877716
vt 0.521259 0.879694
vt 0.527138 0.880559
vt 0.525691 0.883202
vt 0.531579 0.882058
vt 0.531079 0.885051
vt 0.536286 0.882072
vt 0.536789 0.885063
vt 0.540723 0.880569
vt 0.542172 0.883209
vt 0.544369 0.877723
vt 0.546598 0.879697
vt 0.546781 0.873865
vt 0.549533 0.874925
vt 0.547640 0.869458
vt 0.550585 0.869445
vt 0.546784 0.865045
vt 0.549533 0.863962
vt 0.560701 0.190063
vt 0.553407 0.187424
vt 0.558915 0.187424
vt 0.564270 0.188994
vt 0.535152 0.398190
vt 0.537729 0.401789
vt 0.529800 0.414754
vt 0.532869 0.410142
vt 0.528982 0.420416
vt 0.530822 0.428971
vt 0.582203 0.555165
vt 0.586880 0.562541
vt 0.591461 0.565969
vt 0.596963 0.562227
vt 0.732580 0.493311
vt 0.729458 0.502480
vt 0.698267 0.280308
vt 0.698248 0.029394
vt 0.695155 0.030807
vt 0.697068 0.087858
vt 0.696684 0.085342
vt 0.662855 0.321852
vt 0.659331 0.316709
vt 0.656402 0.314535
vt 0.654438 0.233775
vt 0.645001 0.307347
vt 0.645999 0.311267
vt 0.652868 0.313895
vt 0.579499 0.178787
vt 0.012762 0.968401
vt 0.011866 0.969330
vt 0.178836 0.029515
vt 0.178525 0.030879
vt 0.179306 0.274287
vt 0.179375 0.272878
vt 0.176572 0.273579
vt 0.179276 0.258631
vt 0.517261 0.869445
vt 0.520205 0.869455
vt 0.544372 0.861174
vt 0.546598 0.859179
vt 0.583337 0.365620
vt 0.585952 0.369002
vt 0.540009 0.405031
vt 0.534491 0.416316
vt 0.536366 0.413433
vt 0.533730 0.420231
vt 0.535395 0.427893
vt 0.586229 0.552734
vt 0.590368 0.559323
vt 0.593632 0.561546
vt 0.727736 0.494429
vt 0.658852 0.324342
vt 0.542712 0.408981
vt 0.588336 0.372086
vt 0.591226 0.375820
vt 0.597176 0.364340
vt 0.600766 0.367505
vt 0.607723 0.357038
vt 0.603716 0.354698
vt 0.615648 0.341282
vt 0.611595 0.339238
vt 0.615336 0.333224
vt 0.618944 0.335907
vt 0.619795 0.328191
vt 0.622868 0.331505
vt 0.625159 0.324072
vt 0.627574 0.327916
vt 0.632034 0.320556
vt 0.634057 0.324686
vt 0.647000 0.315041
vt 0.648239 0.319549
vt 0.654276 0.319118
vt 0.695088 0.029394
vt 0.690348 0.030785
vt 0.695340 0.083444
vt 0.693542 0.082460
vt 0.695118 0.280284
vt 0.695166 0.278911
vt 0.760017 0.372809
vt 0.759460 0.374321
vt 0.758746 0.373528
vt 0.758754 0.376800
vt 0.756529 0.375774
vt 0.758237 0.379893
vt 0.755027 0.379305
vt 0.750297 0.576160
vt 0.746763 0.576726
vt 0.750654 0.578938
vt 0.747779 0.579982
vt 0.751121 0.581249
vt 0.749642 0.582379
vt 0.751820 0.583932
vt 0.032926 0.552781
vt 0.033187 0.554320
vt 0.630325 0.317093
vt 0.628686 0.312377
vt 0.070279 0.500393
vt 0.069293 0.501339
vt 0.067068 0.498612
vt 0.068195 0.497840
vt 0.036077 0.552528
vt 0.036277 0.553923
vt 0.040832 0.552219
vt 0.040931 0.553595
vt 0.070872 0.551297
vt 0.070944 0.552704
vt 0.078448 0.551574
vt 0.078257 0.552977
vt 0.083274 0.552729
vt 0.082827 0.554071
vt 0.087110 0.554390
vt 0.086551 0.555682
vt 0.091555 0.556243
vt 0.091013 0.557543
vt 0.095609 0.558333
vt 0.094891 0.559548
vt 0.099422 0.560902
vt 0.098635 0.562070
vt 0.102745 0.563650
vt 0.101847 0.564736
vt 0.104834 0.567433
vt 0.105965 0.566556
vt 0.106792 0.571156
vt 0.108168 0.570746
vt 0.108817 0.577506
vt 0.107414 0.577641
vt 0.051431 0.720219
vt 0.051431 0.723796
vt 0.047120 0.724556
vt 0.045896 0.721194
vt 0.043328 0.726745
vt 0.041029 0.724005
vt 0.040514 0.730099
vt 0.037416 0.728310
vt 0.039017 0.734213
vt 0.035494 0.733591
vt 0.039017 0.738590
vt 0.035494 0.739212
vt 0.040514 0.742704
vt 0.037416 0.744493
vt 0.043328 0.746058
vt 0.041029 0.748798
vt 0.047120 0.748247
vt 0.045896 0.751608
vt 0.051431 0.749007
vt 0.051431 0.752584
vt 0.051431 0.804870
vt 0.051431 0.808447
vt 0.047120 0.809207
vt 0.045896 0.805846
vt 0.043328 0.811396
vt 0.041029 0.808656
vt 0.040514 0.814750
vt 0.037416 0.812961
vt 0.039017 0.818864
vt 0.035494 0.818243
vt 0.039017 0.823242
vt 0.035494 0.823863
vt 0.040514 0.827355
vt 0.037416 0.829144
vt 0.043328 0.830709
vt 0.041029 0.833449
vt 0.047120 0.832898
vt 0.045896 0.836260
vt 0.051431 0.833658
vt 0.051431 0.837236
vt 0.055742 0.832898
vt 0.056966 0.836260
vt 0.059534 0.830709
vt 0.061833 0.833449
vt 0.062348 0.827355
vt 0.065446 0.829144
vt 0.063845 0.823242
vt 0.067368 0.823863
vt 0.063845 0.818864
vt 0.067368 0.818243
vt 0.062348 0.814750
vt 0.065446 0.812961
vt 0.059534 0.811396
vt 0.061833 0.808656
vt 0.055742 0.809207
vt 0.056966 0.805846
vt 0.055742 0.748247
vt 0.056966 0.751608
vt 0.059534 0.746058
vt 0.061833 0.748798
vt 0.062348 0.742704
vt 0.065446 0.744493
vt 0.063845 0.738590
vt 0.067368 0.739212
vt 0.063845 0.734213
vt 0.067368 0.733591
vt 0.062348 0.730099
vt 0.065446 0.728310
vt 0.059534 0.726745
vt 0.061833 0.724005
vt 0.055742 0.724556
vt 0.056966 0.721194
vt 0.108817 0.956945
vt 0.107414 0.956811
vt 0.108168 0.963706
vt 0.106792 0.963296
vt 0.105965 0.967896
vt 0.104834 0.967019
vt 0.102745 0.970802
vt 0.101847 0.969716
vt 0.099422 0.973550
vt 0.098635 0.972382
vt 0.095609 0.976119
vt 0.094891 0.974904
vt 0.091555 0.978209
vt 0.091013 0.976909
vt 0.087110 0.980062
vt 0.086551 0.978770
vt 0.083274 0.981723
vt 0.082827 0.980381
vt 0.078448 0.982878
vt 0.078257 0.981475
vt 0.070872 0.983155
vt 0.070944 0.981748
vt 0.040832 0.982233
vt 0.040931 0.980857
vt 0.176103 0.029552
vt 0.175718 0.030917
vt 0.063532 0.098721
vt 0.063839 0.094704
vt 0.065180 0.095010
vt 0.064888 0.098820
vt 0.014476 0.971357
vt 0.013547 0.972605
vt 0.176837 0.274988
vt 0.253221 0.079507
vt 0.253185 0.074440
vt 0.497330 0.074331
vt 0.498507 0.079647
vt 0.063532 0.487889
vt 0.064888 0.487791
vt 0.518306 0.863961
vt 0.521056 0.865041
vt 0.521236 0.859176
vt 0.523463 0.861167
vt 0.525661 0.855645
vt 0.527108 0.858297
vt 0.531049 0.853766
vt 0.531551 0.856765
vt 0.536774 0.853778
vt 0.536275 0.856779
vt 0.542166 0.855652
vt 0.540722 0.858307
vt 0.506844 0.643723
vt 0.503258 0.643723
vt 0.502190 0.638340
vt 0.505538 0.637035
vt 0.499230 0.633650
vt 0.501939 0.631231
vt 0.494803 0.630162
vt 0.496559 0.626938
vt 0.489406 0.628308
vt 0.490009 0.624663
vt 0.483673 0.628300
vt 0.483055 0.624658
vt 0.478270 0.630139
vt 0.476501 0.626925
vt 0.473833 0.633613
vt 0.471113 0.631210
vt 0.470899 0.638317
vt 0.467544 0.637029
vt 0.469857 0.643723
vt 0.466269 0.643723
vt 0.541257 0.177229
vt 0.544011 0.182000
vt 0.536969 0.193506
vt 0.591082 0.358916
vt 0.594216 0.361716
vt 0.600425 0.352747
vt 0.608287 0.337514
vt 0.612369 0.330990
vt 0.617233 0.325453
vt 0.623119 0.320905
vt 0.690319 0.029388
vt 0.689984 0.082280
vt 0.691349 0.082344
vt 0.756541 0.583557
vt 0.754444 0.584756
vt 0.690328 0.280262
vt 0.690363 0.278890
vt 0.691762 0.269001
vt 0.694196 0.268535
vt 0.765385 0.371862
vt 0.765454 0.374843
vt 0.763130 0.371962
vt 0.765309 0.377332
vt 0.765154 0.380342
vt 0.756801 0.576089
vt 0.756694 0.578905
vt 0.756607 0.581217
vt 0.620289 0.317453
vt 0.614371 0.322438
vt 0.576889 0.179534
vt 0.572022 0.171805
vt 0.065244 0.495454
vt 0.066474 0.494864
vt 0.075064 0.503657
vt 0.074248 0.504752
vt 0.660219 0.030807
vt 0.660195 0.029394
vt 0.652534 0.030807
vt 0.652597 0.029394
vt 0.647609 0.030807
vt 0.647757 0.029394
vt 0.643725 0.030807
vt 0.643911 0.029394
vt 0.639274 0.030807
vt 0.639454 0.029394
vt 0.635149 0.030807
vt 0.635388 0.029394
vt 0.631302 0.030807
vt 0.631564 0.029394
vt 0.628074 0.030808
vt 0.628215 0.029454
vt 0.624486 0.030806
vt 0.624420 0.029512
vt 0.123470 0.587460
vt 0.122064 0.587595
vt 0.122064 0.583414
vt 0.123470 0.583124
vt 0.123470 0.594297
vt 0.122064 0.594341
vt 0.123470 0.973004
vt 0.122064 0.972960
vt 0.122064 0.979706
vt 0.123470 0.979840
vt 0.122064 0.983887
vt 0.123470 0.984177
vt 0.502192 0.162656
vt 0.503552 0.162515
vt 0.503494 0.166331
vt 0.502201 0.166262
vt 0.503610 0.159159
vt 0.502192 0.159421
vt 0.503610 0.155323
vt 0.502192 0.155563
vt 0.503610 0.151245
vt 0.502192 0.151425
vt 0.503610 0.146774
vt 0.502192 0.146961
vt 0.503610 0.142916
vt 0.502192 0.143065
vt 0.503610 0.138061
vt 0.502192 0.138125
vt 0.503610 0.130441
vt 0.502192 0.130417
vt 0.502214 0.100196
vt 0.503615 0.100225
vt 0.036077 0.981923
vt 0.036265 0.980481
vt 0.030353 0.980003
vt 0.030332 0.981362
vt 0.251847 0.079855
vt 0.251812 0.074858
vt 0.065244 0.091156
vt 0.066474 0.091747
vt 0.016553 0.973893
vt 0.015794 0.975075
vt 0.499949 0.079909
vt 0.498699 0.074436
vt 0.253253 0.084625
vt 0.500124 0.084639
vt 0.065180 0.491600
vt 0.063839 0.491907
vt 0.572022 0.133769
vt 0.505587 0.650388
vt 0.502236 0.649081
vt 0.470905 0.649065
vt 0.467556 0.650387
vt 0.473847 0.653779
vt 0.471137 0.656210
vt 0.478296 0.657267
vt 0.476539 0.660503
vt 0.483714 0.659124
vt 0.483109 0.662781
vt 0.489466 0.659135
vt 0.490082 0.662789
vt 0.494888 0.657301
vt 0.496654 0.660526
vt 0.499317 0.653801
vt 0.502033 0.656219
vt 0.569887 0.171805
vt 0.569059 0.167110
vt 0.571065 0.166380
vt 0.566676 0.162982
vt 0.568311 0.161610
vt 0.563024 0.159918
vt 0.564091 0.158069
vt 0.558544 0.158287
vt 0.558915 0.156185
vt 0.553777 0.158287
vt 0.553407 0.156185
vt 0.549298 0.159918
vt 0.548231 0.158069
vt 0.545646 0.162982
vt 0.544011 0.161610
vt 0.543263 0.167110
vt 0.541257 0.166380
vt 0.542435 0.171805
vt 0.540300 0.171805
vt 0.543263 0.176499
vt 0.545646 0.180627
vt 0.549298 0.183691
vt 0.548231 0.185540
vt 0.553777 0.185322
vt 0.558544 0.185322
vt 0.564091 0.185540
vt 0.596841 0.350589
vt 0.604650 0.335517
vt 0.609056 0.328490
vt 0.684096 0.082264
vt 0.756100 0.585155
vt 0.762915 0.585900
vt 0.660243 0.280140
vt 0.660231 0.278767
vt 0.663980 0.269040
vt 0.690044 0.269053
vt 0.796662 0.372081
vt 0.796482 0.374894
vt 0.796354 0.377390
vt 0.796251 0.380382
vt 0.786418 0.579114
vt 0.786197 0.581972
vt 0.786047 0.584346
vt 0.785926 0.586737
vt 0.571065 0.177229
vt 0.571932 0.182677
vt 0.660222 0.082317
vt 0.657495 0.082312
vt 0.643561 0.082484
vt 0.643405 0.078142
vt 0.647610 0.082648
vt 0.637504 0.071671
vt 0.635135 0.073070
vt 0.631441 0.082431
vt 0.634661 0.075980
vt 0.634619 0.077883
vt 0.626525 0.082436
vt 0.174745 0.589907
vt 0.177524 0.974786
vt 0.176525 0.976262
vt 0.174874 0.983141
vt 0.174874 0.984942
vt 0.450367 0.164722
vt 0.450376 0.163268
vt 0.450376 0.161212
vt 0.450388 0.159506
vt 0.460290 0.155484
vt 0.461204 0.153201
vt 0.460314 0.148109
vt 0.457025 0.147209
vt 0.450366 0.143064
vt 0.450402 0.139706
vt 0.450575 0.133108
vt 0.502192 0.095375
vt 0.503610 0.095442
vt 0.067068 0.087999
vt 0.068195 0.088771
vt 0.069293 0.085272
vt 0.070279 0.086217
vt 0.021061 0.977154
vt 0.020765 0.978255
vt 0.501542 0.084627
vt 0.253283 0.089658
vt 0.502120 0.089659
vt 0.251878 0.084883
vt 0.333944 0.187148
vt 0.333944 0.203076
vt 0.327319 0.203076
vt 0.327319 0.187158
vt 0.321918 0.203076
vt 0.321918 0.187178
vt 0.315812 0.203076
vt 0.315812 0.187203
vt 0.308844 0.203122
vt 0.308844 0.187233
vt 0.294514 0.203153
vt 0.294514 0.187294
vt 0.291035 0.203160
vt 0.291035 0.187308
vt 0.288550 0.203165
vt 0.288550 0.187319
vt 0.286067 0.203167
vt 0.286067 0.187325
vt 0.254243 0.203167
vt 0.254243 0.187324
vt 0.251764 0.203165
vt 0.251764 0.187318
vt 0.386389 0.187318
vt 0.386389 0.203165
vt 0.383904 0.203160
vt 0.383904 0.187307
vt 0.380426 0.203153
vt 0.380426 0.187292
vt 0.366095 0.203122
vt 0.366095 0.187232
vt 0.359128 0.203076
vt 0.359128 0.187202
vt 0.353022 0.203076
vt 0.353022 0.187177
vt 0.347620 0.203076
vt 0.347620 0.187157
vt 0.340995 0.203076
vt 0.340995 0.187148
vt 0.569059 0.176499
vt 0.660430 0.163444
vt 0.663215 0.163444
vt 0.663215 0.169868
vt 0.660430 0.169868
vt 0.663215 0.175517
vt 0.660430 0.175517
vt 0.663215 0.180514
vt 0.660430 0.180514
vt 0.663215 0.186643
vt 0.660430 0.186643
vt 0.663215 0.193167
vt 0.660430 0.193167
vt 0.663215 0.199296
vt 0.660430 0.199296
vt 0.663215 0.204293
vt 0.660430 0.204293
vt 0.660430 0.098449
vt 0.663215 0.098449
vt 0.663215 0.104098
vt 0.660430 0.104098
vt 0.663215 0.110522
vt 0.660430 0.110522
vt 0.663215 0.116945
vt 0.660430 0.116945
vt 0.663215 0.122595
vt 0.660430 0.122595
vt 0.663215 0.127592
vt 0.660430 0.127592
vt 0.663215 0.133721
vt 0.660430 0.133721
vt 0.563024 0.183691
vt 0.663215 0.140244
vt 0.660430 0.140244
vt 0.567350 0.186897
vt 0.083953 0.507564
vt 0.084111 0.506195
vt 0.663950 0.082287
vt 0.793536 0.587142
vt 0.790205 0.588202
vt 0.652611 0.280112
vt 0.652538 0.278738
vt 0.086740 0.506604
vt 0.089774 0.506845
vt 0.089674 0.508203
vt 0.086542 0.507950
vt 0.657378 0.269029
vt 0.804547 0.377854
vt 0.804441 0.380764
vt 0.794405 0.579675
vt 0.794086 0.582472
vt 0.568311 0.182000
vt 0.160198 0.489686
vt 0.161520 0.490095
vt 0.159336 0.494250
vt 0.158244 0.493403
vt 0.156122 0.497151
vt 0.155209 0.496142
vt 0.152789 0.499904
vt 0.151922 0.498855
vt 0.149034 0.502431
vt 0.148339 0.501257
vt 0.810075 0.590845
vt 0.804979 0.589135
vt 0.801448 0.586103
vt 0.811460 0.588174
vt 0.588628 0.209501
vt 0.591807 0.208908
vt 0.591994 0.213213
vt 0.588750 0.213033
vt 0.589438 0.223449
vt 0.586124 0.224283
vt 0.586253 0.221886
vt 0.590332 0.220858
vt 0.588957 0.219244
vt 0.591584 0.216413
vt 0.589004 0.215597
vt 0.588036 0.203253
vt 0.590964 0.205045
vt 0.588458 0.206529
vt 0.586906 0.204087
vt 0.589747 0.201366
vt 0.585345 0.200689
vt 0.585029 0.198290
vt 0.588801 0.199073
vt 0.583061 0.193079
vt 0.586302 0.193673
vt 0.370216 0.586601
vt 0.360537 0.589891
vt 0.360611 0.584930
vt 0.371620 0.973831
vt 0.370255 0.973856
vt 0.370256 0.593445
vt 0.371620 0.593470
vt 0.360598 0.980709
vt 0.360475 0.973691
vt 0.178633 0.973149
vt 0.541162 0.231701
vt 0.538539 0.230723
vt 0.541647 0.228398
vt 0.542765 0.229242
vt 0.540722 0.224613
vt 0.544654 0.223466
vt 0.544337 0.225867
vt 0.539974 0.226525
vt 0.540956 0.238291
vt 0.537719 0.238503
vt 0.537841 0.234205
vt 0.541036 0.234733
vt 0.540719 0.240861
vt 0.538152 0.241687
vt 0.542191 0.243648
vt 0.540771 0.244511
vt 0.539345 0.245896
vt 0.543484 0.247144
vt 0.540051 0.248054
vt 0.543612 0.249556
vt 0.545235 0.254581
vt 0.542040 0.254007
vt 0.877147 0.671627
vt 0.879749 0.660747
vt 0.879672 0.665189
vt 0.878803 0.652524
vt 0.880572 0.652392
vt 0.880403 0.648414
vt 0.878513 0.648215
vt 0.452398 0.097709
vt 0.448769 0.097069
vt 0.503538 0.089663
vt 0.025325 0.980339
vt 0.025277 0.978897
vt 0.160198 0.096924
vt 0.161520 0.096516
vt 0.162306 0.103215
vt 0.160945 0.103288
vt 0.074248 0.081858
vt 0.075064 0.082954
vt 0.079837 0.081081
vt 0.083977 0.079290
vt 0.086740 0.080007
vt 0.149034 0.084180
vt 0.152789 0.086706
vt 0.151922 0.087755
vt 0.148340 0.085354
vt 0.156122 0.089460
vt 0.155209 0.090469
vt 0.159336 0.092360
vt 0.158244 0.093207
vt 0.251764 0.089667
vt 0.160945 0.483322
vt 0.162306 0.483395
vt 0.566676 0.180627
vt 0.660430 0.157020
vt 0.663215 0.157020
vt 0.663215 0.146374
vt 0.660430 0.146374
vt 0.793812 0.584788
vt 0.647788 0.280091
vt 0.647613 0.278717
vt 0.094510 0.507185
vt 0.094438 0.508544
vt 0.804739 0.372676
vt 0.804637 0.375408
vt 0.812732 0.378013
vt 0.812640 0.380964
vt 0.802480 0.580656
vt 0.801936 0.583677
vt 0.144960 0.504530
vt 0.144337 0.503319
vt 0.801210 0.588592
vt 0.584586 0.212851
vt 0.584346 0.210102
vt 0.681419 0.098460
vt 0.681666 0.103885
vt 0.680028 0.098449
vt 0.681770 0.106242
vt 0.669616 0.106819
vt 0.669512 0.104462
vt 0.584617 0.220552
vt 0.587539 0.218385
vt 0.585035 0.214891
vt 0.584665 0.207664
vt 0.832738 0.591818
vt 0.832876 0.595072
vt 0.829826 0.594996
vt 0.824421 0.590966
vt 0.822897 0.590600
vt 0.823209 0.588408
vt 0.832694 0.589128
vt 0.838885 0.595070
vt 0.836074 0.595088
vt 0.838656 0.591461
vt 0.846051 0.595112
vt 0.842783 0.594933
vt 0.846074 0.590956
vt 0.853117 0.595302
vt 0.849549 0.594834
vt 0.853398 0.591640
vt 0.858666 0.595224
vt 0.948910 0.597326
vt 0.948971 0.600344
vt 0.955008 0.597068
vt 0.955484 0.600151
vt 0.959922 0.595802
vt 0.961148 0.598748
vt 0.963954 0.593522
vt 0.965949 0.596077
vt 0.967169 0.589996
vt 0.969990 0.591971
vt 0.973211 0.584853
vt 0.969651 0.585115
vt 0.971211 0.578571
vt 0.974526 0.579063
vt 0.988208 0.397166
vt 0.991406 0.397135
vt 0.987949 0.390958
vt 0.991015 0.390403
vt 0.986663 0.386444
vt 0.989397 0.385126
vt 0.984540 0.383130
vt 0.986711 0.381128
vt 0.981435 0.380738
vt 0.982949 0.378145
vt 0.977857 0.376186
vt 0.977100 0.379088
vt 0.971537 0.375475
vt 0.971375 0.378345
vt 0.861278 0.378563
vt 0.861156 0.375536
vt 0.371582 0.586767
vt 0.371582 0.980533
vt 0.370216 0.980699
vt 0.658534 0.718113
vt 0.654849 0.718465
vt 0.655527 0.710917
vt 0.658805 0.711498
vt 0.659867 0.723878
vt 0.656171 0.725457
vt 0.662717 0.728534
vt 0.659654 0.731315
vt 0.667218 0.731868
vt 0.665247 0.735597
vt 0.673326 0.733742
vt 0.672674 0.737621
vt 0.680827 0.733942
vt 0.680756 0.737298
vt 0.850807 0.728462
vt 0.850947 0.731815
vt 0.858053 0.727796
vt 0.858909 0.731621
vt 0.864340 0.725526
vt 0.866435 0.729185
vt 0.869135 0.721757
vt 0.872403 0.724546
vt 0.872232 0.716793
vt 0.876160 0.718328
vt 0.874639 0.721375
vt 0.873476 0.711033
vt 0.876781 0.711087
vt 0.874326 0.705896
vt 0.877284 0.705981
vt 0.875368 0.697896
vt 0.878094 0.698205
vt 0.877812 0.702547
vt 0.876159 0.691988
vt 0.878891 0.692364
vt 0.878528 0.695793
vt 0.876891 0.683388
vt 0.879925 0.684776
vt 0.879296 0.689760
vt 0.873485 0.691644
vt 0.874217 0.682477
vt 0.583195 0.260193
vt 0.579158 0.260207
vt 0.583101 0.258684
vt 0.577262 0.250699
vt 0.579109 0.250683
vt 0.577312 0.260222
vt 0.545591 0.235333
vt 0.545369 0.238062
vt 0.545266 0.232912
vt 0.544941 0.240088
vt 0.545283 0.245750
vt 0.876902 0.660918
vt 0.874366 0.661039
vt 0.876270 0.652702
vt 0.877880 0.644870
vt 0.879572 0.644383
vt 0.876369 0.640997
vt 0.877467 0.640332
vt 0.457959 0.102375
vt 0.455613 0.099675
vt 0.434252 0.097051
vt 0.433273 0.095148
vt 0.079234 0.079852
vt 0.089674 0.078407
vt 0.089774 0.079765
vt 0.144960 0.082081
vt 0.144337 0.083291
vt 0.660430 0.151371
vt 0.663215 0.151371
vt 0.643941 0.280078
vt 0.643727 0.278704
vt 0.647770 0.268428
vt 0.650731 0.268639
vt 0.810602 0.373802
vt 0.812804 0.375549
vt 0.124313 0.508075
vt 0.124359 0.509436
vt 0.824284 0.378504
vt 0.824125 0.381459
vt 0.814846 0.565414
vt 0.814403 0.583216
vt 0.813774 0.586445
vt 0.140573 0.506357
vt 0.140050 0.505100
vt 0.136317 0.506715
vt 0.136747 0.508012
vt 0.131950 0.509160
vt 0.131766 0.507804
vt 0.813393 0.588448
vt 0.669689 0.108880
vt 0.681843 0.108303
vt 0.584852 0.217529
vt 0.582713 0.214757
vt 0.580497 0.214839
vt 0.580080 0.212931
vt 0.582439 0.212844
vt 0.584308 0.205174
vt 0.583803 0.202163
vt 0.832788 0.586004
vt 0.823686 0.585121
vt 0.838548 0.588880
vt 0.853613 0.589076
vt 0.846096 0.588478
vt 0.948815 0.594613
vt 0.954587 0.594378
vt 0.958847 0.593262
vt 0.962164 0.591325
vt 0.964802 0.588364
vt 0.966854 0.584116
vt 0.968084 0.578159
vt 0.985221 0.397136
vt 0.985229 0.391379
vt 0.984235 0.387553
vt 0.982583 0.384925
vt 0.980134 0.383038
vt 0.976443 0.381658
vt 0.971255 0.380976
vt 0.854184 0.374993
vt 0.854019 0.378856
vt 0.861350 0.381073
vt 0.370184 0.582262
vt 0.371551 0.582610
vt 0.371551 0.984691
vt 0.370184 0.985039
vt 0.360540 0.985005
vt 0.360631 0.982608
vt 0.661886 0.685615
vt 0.662095 0.693004
vt 0.658587 0.689282
vt 0.664628 0.693144
vt 0.661724 0.711899
vt 0.661728 0.717670
vt 0.663014 0.722410
vt 0.665376 0.726036
vt 0.668917 0.728707
vt 0.674020 0.730411
vt 0.681028 0.730669
vt 0.850664 0.725241
vt 0.857200 0.724569
vt 0.862576 0.722485
vt 0.866549 0.719373
vt 0.869221 0.715369
vt 0.870588 0.710654
vt 0.872696 0.697569
vt 0.545632 0.230456
vt 0.546026 0.227409
vt 0.877289 0.673628
vt 0.874601 0.673287
vt 0.870304 0.691310
vt 0.870986 0.682307
vt 0.575568 0.260253
vt 0.575519 0.250729
vt 0.549898 0.238141
vt 0.549505 0.240079
vt 0.546818 0.239982
vt 0.547105 0.238053
vt 0.545154 0.242692
vt 0.873860 0.652824
vt 0.871399 0.673200
vt 0.871310 0.661140
vt 0.876119 0.648392
vt 0.448133 0.123888
vt 0.448769 0.118292
vt 0.452398 0.117652
vt 0.875628 0.645227
vt 0.874458 0.641844
vt 0.863929 0.630390
vt 0.866265 0.628953
vt 0.459249 0.105544
vt 0.507049 0.565427
vt 0.511913 0.570976
vt 0.509655 0.572870
vt 0.507663 0.569422
vt 0.858046 0.607347
vt 0.859330 0.605788
vt 0.860707 0.608036
vt 0.855929 0.606827
vt 0.857093 0.603920
vt 0.852709 0.606284
vt 0.853333 0.602960
vt 0.671848 0.596269
vt 0.668975 0.596516
vt 0.668155 0.594017
vt 0.671483 0.593067
vt 0.666600 0.596902
vt 0.665703 0.595870
vt 0.664578 0.597382
vt 0.253311 0.092163
vt 0.253335 0.095363
vt 0.251958 0.095412
vt 0.094438 0.078066
vt 0.094510 0.079426
vt 0.124359 0.077175
vt 0.124314 0.078535
vt 0.131950 0.077450
vt 0.131766 0.078806
vt 0.136747 0.078598
vt 0.136317 0.079895
vt 0.140573 0.080254
vt 0.140051 0.081511
vt 0.639530 0.280072
vt 0.639272 0.278698
vt 0.643727 0.268588
vt 0.824429 0.374353
vt 0.824387 0.376027
vt 0.821715 0.374364
vt 0.832626 0.379140
vt 0.832394 0.382074
vt 0.821254 0.562922
vt 0.817818 0.563499
vt 0.551549 0.215385
vt 0.555546 0.214486
vt 0.555416 0.216673
vt 0.552408 0.217696
vt 0.556562 0.219886
vt 0.554718 0.221369
vt 0.556806 0.221992
vt 0.556087 0.223073
vt 0.671153 0.139754
vt 0.683307 0.139178
vt 0.682111 0.140337
vt 0.672939 0.140861
vt 0.816237 0.572325
vt 0.825595 0.574431
vt 0.628064 0.278726
vt 0.628259 0.280058
vt 0.624432 0.280043
vt 0.624480 0.278752
vt 0.631296 0.278710
vt 0.631657 0.280084
vt 0.635145 0.278700
vt 0.635434 0.280074
vt 0.579864 0.210437
vt 0.582198 0.210305
vt 0.580173 0.208161
vt 0.582376 0.208026
vt 0.580212 0.206033
vt 0.581611 0.205867
vt 0.840670 0.382792
vt 0.826124 0.572868
vt 0.824062 0.563372
vt 0.838468 0.585852
vt 0.853816 0.586009
vt 0.846121 0.585586
vt 0.948694 0.591332
vt 0.954093 0.591136
vt 0.957545 0.590217
vt 0.959968 0.588766
vt 0.961943 0.586492
vt 0.963555 0.583037
vt 0.964669 0.577688
vt 0.981950 0.397090
vt 0.981993 0.391793
vt 0.981290 0.388819
vt 0.980221 0.387082
vt 0.978622 0.385838
vt 0.975691 0.384744
vt 0.971106 0.384161
vt 0.846820 0.378028
vt 0.847159 0.375147
vt 0.853917 0.381281
vt 0.861396 0.384077
vt 0.629882 0.269005
vt 0.626188 0.269035
vt 0.252189 0.166317
vt 0.252184 0.162469
vt 0.253522 0.162666
vt 0.253488 0.166269
vt 0.263174 0.166433
vt 0.263231 0.164473
vt 0.661708 0.679760
vt 0.658732 0.685708
vt 0.658832 0.679685
vt 0.664447 0.685557
vt 0.665181 0.712265
vt 0.665461 0.716892
vt 0.666764 0.720407
vt 0.668514 0.722948
vt 0.670957 0.725014
vt 0.674997 0.726592
vt 0.681426 0.727081
vt 0.850381 0.721716
vt 0.856069 0.720889
vt 0.860511 0.718953
vt 0.863570 0.716428
vt 0.865792 0.713426
vt 0.871562 0.705672
vt 0.867315 0.709781
vt 0.869557 0.697167
vt 0.667494 0.671276
vt 0.854435 0.681979
vt 0.667344 0.679781
vt 0.547333 0.235484
vt 0.550099 0.235622
vt 0.549769 0.231175
vt 0.549793 0.233323
vt 0.547118 0.233183
vt 0.547820 0.230985
vt 0.873772 0.648453
vt 0.870850 0.652910
vt 0.855181 0.672059
vt 0.667713 0.662832
vt 0.668279 0.651167
vt 0.445140 0.117652
vt 0.857801 0.612529
vt 0.860063 0.612504
vt 0.855561 0.612540
vt 0.851759 0.612555
vt 0.671693 0.602944
vt 0.668801 0.602754
vt 0.666415 0.602596
vt 0.663818 0.598821
vt 0.253357 0.100181
vt 0.263517 0.096642
vt 0.263276 0.097901
vt 0.251980 0.100216
vt 0.252159 0.159065
vt 0.252169 0.155277
vt 0.253547 0.155567
vt 0.253538 0.159428
vt 0.639272 0.268624
vt 0.641649 0.268655
vt 0.832819 0.376665
vt 0.827530 0.374606
vt 0.833075 0.374673
vt 0.840970 0.379817
vt 0.555448 0.211434
vt 0.551067 0.211221
vt 0.551836 0.207877
vt 0.554929 0.208761
vt 0.557829 0.216186
vt 0.560109 0.215943
vt 0.560228 0.218328
vt 0.559157 0.218620
vt 0.560159 0.220584
vt 0.555035 0.202316
vt 0.555805 0.203329
vt 0.553251 0.204964
vt 0.635224 0.268782
vt 0.580713 0.217073
vt 0.582111 0.217101
vt 0.581012 0.219540
vt 0.578236 0.215110
vt 0.573274 0.215646
vt 0.573124 0.213462
vt 0.578017 0.213059
vt 0.580273 0.203527
vt 0.846254 0.383398
vt 0.556269 0.205384
vt 0.555303 0.206056
vt 0.853795 0.384112
vt 0.841191 0.377319
vt 0.841146 0.374672
vt 0.846552 0.380489
vt 0.263253 0.160933
vt 0.661960 0.671133
vt 0.659179 0.675138
vt 0.659509 0.671266
vt 0.664286 0.679787
vt 0.667467 0.685505
vt 0.667619 0.693324
vt 0.868359 0.705308
vt 0.549415 0.228648
vt 0.860087 0.682002
vt 0.860458 0.672678
vt 0.664490 0.671203
vt 0.853513 0.678798
vt 0.574853 0.233891
vt 0.577917 0.233034
vt 0.578715 0.236267
vt 0.574385 0.236530
vt 0.574456 0.231290
vt 0.576479 0.230165
vt 0.573715 0.228560
vt 0.574788 0.227656
vt 0.550873 0.259148
vt 0.550900 0.251957
vt 0.551824 0.251133
vt 0.551885 0.260089
vt 0.556774 0.238633
vt 0.556637 0.240848
vt 0.551350 0.240285
vt 0.551577 0.238230
vt 0.549325 0.242347
vt 0.547373 0.242363
vt 0.548752 0.244826
vt 0.870879 0.648473
vt 0.572714 0.246946
vt 0.573331 0.244724
vt 0.575221 0.246041
vt 0.573749 0.247842
vt 0.574413 0.241739
vt 0.577339 0.242796
vt 0.574306 0.239540
vt 0.578250 0.240432
vt 0.665294 0.650999
vt 0.664707 0.662707
vt 0.873536 0.645508
vt 0.870989 0.641911
vt 0.860650 0.630662
vt 0.862563 0.627062
vt 0.864781 0.626841
vt 0.445140 0.097709
vt 0.434370 0.098879
vt 0.441679 0.099872
vt 0.861418 0.610063
vt 0.861890 0.612032
vt 0.861659 0.622638
vt 0.859143 0.623081
vt 0.856626 0.623329
vt 0.852761 0.623473
vt 0.670296 0.614240
vt 0.667288 0.613921
vt 0.664784 0.613607
vt 0.662266 0.613245
vt 0.663979 0.602452
vt 0.662881 0.602029
vt 0.253480 0.130404
vt 0.263153 0.123874
vt 0.263217 0.126649
vt 0.263202 0.129783
vt 0.252103 0.130393
vt 0.252171 0.151169
vt 0.253549 0.151427
vt 0.263299 0.157948
vt 0.557431 0.209051
vt 0.559743 0.209056
vt 0.560277 0.211364
vt 0.557804 0.211449
vt 0.560321 0.213948
vt 0.557843 0.214158
vt 0.567588 0.218029
vt 0.566956 0.219954
vt 0.563582 0.220112
vt 0.562924 0.218140
vt 0.572933 0.210650
vt 0.577785 0.210503
vt 0.669963 0.116118
vt 0.682117 0.115542
vt 0.682287 0.119353
vt 0.670133 0.119930
vt 0.572886 0.208049
vt 0.577906 0.208109
vt 0.577469 0.206006
vt 0.572742 0.206032
vt 0.559574 0.206900
vt 0.558146 0.206794
vt 0.559315 0.204505
vt 0.662196 0.662570
vt 0.660052 0.665752
vt 0.263487 0.151427
vt 0.263337 0.155425
vt 0.569575 0.236462
vt 0.570097 0.234151
vt 0.572863 0.234166
vt 0.572487 0.236605
vt 0.569938 0.233721
vt 0.572316 0.232387
vt 0.569931 0.231397
vt 0.571596 0.230143
vt 0.570236 0.250808
vt 0.570285 0.260332
vt 0.567022 0.260357
vt 0.566973 0.250833
vt 0.551795 0.235667
vt 0.556948 0.235770
vt 0.556981 0.233113
vt 0.551631 0.233274
vt 0.552018 0.231169
vt 0.557109 0.231039
vt 0.665826 0.642744
vt 0.668760 0.642863
vt 0.569960 0.245648
vt 0.569580 0.243371
vt 0.571186 0.243754
vt 0.569601 0.242792
vt 0.572587 0.241733
vt 0.662807 0.650852
vt 0.439579 0.102375
vt 0.434451 0.100590
vt 0.863348 0.622231
vt 0.438319 0.105838
vt 0.434481 0.109672
vt 0.856971 0.627003
vt 0.852894 0.626985
vt 0.669980 0.618314
vt 0.666900 0.618162
vt 0.664328 0.618093
vt 0.661723 0.618103
vt 0.661115 0.613065
vt 0.660577 0.618120
vt 0.661558 0.620538
vt 0.660394 0.620425
vt 0.660944 0.630829
vt 0.659867 0.630764
vt 0.660333 0.634294
vt 0.252131 0.138047
vt 0.253509 0.138120
vt 0.252152 0.142886
vt 0.253530 0.143061
vt 0.252165 0.146744
vt 0.253543 0.146959
vt 0.567382 0.213739
vt 0.567416 0.215912
vt 0.562422 0.215928
vt 0.562435 0.213844
vt 0.573324 0.217818
vt 0.574164 0.219652
vt 0.670542 0.128531
vt 0.682695 0.127955
vt 0.682886 0.131765
vt 0.670732 0.132342
vt 0.578001 0.217366
vt 0.577588 0.219430
vt 0.573391 0.204088
vt 0.576852 0.203972
vt 0.567276 0.210897
vt 0.567035 0.208311
vt 0.566992 0.206318
vt 0.660370 0.659828
vt 0.661005 0.654739
vt 0.263454 0.148929
vt 0.556409 0.229094
vt 0.552557 0.229051
vt 0.569727 0.241048
vt 0.569535 0.239046
vt 0.572457 0.239279
vt 0.572494 0.241292
vt 0.570805 0.229617
vt 0.560282 0.260392
vt 0.560233 0.250868
vt 0.551920 0.244701
vt 0.551561 0.242543
vt 0.556604 0.243045
vt 0.555767 0.244952
vt 0.562971 0.231370
vt 0.562928 0.233389
vt 0.562695 0.236014
vt 0.562603 0.238902
vt 0.562586 0.241111
vt 0.869936 0.645235
vt 0.663366 0.642648
vt 0.665865 0.638176
vt 0.668882 0.638255
vt 0.563119 0.245194
vt 0.562433 0.243276
vt 0.567419 0.243244
vt 0.566857 0.245270
vt 0.866866 0.641467
vt 0.857583 0.630521
vt 0.859722 0.627140
vt 0.669790 0.621303
vt 0.666688 0.621030
vt 0.664131 0.620795
vt 0.263276 0.136634
vt 0.663541 0.630970
vt 0.663431 0.634301
vt 0.663338 0.638160
vt 0.660163 0.638244
vt 0.263461 0.139848
vt 0.263679 0.143061
vt 0.263519 0.146959
vt 0.562046 0.208836
vt 0.562407 0.211234
vt 0.562318 0.206709
vt 0.562788 0.204675
vt 0.566158 0.204486
vt 0.660487 0.646772
vt 0.660440 0.642540
vt 0.563816 0.229474
vt 0.567829 0.238965
vt 0.567872 0.241036
vt 0.568224 0.233970
vt 0.567847 0.236362
vt 0.568002 0.231820
vt 0.567596 0.229719
vt 0.557019 0.260400
vt 0.556969 0.250877
vt 0.669059 0.634504
vt 0.665992 0.634356
vt 0.852910 0.630226
vt 0.669214 0.631203
vt 0.666108 0.631092
vt 0.629254 0.154966
vt 0.631326 0.154947
vt 0.631635 0.190451
vt 0.629556 0.190470
vt 0.631478 0.192231
vt 0.629379 0.192250
vt 0.629402 0.193983
vt 0.631507 0.193964
vt 0.631603 0.204646
vt 0.629628 0.204664
vt 0.629665 0.206396
vt 0.631618 0.206379
vt 0.628750 0.100409
vt 0.630642 0.100392
vt 0.630474 0.102161
vt 0.628589 0.102178
vt 0.630795 0.137435
vt 0.628917 0.137452
vt 0.631005 0.139200
vt 0.629102 0.139217
vt 0.631029 0.140911
vt 0.629087 0.140929
vt 0.631123 0.151459
vt 0.629052 0.151478
vt 0.631132 0.153170
vt 0.629053 0.153188
vt 0.454746 0.100617
vt 0.452018 0.098713
vt 0.456810 0.102982
vt 0.458013 0.105870
vt 0.459219 0.109523
vt 0.458160 0.109347
vt 0.457959 0.112986
vt 0.457030 0.112450
vt 0.455590 0.115810
vt 0.454900 0.114988
vt 0.452031 0.116644
vt 0.448769 0.117219
vt 0.445507 0.116644
vt 0.441948 0.115810
vt 0.442638 0.114988
vt 0.439579 0.112986
vt 0.440508 0.112450
vt 0.438319 0.109523
vt 0.439375 0.109337
vt 0.439375 0.106025
vt 0.440506 0.102912
vt 0.442380 0.100680
vt 0.445526 0.098714
vt 0.448769 0.098142
vt 0.669207 0.099005
vt 0.671055 0.098745
vt 0.587660 0.228775
vt 0.584585 0.229627
vt 0.826537 0.575043
vt 0.814263 0.571938
vt 0.543530 0.218933
vt 0.546775 0.218629
vt 0.583087 0.251307
vt 0.860656 0.671180
vt 0.860093 0.683394
vt 0.715591 0.049163
vt 0.714838 0.050494
vt 0.714048 0.054060
vt 0.713574 0.127719
vt 0.715290 0.129683
vt 0.571065 0.053634
vt 0.568311 0.048863
vt 0.564091 0.045323
vt 0.544011 0.069254
vt 0.544011 0.086867
vt 0.541257 0.091637
vt 0.541257 0.064483
vt 0.695139 0.268009
vt 0.696459 0.266126
vt 0.696850 0.263610
vt 0.574310 0.180843
vt 0.785856 0.588189
vt 0.650696 0.082463
vt 0.642580 0.072559
vt 0.640490 0.071673
vt 0.174839 0.665854
vt 0.175269 0.670641
vt 0.175302 0.980226
vt 0.450429 0.167064
vt 0.461203 0.150206
vt 0.656975 0.705091
vt 0.652538 0.268645
vt 0.268683 0.093573
vt 0.266160 0.093965
vt 0.813673 0.569464
vt 0.683383 0.140454
vt 0.857266 0.682984
vt 0.858534 0.670755
vt 0.264233 0.095357
vt 0.853695 0.675109
vt 0.550781 0.260371
vt 0.263155 0.100497
vt 0.263141 0.109671
vt 0.263146 0.113732
vt 0.263142 0.115564
vt 0.263226 0.133246
vt 0.660747 0.650733
vt 0.450412 0.156213
vt 0.455280 0.156091
vt 0.543117 0.798608
vt 0.543109 0.812671
vt 0.503181 0.812671
vt 0.503135 0.798608
vt 0.671510 0.187774
vt 0.669802 0.187176
vt 0.683746 0.187167
vt 0.682039 0.187767
vt 0.496765 0.920500
vt 0.504384 0.911421
vt 0.507805 0.914292
vt 0.499142 0.924617
vt 0.471628 0.903428
vt 0.474005 0.907544
vt 0.462332 0.914284
vt 0.459956 0.910167
vt 0.549127 0.854269
vt 0.544661 0.852643
vt 0.554926 0.846717
vt 0.556746 0.849870
vt 0.559384 0.863655
vt 0.561010 0.859189
vt 0.562537 0.867852
vt 0.559384 0.868408
vt 0.634558 0.082449
vt 0.450565 0.130082
vt 0.793380 0.588188
vt 0.880207 0.670775
vt 0.360516 0.580563
vt 0.671232 0.141084
vt 0.660114 0.662421
vt 0.716017 0.129984
vt 0.558915 0.043439
vt 0.349952 0.695258
vt 0.349952 0.955603
vt 0.345220 0.955561
vt 0.345220 0.695299
vt 0.353766 0.694296
vt 0.353766 0.956564
vt 0.356707 0.692431
vt 0.356707 0.958429
vt 0.358807 0.689654
vt 0.358807 0.961207
vt 0.360078 0.685932
vt 0.824519 0.594557
vt 0.190159 0.968344
vt 0.190159 0.682517
vt 0.185452 0.969163
vt 0.186441 0.681698
vt 0.181624 0.970759
vt 0.181623 0.680102
vt 0.178661 0.677735
vt 0.176546 0.674588
vt 0.174807 0.594120
vt 0.360507 0.681249
vt 0.360507 0.969611
vt 0.360078 0.964929
vt 0.669231 0.185379
vt 0.684314 0.185368
vt 0.669207 0.149483
vt 0.684290 0.149473
vt 0.669775 0.147684
vt 0.683720 0.147675
vt 0.671483 0.147084
vt 0.682011 0.147077
vt 0.507249 0.929298
vt 0.502783 0.927672
vt 0.511447 0.917347
vt 0.514868 0.920218
vt 0.516469 0.927672
vt 0.512002 0.929298
vt 0.517657 0.922559
vt 0.520110 0.924617
vt 0.496765 0.911139
vt 0.499141 0.907022
vt 0.501594 0.909080
vt 0.495940 0.915820
vt 0.502783 0.903967
vt 0.507249 0.902341
vt 0.512003 0.902341
vt 0.516469 0.903967
vt 0.520110 0.907022
vt 0.522487 0.911138
vt 0.523312 0.915819
vt 0.522487 0.920500
vt 0.458767 0.898747
vt 0.463521 0.898747
vt 0.455902 0.903146
vt 0.454301 0.900373
vt 0.467987 0.900373
vt 0.457722 0.906299
vt 0.474005 0.916906
vt 0.466386 0.921305
vt 0.464566 0.918152
vt 0.474830 0.912225
vt 0.471628 0.921023
vt 0.467987 0.924078
vt 0.463521 0.925704
vt 0.458767 0.925704
vt 0.454301 0.924078
vt 0.450660 0.921023
vt 0.448283 0.916906
vt 0.447458 0.912225
vt 0.448283 0.907544
vt 0.450660 0.903428
vt 0.553881 0.854269
vt 0.558347 0.852643
vt 0.538643 0.845472
vt 0.550316 0.838732
vt 0.552692 0.842849
vt 0.541020 0.849588
vt 0.538643 0.836110
vt 0.546262 0.831711
vt 0.548082 0.834864
vt 0.537818 0.840791
vt 0.541020 0.831993
vt 0.544661 0.828938
vt 0.549127 0.827312
vt 0.553881 0.827312
vt 0.558347 0.828938
vt 0.561988 0.831993
vt 0.564365 0.836110
vt 0.565190 0.840791
vt 0.564365 0.845472
vt 0.561988 0.849588
vt 0.564065 0.855548
vt 0.568181 0.853171
vt 0.570522 0.866444
vt 0.566123 0.867220
vt 0.577543 0.853171
vt 0.579601 0.864843
vt 0.575203 0.865619
vt 0.572862 0.852346
vt 0.584715 0.859189
vt 0.586341 0.863655
vt 0.583188 0.864211
vt 0.581660 0.855548
vt 0.586341 0.868408
vt 0.584715 0.872875
vt 0.581660 0.876516
vt 0.577543 0.878893
vt 0.572862 0.879718
vt 0.568181 0.878893
vt 0.564065 0.876516
vt 0.561010 0.872875
vt 0.568311 0.086867
vt 0.568311 0.069254
vt 0.564091 0.083326
vt 0.564091 0.072794
vt 0.558915 0.081442
vt 0.558915 0.074678
vt 0.553407 0.081442
vt 0.553407 0.074678
vt 0.548231 0.083326
vt 0.548231 0.072794
vt 0.571065 0.128344
vt 0.571065 0.102487
vt 0.568311 0.123574
vt 0.568311 0.107257
vt 0.564091 0.120033
vt 0.564091 0.110798
vt 0.558915 0.118149
vt 0.558915 0.112682
vt 0.553407 0.118149
vt 0.553407 0.112682
vt 0.548231 0.120033
vt 0.548231 0.110798
vt 0.544011 0.123574
vt 0.544011 0.107257
vt 0.541257 0.128344
vt 0.541257 0.102487
vt 0.571065 0.139194
vt 0.568311 0.143964
vt 0.564091 0.147505
vt 0.558915 0.149389
vt 0.553407 0.149389
vt 0.548231 0.147505
vt 0.544011 0.143964
vt 0.541257 0.139194
vt 0.540480 0.193003
vt 0.540465 0.263111
vt 0.534514 0.194980
vt 0.716618 0.047947
vt 0.649997 0.098449
vt 0.140760 0.269636
vt 0.142224 0.267197
vt 0.138320 0.271099
vt 0.134905 0.271585
vt 0.120833 0.271577
vt 0.113991 0.270363
vt 0.107995 0.266902
vt 0.103545 0.261598
vt 0.101177 0.255092
vt 0.142224 0.235948
vt 0.140760 0.233513
vt 0.138320 0.232057
vt 0.134905 0.231579
vt 0.120833 0.231625
vt 0.113991 0.232898
vt 0.107995 0.236359
vt 0.103545 0.241663
vt 0.101177 0.248169
vt 0.541896 0.819509
vt 0.504453 0.819509
vt 0.538437 0.825502
vt 0.507913 0.825502
vt 0.533136 0.829949
vt 0.513213 0.829949
vt 0.526634 0.832316
vt 0.519715 0.832316
vt 0.503612 0.795194
vt 0.542631 0.795195
vt 0.505068 0.792756
vt 0.541169 0.792756
vt 0.507501 0.791293
vt 0.538732 0.791293
vt 0.643466 0.076022
vt 0.174699 0.585037
vt 0.629687 0.082421
vt 0.627969 0.082506
vt 0.624462 0.082360
vt 0.174792 0.587282
vt 0.174777 0.582945
vt 0.816617 0.374163
vt 0.812850 0.373917
vt 0.657879 0.695577
vt 0.658325 0.693039
vt 0.456883 0.156052
vt 0.455253 0.147267
vt 0.450413 0.147125
vt 0.435331 0.113861
vt 0.436947 0.115552
vt 0.449973 0.126973
vt 0.507655 0.561515
vt 0.514069 0.569166
vt 0.512731 0.555492
vt 0.520012 0.564179
vt 0.516855 0.566828
vt 0.509531 0.558279
vt 0.520477 0.554129
vt 0.525233 0.559799
vt 0.522886 0.561768
vt 0.516477 0.554129
vt 0.524233 0.555496
vt 0.527297 0.558067
vt 0.529296 0.561530
vt 0.529991 0.565427
vt 0.529296 0.569407
vt 0.527297 0.572870
vt 0.524234 0.575440
vt 0.520477 0.576810
vt 0.516959 0.576809
vt 0.512701 0.575426
vt 0.431346 0.093759
vt 0.428268 0.093756
vt 0.014392 0.945483
vt 0.013957 0.944118
vt 0.015694 0.945937
vt 0.025023 0.945476
vt 0.025456 0.944110
vt 0.023722 0.945932
vt 0.025440 0.916853
vt 0.015676 0.915039
vt 0.014374 0.915495
vt 0.013941 0.916860
vt 0.681974 0.112008
vt 0.669821 0.112585
vt 0.670931 0.135999
vt 0.683085 0.135423
vt 0.550746 0.250846
vt 0.572800 0.260299
vt 0.572750 0.250776
vt 0.554358 0.250871
vt 0.554408 0.260395
vt 0.186257 0.263555
vt 0.182582 0.263324
vt 0.189566 0.034214
vt 0.185449 0.034214
vt 0.524466 0.263555
vt 0.190364 0.263555
vt 0.179584 0.260786
vt 0.180507 0.262324
vt 0.731210 0.011414
vt 0.731210 0.013565
vt 0.727343 0.015619
vt 0.728798 0.011949
vt 0.729993 0.009878
vt 0.731210 0.009878
vt 0.253301 0.172756
vt 0.253301 0.173444
vt 0.251764 0.173444
vt 0.251764 0.172226
vt 0.255454 0.172940
vt 0.255454 0.173444
vt 0.474831 0.172472
vt 0.474831 0.173444
vt 0.476984 0.173444
vt 0.476984 0.172290
vt 0.478522 0.173444
vt 0.478522 0.171754
vt 0.744040 0.357033
vt 0.743200 0.355497
vt 0.745728 0.355497
vt 0.745728 0.357033
vt 0.745728 0.353346
vt 0.741857 0.352099
vt 0.741529 0.011414
vt 0.745728 0.011414
vt 0.745728 0.013565
vt 0.741531 0.013565
vt 0.741525 0.009878
vt 0.745728 0.009878
vt 0.476960 0.182347
vt 0.476960 0.178134
vt 0.478497 0.178134
vt 0.478497 0.182340
vt 0.474807 0.182356
vt 0.474807 0.178134
vt 0.253301 0.182457
vt 0.253301 0.178134
vt 0.255454 0.178134
vt 0.255454 0.182457
vt 0.251764 0.182455
vt 0.251764 0.178134
vt 0.726894 0.355482
vt 0.731210 0.355482
vt 0.731210 0.357018
vt 0.726892 0.357018
vt 0.984534 0.012639
vt 0.979932 0.009878
vt 0.982080 0.010184
vt 0.983614 0.011105
vt 0.756465 0.012639
vt 0.761068 0.009878
vt 0.984841 0.014787
vt 0.756158 0.014787
vt 0.757386 0.011105
vt 0.758920 0.010184
vt 0.756158 0.349152
vt 0.984841 0.348023
vt 0.984841 0.354076
vt 0.756158 0.354076
vt 0.984534 0.356223
vt 0.756465 0.356223
vt 0.979932 0.358985
vt 0.761068 0.358985
vt 0.758920 0.358678
vt 0.757386 0.357758
vt 0.983614 0.357758
vt 0.982080 0.358678
vt 0.731210 0.353331
vt 0.726896 0.353331
vt 0.180507 0.035445
vt 0.179584 0.036983
vt 0.179276 0.039137
vt 0.182046 0.034522
vt 0.727028 0.019720
vt 0.731210 0.019626
vt 0.741545 0.347987
vt 0.745728 0.348415
vt 0.529389 0.258631
vt 0.532542 0.200932
vt 0.532542 0.255188
vt 0.533041 0.258684
vt 0.529081 0.260786
vt 0.528158 0.262324
vt 0.534514 0.261139
vt 0.526620 0.263247
vt 0.536969 0.262612
vt 0.533041 0.197436
vt 0.524466 0.034214
vt 0.526620 0.034522
vt 0.528158 0.035445
vt 0.529081 0.036983
vt 0.529389 0.039137
vt 0.553407 0.043439
vt 0.548231 0.045323
vt 0.544011 0.048863
vt 0.541257 0.053634
vt 0.540300 0.059059
vt 0.540300 0.097062
vt 0.540300 0.133769
vn 0.3906 0.2376 0.8894
vn 0.4387 0.0016 0.8986
vn 0.5703 -0.0002 0.8214
vn 0.5227 0.1974 0.8293
vn 0.4915 0.3799 0.7836
vn 0.3380 0.4521 0.8254
vn 0.2085 0.2566 0.9438
vn 0.2245 0.0008 0.9745
vn 0.3240 0.9443 0.0575
vn 0.7003 0.7101 0.0722
vn 0.7663 0.6425 -0.0000
vn 0.4132 0.9105 -0.0149
vn 0.6221 -0.0007 0.7829
vn 0.5946 0.2158 0.7745
vn 0.5514 0.3603 0.7525
vn 0.1849 0.5166 0.8361
vn 0.0428 0.2497 0.9674
vn 0.0401 0.0001 0.9992
vn 0.0027 0.9917 0.1287
vn 0.0601 0.9938 0.0930
vn 0.1071 0.9914 0.0755
vn 0.3258 0.9356 0.1360
vn 0.6947 0.7044 0.1456
vn 0.9359 0.3449 0.0716
vn 0.8522 0.5232 0.0000
vn 0.8529 0.2141 0.4761
vn 0.8223 0.0029 0.5691
vn 0.8850 -0.1864 0.4267
vn 0.0655 0.9213 0.3833
vn 0.0704 0.9074 0.4143
vn 0.1280 0.8430 0.5224
vn 0.1272 0.8822 0.4534
vn 0.1077 0.9247 0.3652
vn 0.2014 0.8851 0.4195
vn 0.0444 0.4862 0.8727
vn 0.0504 0.7188 0.6933
vn 0.0596 0.8675 0.4938
vn -0.0005 0.8819 0.4715
vn -0.0622 0.8760 0.4783
vn -0.0516 0.7251 0.6867
vn 0.2381 0.6750 0.6983
vn 0.2838 0.8044 0.5219
vn 0.9285 0.3422 0.1442
vn 0.5027 0.5098 0.6981
vn 0.5973 0.6057 0.5257
vn 0.9531 0.3025 0.0000
vn 0.9939 0.0844 0.0708
vn 0.9969 0.0791 0.0000
vn 0.7789 0.1799 0.6009
vn 0.7801 0.4206 0.4631
vn 0.6865 0.4559 0.5665
vn 0.9620 -0.1872 0.1989
vn 0.9497 0.1985 0.2423
vn 0.9954 -0.0641 0.0708
vn 0.9983 -0.0591 0.0000
vn 0.9397 -0.3343 0.0716
vn 0.9615 -0.2748 0.0000
vn 0.7047 -0.7058 0.0722
vn 0.7936 -0.6084 0.0000
vn 0.3393 -0.9391 0.0543
vn 0.4696 -0.8828 -0.0094
vn 0.5587 -0.1923 0.8068
vn 0.6218 -0.1908 0.7596
vn 0.6318 0.0023 0.7751
vn 0.5757 0.0021 0.8177
vn 0.7628 -0.3788 0.5241
vn 0.8405 -0.3751 0.3910
vn 0.8087 -0.1869 0.5577
vn 0.3001 0.8598 0.4131
vn 0.1683 0.9103 0.3783
vn 0.0583 0.9074 0.4163
vn 0.1059 0.7924 0.6007
vn -0.0444 0.4862 0.8727
vn -0.0421 0.2513 0.9670
vn 0.1222 0.6928 0.7107
vn 0.3517 0.6092 0.7107
vn 0.5389 0.4522 0.7107
vn 0.6611 0.2406 0.7107
vn 0.7035 0.0000 0.7107
vn 0.6611 -0.2406 0.7107
vn -0.2915 0.8211 0.4907
vn -0.2439 0.6871 0.6844
vn 0.0242 0.3409 0.9398
vn -0.0242 0.3409 0.9398
vn 0.1167 0.3308 0.9365
vn 0.9864 0.0837 0.1417
vn 0.8004 0.2949 0.5219
vn 0.6716 0.2475 0.6983
vn 0.2476 0.2511 0.9358
vn 0.9075 -0.3728 0.1938
vn 0.9005 0.3528 0.2541
vn 0.9879 -0.0635 0.1418
vn 0.9323 -0.3317 0.1442
vn 0.6990 -0.7001 0.1457
vn 0.3303 -0.9328 0.1442
vn 0.2180 -0.9748 -0.0474
vn 0.0848 -0.9945 0.0619
vn 0.4305 -0.1925 0.8818
vn 0.4799 0.0021 0.8773
vn 0.5278 -0.3828 0.7582
vn 0.5871 -0.3818 0.7138
vn -0.0003 0.9268 0.3756
vn -0.0006 0.9477 0.3192
vn 0.1822 0.9619 0.2041
vn 0.0170 0.9118 0.4102
vn 0.0325 0.7899 0.6123
vn -0.0156 0.9166 0.3995
vn -0.0325 0.7899 0.6123
vn -0.1849 0.5166 0.8361
vn -0.2085 0.2566 0.9438
vn -0.2108 -0.3855 0.8983
vn -0.0370 -0.3817 0.9235
vn -0.0384 -0.1948 0.9801
vn -0.2220 -0.1926 0.9558
vn 0.0362 -0.1951 0.9801
vn 0.0370 -0.3817 0.9235
vn 0.0063 -0.0001 1.0000
vn 0.0013 -0.0004 1.0000
vn 0.0000 0.0000 1.0000
vn -0.7035 0.0000 0.7107
vn -0.6610 0.2406 0.7107
vn -0.5389 0.4522 0.7107
vn -0.3517 0.6092 0.7107
vn -0.1222 0.6928 0.7107
vn 0.5389 -0.4522 0.7107
vn -0.2919 -0.8210 0.4907
vn -0.2442 -0.6870 0.6844
vn -0.5159 -0.5157 0.6840
vn -0.6147 -0.6144 0.4946
vn -0.8211 -0.2915 0.4907
vn -0.6871 -0.2439 0.6844
vn -0.8727 -0.0620 0.4842
vn -0.7227 -0.0514 0.6892
vn -0.7227 0.0514 0.6892
vn -0.8727 0.0620 0.4842
vn -0.6871 0.2439 0.6844
vn -0.8211 0.2915 0.4907
vn -0.5158 0.5158 0.6840
vn -0.6146 0.6146 0.4946
vn -0.1174 0.3306 0.9364
vn 0.0052 0.0737 0.9973
vn -0.0052 0.0737 0.9973
vn 0.0260 0.0738 0.9969
vn 0.8539 0.0725 0.5153
vn 0.7093 0.0602 0.7024
vn 0.3291 0.1213 0.9365
vn 0.0557 0.0565 0.9968
vn 0.3395 0.9146 0.2199
vn 0.9764 -0.1916 0.0999
vn 0.9817 0.1598 0.1034
vn 0.7107 -0.0457 0.7020
vn 0.8551 -0.0552 0.5155
vn 0.6744 -0.2399 0.6983
vn 0.8036 -0.2859 0.5221
vn 0.5059 -0.5066 0.6982
vn 0.6009 -0.6018 0.5260
vn 0.0708 -0.9874 0.1417
vn 0.2847 -0.8040 0.5221
vn 0.2389 -0.6748 0.6983
vn -0.0008 -0.9927 0.1206
vn 0.0921 -0.9957 0.0000
vn 0.4157 0.0018 0.9095
vn 0.2148 0.0002 0.9767
vn 0.2215 -0.1931 0.9558
vn 0.4057 -0.3826 0.8301
vn -0.0552 0.8965 0.4396
vn -0.1059 0.7924 0.6007
vn -0.4057 -0.3826 0.8301
vn -0.4284 -0.1919 0.8830
vn -0.3380 0.4521 0.8254
vn -0.3907 0.2376 0.8893
vn 0.2108 -0.3855 0.8983
vn -0.6610 -0.2406 0.7107
vn -0.5389 -0.4522 0.7107
vn -0.3517 -0.6092 0.7107
vn -0.1222 -0.6928 0.7107
vn 0.1222 -0.6928 0.7107
vn 0.3517 -0.6092 0.7107
vn 0.6610 0.2406 0.7107
vn -0.0035 -0.0289 0.9996
vn -0.0012 -0.0114 0.9999
vn -0.0025 -0.0161 0.9999
vn -0.0105 -0.0253 0.9996
vn -0.1251 -0.8665 0.4833
vn -0.1028 -0.7122 0.6944
vn -0.2495 -0.2494 0.9357
vn -0.1175 -0.3305 0.9364
vn -0.3306 -0.1173 0.9364
vn -0.3409 -0.0242 0.9398
vn -0.3409 0.0242 0.9398
vn -0.3306 0.1174 0.9364
vn -0.2494 0.2494 0.9357
vn -0.0262 0.0738 0.9969
vn 0.3406 0.0289 0.9398
vn 0.0734 0.0270 0.9969
vn 0.9201 -0.3807 0.0924
vn 0.9454 0.3104 0.0997
vn 0.9860 0.1533 0.0653
vn 0.9967 0.0035 0.0806
vn 0.9967 0.0035 0.0807
vn 0.3391 -0.0237 0.9404
vn 0.3273 -0.1166 0.9377
vn 0.2473 -0.2477 0.9367
vn -0.0008 -0.9900 0.1413
vn 0.0533 -0.8678 0.4940
vn 0.0472 -0.7190 0.6934
vn 0.1162 -0.3275 0.9377
vn 0.0336 -0.0070 0.9994
vn -0.0672 0.9084 0.4128
vn -0.1280 0.8430 0.5224
vn -0.5278 -0.3829 0.7582
vn -0.5601 -0.1876 0.8069
vn -0.4915 0.3799 0.7836
vn -0.5227 0.1975 0.8293
vn -0.5949 0.2107 0.7757
vn -0.6149 0.0020 0.7886
vn -0.1889 -0.8543 0.4843
vn -0.1540 -0.6961 0.7012
vn -0.0478 -0.3310 0.9424
vn -0.0562 -0.0562 0.9968
vn -0.0262 -0.0737 0.9969
vn -0.0738 -0.0262 0.9969
vn -0.0737 -0.0052 0.9973
vn -0.0737 0.0052 0.9973
vn -0.0738 0.0262 0.9969
vn -0.0562 0.0562 0.9968
vn 0.0736 0.0063 0.9973
vn 0.0736 -0.0072 0.9973
vn -0.0101 -0.0701 0.9975
vn -0.0703 -0.3179 0.9455
vn -0.0146 -0.0658 0.9977
vn -0.1350 -0.2836 0.9494
vn -0.0272 -0.0571 0.9980
vn -0.0419 -0.0528 0.9977
vn -0.2025 -0.2550 0.9455
vn -0.0469 -0.0560 0.9973
vn -0.2185 -0.2600 0.9406
vn -0.1833 -0.2910 0.9390
vn -0.0398 -0.0633 0.9972
vn -0.1252 -0.3204 0.9390
vn -0.0273 -0.0698 0.9972
vn -0.0622 -0.3381 0.9391
vn -0.0135 -0.0735 0.9972
vn -0.0147 -0.3392 0.9406
vn -0.0031 -0.0728 0.9973
vn 0.0259 -0.3385 0.9406
vn 0.0077 -0.0733 0.9973
vn 0.0548 -0.0549 0.9970
vn 0.9516 0.3002 0.0651
vn 0.9882 0.1475 0.0419
vn 0.9970 0.0041 0.0772
vn 0.9985 0.0047 0.0547
vn 0.9221 -0.3810 0.0680
vn 0.9780 -0.1929 0.0794
vn 0.4049 -0.8754 0.2641
vn 0.4747 -0.7003 0.5332
vn 0.2035 -0.7038 0.6806
vn 0.6303 -0.3489 0.6936
vn 0.2783 -0.3240 0.9042
vn 0.6749 -0.0765 0.7339
vn 0.3068 -0.0694 0.9493
vn 0.6749 0.0762 0.7339
vn 0.3068 0.0696 0.9492
vn 0.6316 0.3491 0.6923
vn 0.2812 0.3259 0.9026
vn 0.4741 0.7063 0.5257
vn 0.2084 0.7000 0.6831
vn 0.3580 0.8984 0.2543
vn 0.3135 0.9489 0.0352
vn 0.1541 0.9879 0.0172
vn -0.0350 -0.7328 0.6795
vn -0.0402 -0.8879 0.4582
vn 0.1596 -0.9779 0.1352
vn 0.2840 -0.9247 0.2535
vn 0.2239 -0.9250 0.3070
vn 0.1204 -0.9798 0.1599
vn 0.3082 0.9509 0.0268
vn 0.1591 0.9872 0.0137
vn 0.3173 0.9482 0.0159
vn 0.1628 0.9866 0.0080
vn 0.3170 0.9484 -0.0008
vn 0.1639 0.9865 -0.0008
vn 0.3121 0.9491 -0.0427
vn 0.1677 0.9856 -0.0229
vn 0.2989 0.9491 -0.0996
vn 0.1595 0.9858 -0.0532
vn 0.2909 0.9487 -0.1236
vn 0.1468 0.9872 -0.0624
vn 0.2867 0.9487 -0.1332
vn 0.1488 0.9864 -0.0695
vn 0.2718 0.9488 -0.1609
vn 0.1426 0.9862 -0.0844
vn 0.2534 0.9487 -0.1890
vn 0.1320 0.9863 -0.0991
vn 0.2394 0.9486 -0.2069
vn 0.1228 0.9867 -0.1062
vn 0.1073 0.9846 -0.1382
vn 0.1912 0.9502 -0.2462
vn 0.0503 0.9844 -0.1688
vn 0.0888 0.9505 -0.2977
vn 0.0155 0.9487 -0.3159
vn 0.0076 0.9863 -0.1648
vn -0.2659 0.9640 -0.0000
vn -0.3259 0.9454 0.0000
vn -0.3063 0.9454 -0.1115
vn -0.2499 0.9640 -0.0909
vn -0.2497 0.9454 -0.2095
vn -0.2037 0.9640 -0.1709
vn -0.1630 0.9454 -0.2823
vn -0.1329 0.9640 -0.2303
vn -0.0566 0.9454 -0.3210
vn -0.0462 0.9640 -0.2619
vn 0.0566 0.9454 -0.3210
vn 0.0462 0.9640 -0.2619
vn 0.1630 0.9454 -0.2823
vn 0.1329 0.9640 -0.2303
vn 0.2497 0.9454 -0.2095
vn 0.2037 0.9640 -0.1709
vn 0.3063 0.9454 -0.1115
vn 0.2499 0.9640 -0.0909
vn 0.3259 0.9454 -0.0000
vn 0.2659 0.9640 -0.0000
vn 0.3063 0.9454 0.1115
vn 0.2499 0.9640 0.0909
vn 0.2497 0.9454 0.2095
vn 0.2037 0.9640 0.1709
vn 0.1630 0.9454 0.2823
vn 0.1329 0.9640 0.2303
vn 0.0566 0.9454 0.3210
vn 0.0462 0.9640 0.2619
vn -0.0566 0.9454 0.3210
vn -0.0462 0.9640 0.2619
vn -0.1630 0.9454 0.2823
vn -0.1329 0.9640 0.2303
vn -0.2497 0.9454 0.2095
vn -0.2037 0.9640 0.1709
vn -0.3063 0.9454 0.1115
vn -0.2499 0.9640 0.0909
vn -0.0155 0.9487 -0.3159
vn -0.0076 0.9863 -0.1648
vn -0.0888 0.9505 -0.2977
vn -0.0503 0.9844 -0.1688
vn -0.1912 0.9502 -0.2462
vn -0.1073 0.9846 -0.1382
vn -0.2394 0.9486 -0.2069
vn -0.1228 0.9867 -0.1062
vn -0.2534 0.9487 -0.1890
vn -0.1320 0.9863 -0.0991
vn -0.2718 0.9488 -0.1609
vn -0.1426 0.9862 -0.0844
vn -0.2867 0.9487 -0.1332
vn -0.1488 0.9864 -0.0695
vn -0.2909 0.9487 -0.1236
vn -0.1468 0.9872 -0.0624
vn -0.2989 0.9491 -0.0996
vn -0.1595 0.9858 -0.0532
vn -0.3121 0.9491 -0.0427
vn -0.1677 0.9856 -0.0229
vn -0.3170 0.9484 -0.0008
vn -0.1639 0.9865 -0.0008
vn -0.3147 0.9490 0.0165
vn -0.1620 0.9868 0.0084
vn -0.5871 -0.3818 0.7138
vn -0.6203 -0.1854 0.7621
vn -0.0200 -0.9265 0.3759
vn -0.0943 -0.9274 0.3620
vn -0.0550 -0.9803 0.1895
vn -0.0126 -0.9829 0.1840
vn -0.0620 0.9239 0.3776
vn -0.1272 0.8822 0.4534
vn -0.5514 0.3603 0.7525
vn -0.8636 -0.1894 0.4673
vn -0.8087 -0.1869 0.5577
vn -0.7938 0.1793 0.5811
vn -0.8374 0.2048 0.5069
vn 0.0200 -0.9265 0.3759
vn 0.0108 -0.9818 0.1896
vn -0.6611 -0.2406 0.7107
vn 0.0024 -0.0019 1.0000
vn 0.0030 -0.0023 1.0000
vn 0.0036 -0.0050 1.0000
vn -0.3753 -0.7882 0.4877
vn -0.3024 -0.6350 0.7108
vn -0.4433 -0.5584 0.7012
vn -0.4659 -0.5531 0.6907
vn -0.3874 -0.6140 0.6877
vn -0.2637 -0.6776 0.6865
vn -0.1266 -0.7246 0.6775
vn 0.9566 0.2882 0.0424
vn 0.9990 0.0039 0.0452
vn 0.9990 0.0035 0.0448
vn 0.3399 0.9377 0.0722
vn 0.1318 0.9897 0.0560
vn 0.9234 -0.3811 0.0451
vn 0.9784 -0.1985 0.0574
vn 0.9961 0.0015 0.0887
vn 0.9976 0.0038 0.0697
vn 0.4647 -0.8812 0.0869
vn 0.6892 -0.7104 0.1424
vn 0.4620 -0.8715 0.1644
vn 0.9222 -0.3316 0.1989
vn 0.9751 -0.0715 0.2101
vn 0.9751 0.0711 0.2101
vn 0.9223 0.3313 0.1989
vn 0.6989 0.6992 0.1507
vn -0.1585 -0.8724 0.4623
vn -0.3165 -0.8170 0.4820
vn 0.0074 -0.0157 0.9998
vn -0.0023 -0.0018 1.0000
vn 0.1740 -0.9255 0.3364
vn 0.0934 -0.9803 0.1742
vn 0.1853 -0.9794 0.0803
vn 0.3287 -0.9302 0.1634
vn 0.9882 0.1535 -0.0015
vn 0.9535 0.3013 -0.0023
vn 0.9781 0.1600 -0.1334
vn 0.9403 0.3153 -0.1284
vn 0.9366 0.1601 -0.3117
vn 0.9003 0.3153 -0.3000
vn 0.9086 0.1609 -0.3855
vn 0.8737 0.3143 -0.3712
vn 0.8950 0.1601 -0.4164
vn 0.8606 0.3143 -0.4007
vn 0.8512 0.1603 -0.4998
vn 0.8169 0.3147 -0.4834
vn 0.7931 0.1618 -0.5872
vn 0.7601 0.3145 -0.5686
vn 0.7466 0.1629 -0.6450
vn 0.7184 0.3143 -0.6206
vn 0.7318 0.1603 -0.6624
vn 0.7047 0.3146 -0.6359
vn 0.2819 0.1600 -0.9460
vn 0.2708 0.3210 -0.9075
vn 0.4417 0.3153 -0.8399
vn 0.4597 0.1575 -0.8740
vn 0.0479 0.1597 -0.9860
vn 0.0449 0.3155 -0.9479
vn -0.0470 0.1613 -0.9858
vn -0.0449 0.3155 -0.9479
vn -0.2708 0.3210 -0.9075
vn -0.2962 0.1684 -0.9402
vn -0.4417 0.3153 -0.8399
vn -0.4934 0.1696 -0.8531
vn -0.7602 0.1698 -0.6271
vn -0.7184 0.3143 -0.6206
vn -0.7047 0.3146 -0.6359
vn -0.7409 0.1693 -0.6500
vn -0.7601 0.3145 -0.5686
vn -0.8005 0.1639 -0.5765
vn -0.8169 0.3147 -0.4834
vn -0.8503 0.1600 -0.5014
vn -0.8606 0.3143 -0.4007
vn -0.8951 0.1601 -0.4162
vn -0.8738 0.3143 -0.3712
vn -0.9086 0.1609 -0.3854
vn -0.9003 0.3153 -0.3000
vn -0.9349 0.1604 -0.3167
vn -0.9403 0.3153 -0.1284
vn -0.9771 0.1602 -0.1402
vn -0.9535 0.3013 -0.0023
vn -0.9882 0.1532 -0.0038
vn -0.9880 0.1488 0.0416
vn -0.9566 0.2882 0.0424
vn -0.3249 0.9453 0.0297
vn -0.1643 0.9863 0.0149
vn -0.1647 0.9640 0.2088
vn -0.3223 0.9200 0.2230
vn -0.8172 -0.3795 0.4338
vn -0.7628 -0.3788 0.5241
vn -0.1740 -0.9255 0.3364
vn -0.0944 -0.9807 0.1711
vn -0.1022 0.9370 0.3341
vn -0.1887 0.8976 0.3985
vn -0.7562 0.4092 0.5106
vn -0.7055 0.4279 0.5649
vn -0.9406 -0.2044 0.2712
vn -0.9246 0.1806 0.3355
vn 0.0530 -0.9791 0.1965
vn 0.0943 -0.9274 0.3620
vn 0.0009 -0.0004 1.0000
vn 0.6610 -0.2406 0.7107
vn 0.0068 0.0002 1.0000
vn 0.0073 -0.0000 1.0000
vn 0.0018 -0.0035 1.0000
vn -0.0078 -0.0128 0.9999
vn -0.5440 -0.6852 0.4843
vn -0.5646 -0.6691 0.4833
vn -0.4669 -0.7397 0.4846
vn 0.9995 0.0037 0.0318
vn 0.1303 0.9910 0.0314
vn 0.1416 0.9899 0.0040
vn 0.9245 -0.3813 -0.0043
vn 0.9796 -0.2008 -0.0085
vn 0.9997 -0.0176 0.0146
vn 0.9977 -0.0091 0.0666
vn 0.4724 -0.8814 0.0023
vn 0.6922 -0.7217 0.0024
vn 0.9428 -0.3332 0.0025
vn 0.9975 -0.0709 0.0027
vn 0.9975 0.0705 0.0027
vn 0.9430 0.3329 0.0025
vn 0.7097 0.7045 0.0017
vn 0.3377 0.9413 0.0006
vn -0.0232 -0.0050 0.9997
vn -0.0179 -0.0135 0.9997
vn 0.9996 0.0080 0.0283
vn 0.9993 0.0068 -0.0380
vn 0.9180 0.0027 -0.3967
vn 0.9182 0.0034 -0.3961
vn 0.9474 0.0031 -0.3201
vn 0.8949 0.0025 -0.4463
vn 0.8521 0.0042 -0.5234
vn 0.8336 0.0115 -0.5523
vn 0.8439 0.0047 -0.5365
vn 0.8515 -0.0013 -0.5243
vn 0.7044 0.0055 -0.7098
vn 0.0988 0.0006 -0.9951
vn -0.0260 0.0063 -0.9996
vn 0.0251 0.0160 -0.9996
vn -0.4570 0.0247 -0.8891
vn -0.5318 0.0259 -0.8465
vn -0.7149 0.0227 -0.6989
vn -0.7892 0.0246 -0.6136
vn -0.8090 0.0207 -0.5875
vn -0.8453 0.0267 -0.5336
vn -0.8503 0.0033 -0.5262
vn -0.8953 0.0025 -0.4454
vn -0.9200 0.0033 -0.3918
vn -0.9182 0.0033 -0.3962
vn -0.9454 0.0043 -0.3260
vn -0.9881 0.0042 -0.1536
vn -0.9993 0.0029 -0.0373
vn -0.9848 0.1536 0.0806
vn -0.9515 0.2981 0.0758
vn -0.2239 -0.9250 0.3070
vn -0.1212 -0.9801 0.1572
vn -0.2840 -0.9247 0.2535
vn -0.1597 -0.9778 0.1356
vn -0.1370 0.9251 0.3541
vn -0.2487 0.8824 0.3995
vn -0.8554 0.3535 0.3785
vn -0.9634 -0.2279 0.1412
vn -0.9669 0.1780 0.1827
vn -0.8799 -0.4113 0.2381
vn -0.1736 0.0000 -0.9848
vn -0.5000 0.0000 -0.8660
vn -0.4998 0.0000 -0.8661
vn -0.7660 0.0000 -0.6428
vn -0.7658 0.0000 -0.6431
vn -0.9396 -0.0000 -0.3422
vn -0.9394 -0.0000 -0.3429
vn -0.9961 -0.0000 -0.0877
vn -0.9961 -0.0000 -0.0882
vn -0.9975 0.0000 0.0705
vn -0.9975 0.0000 0.0702
vn -0.9424 -0.0000 0.3344
vn -0.9427 -0.0000 0.3337
vn -0.7071 -0.0000 0.7071
vn -0.7076 -0.0000 0.7066
vn -0.2669 -0.0000 0.9637
vn -0.2672 -0.0000 0.9636
vn 0.2672 -0.0000 0.9636
vn 0.2675 -0.0000 0.9636
vn 0.7080 -0.0000 0.7062
vn 0.7085 -0.0000 0.7057
vn 0.9432 -0.0000 0.3323
vn 0.9434 -0.0000 0.3316
vn 0.9977 -0.0000 0.0678
vn 0.9977 -0.0000 0.0676
vn 0.9956 -0.0000 -0.0932
vn 0.9956 -0.0000 -0.0937
vn 0.9382 -0.0000 -0.3461
vn 0.9379 -0.0000 -0.3468
vn 0.7660 -0.0000 -0.6428
vn 0.7658 -0.0000 -0.6431
vn 0.5000 0.0000 -0.8660
vn 0.4998 0.0000 -0.8661
vn 0.1736 0.0000 -0.9848
vn 1.0000 0.0000 -0.0000
vn 0.9397 -0.3420 0.0000
vn 0.7660 -0.6428 0.0000
vn 0.5000 -0.8660 0.0000
vn 0.1736 -0.9848 0.0000
vn -0.1736 -0.9848 0.0000
vn -0.5000 -0.8660 0.0000
vn -0.7660 -0.6428 0.0000
vn -0.9397 -0.3420 0.0000
vn -1.0000 0.0000 0.0000
vn -0.9397 0.3420 -0.0000
vn -0.7660 0.6428 -0.0000
vn -0.5000 0.8660 -0.0000
vn -0.1736 0.9848 -0.0000
vn 0.1736 0.9848 -0.0000
vn -0.0176 -0.0220 0.9996
vn 0.3398 -0.9389 0.0550
vn 0.1792 -0.9834 0.0282
vn 0.9994 0.0035 0.0336
vn 0.3515 0.9351 -0.0452
vn 0.1442 0.9895 -0.0022
vn 0.9151 -0.3828 -0.1262
vn 0.9705 -0.1915 -0.1463
vn 0.1905 -0.9817 0.0073
vn 0.1985 -0.9801 0.0092
vn 0.3872 -0.9217 0.0238
vn 0.3644 -0.9310 0.0210
vn 0.9993 -0.0087 -0.0354
vn 0.9352 -0.3321 -0.1233
vn 0.9889 -0.0712 -0.1303
vn 0.9889 0.0707 -0.1303
vn 0.9353 0.3318 -0.1233
vn -0.0110 -0.0100 0.9999
vn 0.0675 -0.9766 -0.2042
vn 0.1186 -0.9242 -0.3631
vn 0.2401 -0.9233 -0.2998
vn 0.1359 -0.9763 -0.1686
vn 0.2978 -0.9209 -0.2514
vn 0.1544 -0.9793 -0.1306
vn 0.3137 -0.9210 -0.2312
vn 0.1657 -0.9787 -0.1212
vn 0.3359 -0.9211 -0.1971
vn 0.1780 -0.9786 -0.1037
vn 0.5215 0.8289 -0.2026
vn 0.5145 0.8345 -0.1971
vn 0.6796 0.7043 -0.2051
vn 0.7365 0.6203 -0.2698
vn -0.0746 0.9851 -0.1551
vn -0.1871 0.9740 -0.1278
vn 0.0094 0.9808 0.1950
vn 0.0859 0.9828 0.1634
vn 0.5135 -0.0139 0.8580
vn 0.5324 0.0008 0.8465
vn 0.4673 -0.0552 0.8824
vn 0.4144 0.0515 0.9086
vn 0.3867 0.1437 0.9109
vn 0.2421 0.6703 0.7015
vn 0.2773 0.7257 0.6297
vn -0.4289 0.1423 -0.8921
vn -0.4307 0.5637 -0.7048
vn -0.3278 0.6906 -0.6446
vn -0.4026 0.1582 -0.9016
vn -0.4406 0.0941 -0.8927
vn -0.4239 0.0514 -0.9042
vn -0.4425 0.0079 -0.8967
vn -0.4402 0.0150 -0.8978
vn -0.4451 -0.0000 -0.8955
vn 0.2969 -0.1970 -0.9344
vn 0.1521 0.0056 -0.9883
vn 0.4415 0.0294 -0.8968
vn -0.0551 -0.3810 -0.9230
vn -0.0694 -0.1860 -0.9801
vn 0.0516 -0.2000 -0.9784
vn 0.0551 -0.3810 -0.9230
vn -0.1837 0.0460 -0.9819
vn -0.1208 0.0026 -0.9927
vn -0.0073 0.0060 -1.0000
vn 0.3040 0.6869 -0.6601
vn 0.3799 0.6366 -0.6711
vn 0.4320 0.1392 -0.8911
vn 0.4025 0.1581 -0.9017
vn 0.4107 0.0117 -0.9117
vn 0.3866 -0.0422 -0.9213
vn 0.4233 0.0498 -0.9046
vn 0.4397 0.1009 -0.8925
vn -0.0859 0.9828 0.1633
vn -0.0094 0.9808 0.1950
vn 0.1360 0.9840 -0.1155
vn 0.0533 0.9873 -0.1496
vn -0.2772 0.7258 0.6296
vn -0.2469 0.6725 0.6977
vn -0.4125 0.1704 0.8949
vn -0.4003 0.1477 0.9044
vn -0.4194 0.0676 0.9053
vn -0.4663 -0.0557 0.8829
vn -0.5048 -0.0284 0.8628
vn -0.5366 0.0022 0.8438
vn -0.5572 0.0176 0.8302
vn -0.7262 0.6336 -0.2666
vn -0.4581 0.8777 -0.1407
vn -0.5418 0.8220 -0.1755
vn -0.3404 0.9392 -0.0451
vn -0.1413 0.9898 -0.0157
vn -0.1326 0.9876 0.0843
vn -0.3269 0.9399 0.0982
vn -0.9500 -0.1106 -0.2919
vn -0.9618 0.0034 -0.2737
vn -0.9301 0.3140 0.1905
vn -0.2786 0.8639 0.4195
vn -0.1453 0.9059 0.3978
vn -0.0678 -0.9768 -0.2033
vn -0.1186 -0.9242 -0.3631
vn -0.0251 -0.9227 -0.3847
vn -0.0148 -0.9808 -0.1942
vn -0.3412 -0.9226 0.1801
vn -0.1884 -0.9777 0.0925
vn -0.2051 -0.9774 0.0507
vn -0.3572 -0.9329 0.0463
vn -0.2028 -0.9791 0.0122
vn -0.3359 -0.9211 -0.1971
vn -0.3137 -0.9210 -0.2312
vn -0.1658 -0.9786 -0.1221
vn -0.1781 -0.9784 -0.1047
vn -0.2978 -0.9209 -0.2514
vn -0.1547 -0.9794 -0.1297
vn -0.2401 -0.9233 -0.2998
vn -0.1361 -0.9763 -0.1683
vn -0.8853 -0.4486 0.1223
vn 0.0138 -0.9799 -0.1991
vn 0.0251 -0.9227 -0.3847
vn 0.9397 0.3420 -0.0000
vn 0.5000 0.8660 -0.0000
vn 0.7065 0.7015 -0.0934
vn 0.8763 -0.3822 -0.2934
vn 0.9324 -0.1837 -0.3114
vn 0.2007 -0.9796 0.0061
vn 0.3877 -0.9216 0.0157
vn 0.4833 -0.8736 -0.0579
vn 0.6980 -0.7103 -0.0907
vn 0.9029 -0.3329 -0.2721
vn 0.9550 -0.0710 -0.2878
vn 0.9551 0.0706 -0.2878
vn 0.9029 0.3327 -0.2721
vn 0.3529 -0.9210 -0.1648
vn 0.1852 -0.9789 -0.0865
vn 0.4756 0.8679 -0.1433
vn 0.3224 0.9423 0.0899
vn 0.1705 0.9450 -0.2790
vn 0.8284 -0.0420 -0.5586
vn 0.8969 -0.1393 -0.4198
vn 0.8806 -0.0173 -0.4736
vn 0.6613 -0.6880 -0.2987
vn 0.6581 -0.6918 -0.2973
vn 0.9081 -0.1406 -0.3945
vn 0.3983 -0.0879 0.9130
vn 0.4129 0.1701 0.8947
vn 0.4293 0.6947 0.5772
vn -0.1472 0.6654 -0.7318
vn 0.5681 0.7270 -0.3856
vn 0.3677 0.8820 -0.2946
vn 0.4310 0.8652 -0.2563
vn 0.6577 0.6333 -0.4078
vn 0.7574 0.5151 -0.4013
vn 0.8343 0.3322 -0.4401
vn 0.7838 0.3325 -0.5245
vn 0.2986 0.9167 -0.2653
vn 0.3324 0.9049 -0.2658
vn 0.5019 0.7369 -0.4528
vn 0.1720 0.9280 -0.3305
vn 0.2610 0.9137 -0.3116
vn 0.3103 0.7329 -0.6054
vn 0.0417 0.9139 -0.4038
vn 0.0992 0.9108 -0.4007
vn 0.0757 0.7335 -0.6754
vn 0.0058 0.8915 -0.4529
vn -0.0324 0.7269 -0.6859
vn -0.0395 0.8805 -0.4724
vn -0.1455 0.7132 -0.6857
vn -0.1751 0.8583 -0.4824
vn -0.3186 0.6556 -0.6846
vn -0.3825 0.7872 -0.4838
vn -0.4940 0.5365 -0.6842
vn -0.5925 0.6435 -0.4845
vn -0.6429 0.3671 -0.6722
vn -0.7759 0.4367 -0.4553
vn -0.8704 0.2246 -0.4381
vn -0.7166 0.2142 -0.6638
vn -0.7238 0.0981 -0.6830
vn -0.8764 0.1210 -0.4662
vn -0.7219 0.0266 -0.6915
vn -0.8736 0.0317 -0.4856
vn -0.7193 -0.0924 -0.6885
vn -0.8646 -0.1110 -0.4900
vn -0.6674 -0.2869 -0.6872
vn -0.7997 -0.3437 -0.4923
vn -0.5347 -0.4924 -0.6867
vn -0.6398 -0.5891 -0.4936
vn -0.3408 -0.6415 -0.6873
vn -0.4083 -0.7686 -0.4925
vn -0.1821 -0.8525 -0.4900
vn -0.1517 -0.7093 -0.6884
vn -0.0393 -0.8760 -0.4807
vn -0.0332 -0.7236 -0.6895
vn 0.0789 -0.7241 -0.6852
vn 0.0562 -0.8936 -0.4454
vn 0.2746 -0.3858 -0.8808
vn -0.2746 -0.3858 -0.8808
vn -0.2821 -0.1737 -0.9435
vn 0.1517 -0.7093 -0.6884
vn 0.1821 -0.8525 -0.4900
vn 0.0247 -0.8725 -0.4881
vn 0.0023 -0.7171 -0.6970
vn 0.3408 -0.6415 -0.6873
vn 0.4083 -0.7686 -0.4925
vn 0.5347 -0.4924 -0.6867
vn 0.6398 -0.5891 -0.4937
vn 0.6674 -0.2869 -0.6872
vn 0.7997 -0.3437 -0.4923
vn 0.7193 -0.0924 -0.6885
vn 0.8646 -0.1110 -0.4900
vn 0.7219 0.0266 -0.6915
vn 0.8736 0.0317 -0.4856
vn 0.7181 0.0923 -0.6898
vn 0.8692 0.1110 -0.4819
vn 0.6988 0.2040 -0.6856
vn 0.8409 0.2454 -0.4824
vn 0.6275 0.3734 -0.6832
vn 0.7527 0.4499 -0.4806
vn 0.4955 0.5407 -0.6797
vn 0.5886 0.6535 -0.4758
vn 0.3238 0.6561 -0.6816
vn 0.3924 0.7876 -0.4751
vn 0.4903 0.7375 -0.4645
vn 0.0269 0.7073 -0.7064
vn 0.0854 0.8588 -0.5051
vn -0.3328 0.7103 -0.6202
vn -0.2236 0.8662 -0.4468
vn -0.5302 0.6986 -0.4805
vn -0.3818 0.8570 -0.3461
vn -0.3403 0.8567 -0.3877
vn -0.5908 0.7054 -0.3917
vn -0.4328 0.8574 -0.2783
vn -0.4200 0.8561 -0.3010
vn -0.6756 0.6352 -0.3743
vn -0.4163 0.8770 -0.2400
vn -0.4317 0.8644 -0.2579
vn -0.7839 0.3326 -0.5243
vn -0.8343 0.3373 -0.4360
vn -0.9251 -0.0133 -0.3796
vn -0.9042 -0.1382 -0.4042
vn -0.9168 -0.0059 -0.3994
vn -0.6520 -0.6986 -0.2945
vn -0.9017 -0.1438 -0.4076
vn -0.6486 -0.7025 -0.2930
vn -0.1705 0.9450 -0.2790
vn -0.3223 0.9424 0.0898
vn 0.1471 0.6656 -0.7317
vn -0.4292 0.6948 0.5770
vn -0.3974 -0.0872 0.9135
vn -0.6712 0.7124 -0.2050
vn -0.9104 0.3158 -0.2674
vn -0.7059 0.7021 -0.0940
vn -0.2724 0.8987 0.3438
vn -0.1099 0.9288 0.3540
vn -0.2320 0.7264 0.6469
vn -0.1002 0.7414 0.6635
vn -0.9442 -0.2973 -0.1417
vn -0.9371 -0.2257 -0.2664
vn -0.9976 -0.0009 0.0691
vn -0.9956 0.0044 0.0938
vn -0.3761 -0.9202 0.1086
vn -0.3902 -0.9204 0.0257
vn -0.2004 -0.9797 0.0103
vn -0.3529 -0.9210 -0.1648
vn -0.1855 -0.9788 -0.0864
vn 0.7660 0.6428 -0.0000
vn 0.8508 -0.3807 -0.3622
vn 0.9077 -0.1884 -0.3749
vn 0.9485 0.0181 -0.3164
vn 0.9670 0.0106 -0.2546
vn 0.4883 -0.8651 -0.1150
vn 0.6737 -0.7078 -0.2124
vn 0.2024 -0.9793 -0.0044
vn 0.3882 -0.9216 -0.0051
vn 0.8753 -0.3334 -0.3502
vn 0.9260 -0.0710 -0.3708
vn 0.9347 -0.0002 -0.3554
vn 0.9262 0.0706 -0.3704
vn 0.8755 0.3331 -0.3501
vn 0.3580 -0.9209 -0.1541
vn 0.1831 -0.9798 -0.0800
vn 0.1975 -0.9779 -0.0693
vn 0.3671 -0.9216 -0.1259
vn 0.3830 -0.9221 -0.0559
vn 0.2075 -0.9777 -0.0321
vn 0.7964 0.5144 -0.3181
vn -0.0118 -0.9999 0.0053
vn -0.0070 -1.0000 0.0032
vn 0.4300 0.1700 0.8867
vn 0.6339 0.5787 0.5131
vn 0.7817 0.4216 0.4596
vn 0.8065 0.5870 -0.0705
vn 0.5982 0.8014 -0.0004
vn -0.3607 0.1596 -0.9189
vn -0.3887 0.0878 -0.9172
vn 0.8288 0.0705 -0.5550
vn 0.8823 0.0706 -0.4654
vn 0.6994 0.3305 -0.6337
vn 0.1048 0.3321 -0.9374
vn 0.4294 0.3328 -0.8396
vn -0.0150 0.3393 -0.9406
vn -0.0690 0.3382 -0.9385
vn -0.1518 0.3123 -0.9378
vn -0.2358 0.2561 -0.9375
vn -0.2988 0.1769 -0.9378
vn -0.3314 0.0970 -0.9385
vn -0.3372 0.0438 -0.9404
vn -0.3394 0.0127 -0.9405
vn -0.3430 -0.0441 -0.9383
vn -0.3202 -0.1377 -0.9373
vn -0.2573 -0.2369 -0.9368
vn -0.1635 -0.3078 -0.9373
vn -0.0726 -0.3382 -0.9383
vn -0.0162 -0.3394 -0.9405
vn 0.1923 -0.9044 -0.3809
vn 0.3134 -0.7241 -0.6144
vn 0.1047 -0.3319 -0.9375
vn 0.4750 -0.1695 -0.8635
vn 0.4323 -0.3802 -0.8177
vn -0.4323 -0.3802 -0.8177
vn -0.4577 -0.1882 -0.8690
vn -0.4647 0.0017 -0.8855
vn -0.3547 0.0288 -0.9345
vn -0.5151 -0.7169 -0.4698
vn -0.2694 -0.7222 -0.6371
vn -0.2783 -0.8973 -0.3425
vn -0.3772 -0.3329 -0.8642
vn -0.0292 -0.3351 -0.9417
vn 0.0726 -0.3382 -0.9383
vn 0.1635 -0.3078 -0.9373
vn 0.2573 -0.2369 -0.9368
vn 0.3202 -0.1377 -0.9373
vn 0.3430 -0.0441 -0.9383
vn 0.3394 0.0127 -0.9405
vn 0.3372 0.0438 -0.9404
vn 0.3314 0.0970 -0.9385
vn 0.2988 0.1769 -0.9378
vn 0.2358 0.2561 -0.9375
vn 0.1518 0.3123 -0.9378
vn -0.1018 0.3506 -0.9310
vn -0.6994 0.3305 -0.6337
vn 0.3607 0.1590 -0.9190
vn 0.3886 0.0871 -0.9173
vn -0.7894 0.5226 -0.3222
vn -0.8740 0.3369 -0.3501
vn -0.8288 0.0704 -0.5550
vn -0.8823 0.0706 -0.4654
vn 0.0315 -0.9994 0.0142
vn 0.0269 -0.9996 0.0121
vn -0.8065 0.5870 -0.0706
vn -0.7817 0.4216 0.4596
vn -0.6339 0.5788 0.5130
vn -0.5982 0.8014 -0.0005
vn -0.4298 0.1710 0.8866
vn -0.9523 0.2808 -0.1198
vn -0.9262 0.0706 -0.3704
vn -0.9597 0.0533 -0.2761
vn -0.6956 0.7160 0.0594
vn -0.9984 0.0051 0.0560
vn -0.9333 0.0013 0.3592
vn -0.9357 -0.1088 0.3356
vn -0.6383 0.7100 0.2973
vn -0.5834 0.5904 0.5578
vn -0.3122 0.6377 0.7042
vn -0.0906 0.6705 0.7363
vn -0.9409 -0.3357 -0.0454
vn -0.9994 0.0078 0.0348
vn -0.9999 0.0093 0.0096
vn -0.9996 0.0106 -0.0243
vn -0.9996 0.0075 -0.0264
vn -0.4714 0.7111 0.5217
vn -0.2067 0.7058 0.6776
vn -0.3328 0.9087 0.2520
vn -0.6476 0.2764 0.7101
vn -0.2863 0.2592 0.9224
vn -0.6769 0.0023 0.7361
vn -0.3075 0.0021 0.9515
vn -0.6750 -0.0753 0.7340
vn -0.6295 -0.3507 0.6934
vn -0.2762 -0.3269 0.9038
vn -0.3068 -0.0683 0.9493
vn -0.4729 -0.7019 0.5326
vn -0.2004 -0.7074 0.6778
vn -0.4073 -0.8721 0.2712
vn -0.9667 -0.2321 0.1076
vn -0.9735 -0.2134 0.0819
vn -0.9027 -0.4219 0.0843
vn -0.3877 -0.9216 0.0157
vn -0.2009 -0.9796 0.0061
vn -0.3882 -0.9216 -0.0051
vn -0.2026 -0.9793 -0.0043
vn -0.3830 -0.9221 -0.0559
vn -0.2077 -0.9777 -0.0322
vn -0.3671 -0.9216 -0.1259
vn -0.1977 -0.9778 -0.0697
vn -0.3579 -0.9209 -0.1541
vn -0.1825 -0.9800 -0.0798
vn 0.8385 -0.3809 -0.3897
vn 0.8898 -0.1916 -0.4141
vn 0.9280 0.0118 -0.3723
vn 0.4780 -0.8574 -0.1909
vn 0.6555 -0.7086 -0.2612
vn 0.4393 -0.8862 -0.1471
vn 0.8342 -0.3325 -0.4399
vn 0.8821 -0.0710 -0.4657
vn 0.9147 -0.0002 -0.4042
vn 0.9174 -0.0001 -0.3979
vn 0.1541 -0.9790 0.1339
vn 0.3246 -0.9417 0.0886
vn 0.4139 -0.6833 0.6015
vn 0.3096 -0.7184 0.6230
vn 0.4023 -0.1386 0.9050
vn 0.3916 -0.1120 0.9133
vn 0.3914 0.1211 0.9122
vn 0.4305 0.1100 0.8959
vn -0.0321 0.9994 0.0141
vn -0.0270 0.9996 0.0128
vn 0.2821 0.9510 -0.1269
vn 0.2818 0.9509 -0.1276
vn 0.9284 -0.0002 -0.3717
vn 0.8850 -0.0002 -0.4657
vn 0.7445 -0.1986 -0.6374
vn 0.7011 -0.3805 -0.6031
vn 0.6879 -0.3804 -0.6181
vn 0.7255 -0.2160 -0.6534
vn 0.7870 -0.1906 -0.5867
vn 0.7418 -0.3807 -0.5521
vn 0.8449 -0.1910 -0.4997
vn 0.7960 -0.3810 -0.4703
vn 0.6161 0.5860 -0.5264
vn 0.4252 0.8010 -0.4215
vn 0.1560 0.3974 -0.9043
vn 0.0296 0.5506 -0.8343
vn -0.2651 0.1107 -0.9579
vn -0.3071 0.1404 -0.9413
vn 0.8287 -0.0709 -0.5551
vn 0.8497 -0.0002 -0.5273
vn 0.8710 -0.0002 -0.4913
vn 0.7392 0.0705 -0.6697
vn 0.1108 0.0710 -0.9913
vn 0.4543 0.0721 -0.8879
vn -0.0032 0.0728 -0.9973
vn -0.0151 0.0739 -0.9972
vn -0.0334 0.0687 -0.9971
vn -0.0521 0.0565 -0.9970
vn -0.0657 0.0389 -0.9971
vn -0.0723 0.0213 -0.9972
vn -0.0725 0.0095 -0.9973
vn -0.0729 0.0028 -0.9973
vn -0.0751 -0.0096 -0.9971
vn -0.0708 -0.0304 -0.9970
vn -0.0571 -0.0526 -0.9970
vn -0.0361 -0.0681 -0.9970
vn -0.0160 -0.0740 -0.9971
vn -0.0036 -0.0730 -0.9973
vn 0.5120 -0.7187 -0.4703
vn 0.3338 -0.8869 -0.3193
vn 0.4294 -0.3332 -0.8394
vn 0.1107 -0.0710 -0.9913
vn 0.7985 0.0036 -0.6019
vn 0.7763 -0.0106 -0.6303
vn -0.6879 -0.3804 -0.6181
vn -0.7011 -0.3805 -0.6031
vn -0.7434 -0.2048 -0.6367
vn -0.7194 -0.2040 -0.6639
vn -0.6425 0.0023 -0.7663
vn -0.7234 -0.0127 -0.6903
vn -0.5803 -0.7142 -0.3913
vn -0.3428 -0.8826 -0.3216
vn -0.4044 -0.8717 -0.2767
vn -0.6992 -0.3315 -0.6334
vn -0.0957 -0.0758 -0.9925
vn -0.0368 -0.0778 -0.9963
vn 0.0361 -0.0681 -0.9970
vn 0.0571 -0.0526 -0.9970
vn 0.0708 -0.0304 -0.9970
vn 0.0751 -0.0096 -0.9971
vn 0.0729 0.0028 -0.9973
vn 0.0725 0.0095 -0.9973
vn 0.0723 0.0213 -0.9972
vn 0.0658 0.0389 -0.9971
vn 0.0521 0.0565 -0.9970
vn 0.0334 0.0687 -0.9971
vn -0.4752 0.3504 -0.8071
vn -0.1426 0.0792 -0.9866
vn -0.7392 0.0705 -0.6697
vn -0.8823 -0.0710 -0.4653
vn -0.8699 -0.0002 -0.4932
vn -0.8287 -0.0709 -0.5551
vn -0.4252 0.8010 -0.4215
vn -0.6161 0.5860 -0.5264
vn 0.2654 0.1107 -0.9578
vn -0.1560 0.3975 -0.9043
vn -0.0297 0.5506 -0.8342
vn 0.3079 0.1399 -0.9411
vn -0.9596 0.2810 0.0126
vn -0.9927 0.0185 -0.1195
vn -0.9344 -0.0002 -0.3562
vn -0.9261 -0.0710 -0.3705
vn -0.9568 -0.0708 -0.2819
vn -0.9311 0.1238 0.3431
vn -0.6941 0.7038 0.1514
vn -0.3359 0.9390 0.0745
vn -0.9429 0.2636 0.2038
vn -0.9776 0.0020 0.2106
vn -0.9751 -0.0702 0.2105
vn -0.9224 -0.3309 0.1994
vn -0.7010 -0.6971 0.1509
vn -0.4410 -0.8783 0.1845
vn -0.9802 -0.1918 0.0488
vn -0.9975 0.0039 0.0711
vn -0.9976 0.0045 0.0694
vn -0.9234 -0.3811 0.0451
vn -0.7418 -0.3807 -0.5521
vn -0.7960 -0.3810 -0.4703
vn -0.8448 -0.1907 -0.4999
vn -0.7878 -0.1943 -0.5845
vn 0.9068 0.0032 -0.4215
vn 0.9230 0.0033 -0.3848
vn 0.6292 -0.7031 -0.3313
vn 0.4695 -0.8582 -0.2074
vn 0.4514 -0.8590 -0.2415
vn 0.7835 -0.3331 -0.5246
vn 0.1725 -0.9444 -0.2799
vn 0.0194 -0.9827 -0.1842
vn -0.2361 -0.6961 -0.6780
vn -0.1485 -0.6708 -0.7266
vn 0.6233 -0.5708 0.5345
vn 0.7776 -0.4208 0.4672
vn 0.5153 -0.1057 0.8505
vn 0.4714 -0.1250 0.8730
vn 0.3304 0.0913 0.9394
vn -0.4263 -0.0938 -0.8997
vn -0.3965 -0.0967 -0.9129
vn -0.3927 -0.1803 -0.9018
vn 0.8575 0.0072 -0.5145
vn 0.5244 0.1100 0.8444
vn 0.4916 0.1460 0.8585
vn 0.3358 -0.0758 0.9389
vn 0.8721 0.2435 0.4245
vn 0.9125 0.0737 0.4023
vn 0.9851 0.1043 -0.1369
vn 0.9320 0.3434 -0.1158
vn -0.3358 0.0758 -0.9389
vn 0.7392 -0.0710 -0.6697
vn -0.3661 -0.1048 -0.9246
vn -0.3637 -0.1796 -0.9140
vn 0.4543 -0.0723 -0.8879
vn 0.5844 -0.7094 -0.3938
vn 0.4167 -0.8643 -0.2818
vn 0.6992 -0.3315 -0.6334
vn -0.8039 -0.0079 -0.5948
vn -0.6268 -0.7057 -0.3303
vn -0.4251 -0.8645 -0.2683
vn -0.4447 -0.8629 -0.2401
vn -0.7835 -0.3331 -0.5246
vn -0.7392 -0.0710 -0.6697
vn -0.3987 -0.0726 -0.9142
vn -0.4850 0.0802 -0.8708
vn 0.3370 0.0757 -0.9385
vn -0.8850 -0.0002 -0.4657
vn -0.9284 -0.0002 -0.3717
vn -0.8342 -0.3325 -0.4399
vn -0.9129 -0.0001 -0.4082
vn 0.1501 -0.6732 -0.7241
vn 0.2367 -0.7045 -0.6691
vn -0.0193 -0.9827 -0.1844
vn -0.1724 -0.9444 -0.2799
vn 0.3659 -0.1499 -0.9185
vn 0.3547 -0.1482 -0.9232
vn 0.3633 -0.0409 -0.9308
vn 0.3140 -0.0225 -0.9491
vn -0.0373 0.9990 -0.0248
vn -0.0441 0.9990 -0.0090
vn 0.1372 0.9878 0.0733
vn 0.1465 0.9875 0.0588
vn -0.9851 0.1043 -0.1369
vn -0.9125 0.0737 0.4023
vn -0.8721 0.2435 0.4244
vn -0.9320 0.3434 -0.1158
vn -0.5247 0.1100 0.8442
vn -0.4923 0.1467 0.8580
vn -0.3370 -0.0757 0.9385
vn -0.9999 0.0018 -0.0109
vn -0.3913 0.1947 0.8994
vn -0.4063 -0.1122 0.9068
vn -0.4400 -0.0880 0.8937
vn -0.4693 0.2227 0.8545
vn -0.4174 -0.6888 0.5927
vn -0.3184 -0.7222 0.6141
vn -0.3243 -0.9418 0.0882
vn -0.1538 -0.9791 0.1332
vn -0.9029 -0.3329 -0.2721
vn -0.8753 -0.3334 -0.3502
vn -0.9341 0.3142 0.1693
vn -0.9338 0.2205 0.2818
vn -0.7348 0.4780 0.4813
vn -0.3756 0.8434 0.3842
vn -0.1268 0.8651 0.4852
vn -0.9480 0.1132 -0.2975
vn -0.9996 -0.0070 0.0277
vn -0.9478 0.2194 -0.2315
vn -0.1341 0.9892 0.0584
vn -0.1327 0.9906 0.0335
vn -0.3452 0.9342 0.0906
vn -0.7151 0.6954 0.0708
vn -0.9650 0.2578 0.0477
vn -0.9994 0.0019 0.0336
vn -0.9972 -0.0695 0.0290
vn -0.9428 -0.3324 0.0252
vn -0.7096 -0.7043 0.0185
vn -0.3353 -0.9421 0.0087
vn -0.3422 -0.9370 0.0708
vn -0.1323 -0.9907 0.0318
vn -0.9798 -0.2000 -0.0033
vn -0.9992 -0.0129 0.0390
vn -0.9971 -0.0491 0.0588
vn -0.9985 -0.0322 0.0434
vn -0.9245 -0.3813 -0.0043
vn -0.8385 -0.3809 -0.3897
vn -0.8898 -0.1916 -0.4141
vn -0.8291 0.0050 -0.5591
vn 0.0287 -0.5510 -0.8340
vn 0.1566 -0.3969 -0.9044
vn 0.6180 -0.5833 -0.5271
vn 0.4275 -0.7993 -0.4224
vn 0.8083 -0.5844 -0.0719
vn 0.6001 -0.7999 -0.0018
vn 0.5616 -0.0201 0.8272
vn 0.2783 0.0171 0.9603
vn 0.2881 0.0440 0.9566
vn 0.5545 -0.0589 0.8301
vn 0.7840 0.1029 -0.6122
vn 0.7338 0.3402 -0.5881
vn -0.8360 -0.3981 0.3776
vn -0.8355 -0.3993 0.3774
vn -0.9061 -0.1067 0.4093
vn -0.9062 -0.1065 0.4093
vn 0.2679 0.0684 -0.9610
vn 0.2347 0.2276 -0.9450
vn -0.2308 0.0659 -0.9708
vn -0.2133 0.0192 -0.9768
vn -0.2638 -0.1112 -0.9582
vn -0.3045 -0.1442 -0.9415
vn -0.3315 -0.0749 -0.9405
vn -0.6590 -0.7045 -0.2636
vn -0.4727 -0.8556 -0.2109
vn -0.9068 0.0032 -0.4216
vn -0.8612 0.0040 -0.5083
vn -0.6180 -0.5833 -0.5271
vn -0.1576 -0.4017 -0.9021
vn -0.0268 -0.5508 -0.8342
vn -0.4274 -0.7994 -0.4223
vn 0.2220 -0.1353 -0.9656
vn 0.3085 -0.1468 -0.9398
vn 0.2800 -0.0992 -0.9549
vn 0.3901 -0.0838 -0.9169
vn 0.8276 -0.4186 0.3739
vn 0.8282 -0.4173 0.3741
vn 0.9062 -0.1065 0.4093
vn 0.9061 -0.1067 0.4093
vn -0.7338 0.3402 -0.5881
vn -0.7840 0.1029 -0.6122
vn -0.2679 0.0684 -0.9610
vn -0.2348 0.2277 -0.9450
vn 0.2316 0.0663 -0.9705
vn 0.2133 0.0192 -0.9768
vn -0.9351 -0.3322 -0.1233
vn -0.9897 -0.0704 -0.1246
vn -0.3002 0.1084 0.9477
vn -0.4901 -0.0958 0.8664
vn -0.4412 -0.1058 0.8912
vn -0.6389 -0.2410 0.7306
vn -0.5415 -0.3503 0.7642
vn -0.6806 -0.7034 -0.2050
vn -0.9476 0.2899 -0.1341
vn -0.9990 -0.0069 0.0434
vn -0.1569 0.9831 0.0944
vn -0.9451 0.3247 -0.0361
vn -0.9996 0.0094 0.0257
vn -0.9696 0.2209 0.1053
vn -0.9986 0.0015 0.0528
vn -0.9968 -0.0698 0.0385
vn -0.9424 -0.3333 0.0295
vn -0.7080 -0.7059 0.0224
vn -0.3348 -0.9422 0.0109
vn -0.1383 -0.9904 0.0039
vn -0.1422 -0.9898 0.0048
vn -0.3368 -0.9415 0.0107
vn -0.1419 -0.9899 0.0047
vn -0.3351 -0.9422 -0.0010
vn -0.1417 -0.9899 0.0026
vn -0.4393 -0.8982 -0.0127
vn -0.9152 -0.3828 -0.1262
vn -0.9726 -0.1903 -0.1332
vn -0.8763 -0.3822 -0.2934
vn -0.9311 -0.1911 -0.3107
vn -0.8508 -0.3807 -0.3622
vn -0.9030 -0.1925 -0.3840
vn 0.9853 -0.1023 -0.1369
vn 0.9125 -0.0735 0.4023
vn 0.8704 -0.2445 0.4273
vn 0.9329 -0.3409 -0.1163
vn 0.5616 0.0201 0.8272
vn 0.2783 -0.0171 0.9603
vn -0.9062 0.1065 0.4093
vn -0.9061 0.1067 0.4093
vn -0.8398 0.3882 0.3794
vn -0.8402 0.3872 0.3796
vn 0.5554 0.0574 0.8296
vn 0.2899 -0.0425 0.9561
vn -0.2783 0.0171 -0.9603
vn -0.2899 0.0425 -0.9561
vn 0.7841 -0.1009 -0.6124
vn 0.2677 -0.0681 -0.9611
vn -0.2133 -0.0192 -0.9768
vn -0.4847 -0.8572 -0.1743
vn -0.4845 -0.8573 -0.1743
vn -0.9230 0.0033 -0.3848
vn 0.2783 0.0171 -0.9603
vn 0.2914 0.0433 -0.9556
vn -0.7829 -0.4218 0.4573
vn -0.8082 -0.5844 -0.0719
vn -0.6001 -0.7999 -0.0019
vn -0.6428 -0.5853 0.4943
vn 0.3634 -0.0778 -0.9284
vn 0.9062 0.1065 0.4093
vn 0.9061 0.1067 0.4093
vn -0.2914 -0.0433 0.9556
vn -0.5562 0.0570 0.8291
vn -0.5616 0.0201 0.8272
vn -0.2783 -0.0171 0.9603
vn 0.2133 -0.0192 -0.9768
vn -0.2677 -0.0681 -0.9611
vn -0.7841 -0.1009 -0.6124
vn -0.9853 -0.1023 -0.1368
vn -0.9125 -0.0735 0.4023
vn -0.9996 0.0022 0.0264
vn -0.6909 -0.7180 -0.0843
vn -0.9422 -0.3346 -0.0152
vn -0.9974 -0.0701 -0.0147
vn -0.2783 0.0171 0.9603
vn -0.5616 -0.0201 0.8272
vn -0.5559 -0.0568 0.8293
vn -0.2898 0.0446 0.9561
vn -0.9999 0.0021 0.0169
vn -0.9806 0.1490 0.1274
vn -0.7571 0.6090 0.2366
vn -0.9971 -0.0699 0.0309
vn -0.9424 -0.3332 0.0287
vn -0.7088 -0.7051 0.0220
vn -0.9930 -0.0092 -0.1175
vn -0.7015 -0.7126 0.0070
vn -0.6893 -0.7245 -0.0058
vn -0.6825 -0.7308 -0.0106
vn -0.4537 -0.8911 -0.0063
vn -0.9808 0.0104 -0.1946
vn -0.9485 0.0033 -0.3168
vn -0.9204 0.0032 -0.3911
vn 0.2346 -0.2271 -0.9452
vn 0.7346 -0.3376 -0.5886
vn -0.2303 -0.0658 -0.9709
vn -0.2888 -0.0423 -0.9565
vn -0.2783 -0.0171 -0.9603
vn -0.4915 -0.8635 -0.1131
vn -0.4568 -0.8888 -0.0378
vn 0.2783 -0.0171 -0.9603
vn -0.9329 -0.3409 -0.1163
vn -0.8727 -0.2431 0.4235
vn -0.2313 -0.2279 -0.9458
vn -0.7346 -0.3376 -0.5886
vn 0.2314 -0.0682 -0.9705
vn 0.2904 -0.0427 -0.9560
vn 0.8334 0.4047 0.3765
vn 0.8329 0.4059 0.3762
vn -0.9975 -0.0699 0.0112
vn -0.9424 -0.3343 0.0038
vn -0.9994 0.0015 0.0345
vn -0.9973 -0.0698 0.0213
vn -0.9423 -0.3342 0.0193
vn -0.1593 0.3091 -0.9376
vn -0.1595 0.3090 -0.9376
vn 0.1608 0.3090 -0.9374
vn 0.1606 0.3091 -0.9374
vn 0.7076 0.2214 -0.6711
vn 0.7058 0.2219 -0.6727
vn 0.9870 0.0505 -0.1526
vn 0.9872 0.0502 -0.1515
vn 0.9870 -0.0502 0.1528
vn 0.9872 -0.0498 0.1516
vn 0.7084 -0.2208 0.6704
vn 0.7067 -0.2214 0.6720
vn 0.1596 -0.3090 0.9376
vn 0.1598 -0.3090 0.9375
vn -0.1608 -0.3091 0.9373
vn -0.1610 -0.3090 0.9373
vn -0.7076 -0.2214 0.6711
vn -0.7093 -0.2209 0.6695
vn -0.9872 -0.0502 0.1515
vn -0.9874 -0.0498 0.1503
vn -0.9870 0.0501 -0.1528
vn -0.9868 0.0505 -0.1539
vn -0.7067 0.2214 -0.6720
vn -0.7049 0.2219 -0.6737
vn -0.7127 -0.4583 -0.5310
vn -0.7227 -0.2384 -0.6487
vn -0.7066 -0.6178 -0.3450
vn -0.7162 -0.6884 -0.1149
vn -0.9430 -0.3236 0.0770
vn -0.7288 -0.6725 0.1288
vn -0.9423 -0.2819 0.1806
vn -0.7349 -0.5816 0.3489
vn -0.9400 -0.2045 0.2733
vn -0.7369 -0.4278 0.5234
vn -0.7370 -0.2264 0.6368
vn -0.7365 0.0012 0.6765
vn -0.7366 0.2287 0.6365
vn -0.9320 0.2220 0.2865
vn -0.7375 0.4292 0.5215
vn -0.9383 0.2903 0.1882
vn -0.7389 0.5788 0.3449
vn -0.9417 0.3275 0.0766
vn -0.7379 0.6626 0.1286
vn -0.7317 0.6733 -0.1063
vn -0.7269 0.6029 -0.3288
vn -0.7316 0.4554 -0.5073
vn -0.7365 0.2451 -0.6305
vn -0.7317 0.0026 -0.6817
vn 0.9590 -0.0450 -0.2798
vn 0.9321 -0.0173 -0.3619
vn 0.5553 0.0190 0.8314
vn 0.9408 -0.0002 -0.3389
vn 0.3593 -0.0699 -0.9306
vn -0.9111 -0.0011 -0.4122
vn -0.9408 -0.0002 -0.3389
vn -0.8497 -0.0002 -0.5273
vn 0.8022 -0.0040 0.5970
vn 0.8171 0.0020 0.5764
vn 0.8223 0.0029 0.5690
vn 0.0038 -0.0009 1.0000
vn 0.0021 -0.0016 1.0000
vn 0.0012 -0.0023 1.0000
vn -0.0008 -0.0001 1.0000
vn -0.0014 0.0000 1.0000
vn 0.9970 0.0036 0.0769
vn 0.9967 0.0035 0.0809
vn -0.0054 -0.0081 1.0000
vn 0.1413 0.9900 0.0002
vn 0.9837 0.0016 -0.1798
vn 0.9196 0.0030 -0.3927
vn 0.9146 0.0025 -0.4043
vn 0.0006 0.0042 -1.0000
vn -0.0001 0.0047 -1.0000
vn -0.1092 0.0229 -0.9938
vn -0.6581 0.0193 -0.7526
vn -0.9146 0.0025 -0.4043
vn -0.0517 -0.8810 -0.4704
vn 0.9894 -0.0024 -0.1453
vn -0.9940 0.0037 0.1091
vn -0.9967 0.0035 0.0806
vn 0.2837 0.9506 -0.1260
vn -0.9971 0.0038 0.0765
vn -0.9168 -0.0002 -0.3993
vn -0.0493 0.9977 -0.0463
vn -0.9988 0.0046 0.0480
vn -0.9995 0.0040 0.0298
vn -0.9966 -0.0423 -0.0713
vn -0.4927 -0.8578 -0.1462
vn -0.8706 0.0547 -0.4890
vn -0.9054 -0.0018 -0.4245
vn 0.0000 -1.0000 -0.0021
vn -0.0000 -1.0000 -0.0042
vn -0.0002 0.9497 0.3131
vn 0.8308 0.0296 -0.5557
vn -1.0000 0.0033 0.0044
vn 0.1667 0.9859 -0.0151
vn -0.4552 0.8706 -0.1867
vn 0.5581 0.0358 -0.8290
vn 0.2830 0.9504 -0.1291
vn -0.4780 -0.8574 -0.1908
vn 0.0002 -0.0038 1.0000
vn -0.0000 0.0003 -1.0000
vn -0.0001 -0.0108 -0.9999
vn 0.0009 -0.0120 -0.9999
vn -0.0000 -0.0166 -0.9999
vn 0.4635 0.8319 -0.3052
vn -0.0001 0.0088 -1.0000
vn -0.0001 0.0086 -1.0000
vn -0.0005 0.0045 -1.0000
vn -0.0006 0.0018 -1.0000
vn 0.0528 0.0008 -0.9986
vn 0.0001 -0.0163 -0.9999
vn -0.0145 -0.0112 -0.9998
vn 0.0068 -0.0228 -0.9997
vn 0.0119 0.0004 0.9999
vn 0.0022 -0.0006 1.0000
vn 0.0042 -0.0007 1.0000
vn -0.0034 -0.0231 0.9997
vn 0.0002 0.0137 0.9999
vn -0.0011 -0.0021 1.0000
vn 0.7997 -0.0158 0.6001
vn -0.0000 0.9899 0.1415
vn 0.0010 -1.0000 0.0070
vn 0.0002 -1.0000 -0.0011
vn 0.0008 -1.0000 0.0022
vn 0.0007 -1.0000 -0.0008
vn 0.0007 -1.0000 -0.0033
vn 0.0008 -1.0000 -0.0041
vn 0.0012 -1.0000 -0.0084
vn 0.0016 -0.9999 -0.0129
vn 0.0002 -1.0000 -0.0055
vn -0.0002 -1.0000 -0.0017
vn -0.0013 -1.0000 0.0032
vn -0.0012 -1.0000 0.0008
vn -0.0012 -1.0000 -0.0017
vn -0.0012 -1.0000 -0.0035
vn -0.0012 -1.0000 -0.0040
vn -0.0011 -1.0000 -0.0043
vn -0.0009 -1.0000 -0.0045
vn -0.0002 -1.0000 -0.0044
vn -0.0000 -1.0000 -0.0041
vn 0.0000 -1.0000 0.0000
vn 0.0000 -1.0000 -0.0020
vn 0.9153 -0.0015 -0.4027
vn 0.4654 0.0016 -0.8851
vn 0.8008 0.0073 -0.5988
vn 0.7492 0.0086 -0.6623
vn 0.6773 0.0024 -0.7357
vn 0.2851 0.0010 -0.9585
vn 0.4653 0.0016 -0.8851
vn 0.4345 -0.8877 -0.1525
vn 0.4841 -0.8575 -0.1739
vn -0.0583 -0.8919 -0.4485
vn -0.1309 -0.9215 -0.3656
vn -0.8898 0.0088 -0.4562
vn -0.9181 0.0032 -0.3964
vn -0.9180 0.0028 -0.3966
vn -0.9992 0.0209 0.0355
vn -0.9984 0.0269 0.0490
vn -0.9991 0.0028 0.0412
vn -0.9995 0.0068 0.0302
vn -0.9994 0.0072 0.0327
vn -0.9995 0.0040 0.0303
vn -0.9996 0.0039 0.0267
vn -0.9996 0.0056 0.0281
vn -0.9995 0.0055 0.0310
vn -0.9998 0.0022 0.0203
vn -0.9998 0.0020 0.0183
vn -0.9998 0.0027 0.0195
vn -0.9998 0.0028 0.0204
vn -0.9999 0.0018 0.0169
vn -0.9998 0.0022 0.0182
vn -0.9998 0.0028 0.0183
vn -0.9997 0.0041 0.0248
vn -0.9996 0.0055 0.0268
vn -0.9996 0.0069 0.0271
vn -0.9996 0.0091 0.0256
vn -0.9997 0.0136 -0.0222
vn -0.9946 0.0038 0.1038
vn -0.9941 0.0035 0.1085
vn 0.0045 0.9839 0.1785
vn 0.0005 0.9935 0.1135
vn 0.0070 0.9649 0.2624
vn 0.0013 0.9304 0.3665
vn 0.0002 0.9183 0.3958
vn 0.0021 0.9480 0.3183
vn -0.0001 0.9202 0.3915
vn -0.0005 0.9558 0.2939
vn -0.0005 0.9773 0.2118
vn -0.0000 0.9935 0.1135
vn -0.5523 -0.7955 0.2495
vn -0.5551 -0.7931 0.2507
vn -0.5772 0.7738 0.2608
vn -0.5746 0.7762 0.2596
vn -0.0711 0.9974 0.0084
vn 0.5447 -0.8017 0.2460
vn 0.5420 -0.8039 0.2449
vn 0.5695 0.7807 0.2573
vn 0.5725 0.7781 0.2586
vn -0.2281 0.0008 0.9736
vn -0.4444 0.0016 0.8958
vn -0.0378 -0.0010 0.9993
vn -0.2277 0.0008 0.9737
vn -0.0002 0.0090 1.0000
vn -0.0385 0.0043 0.9993
vn -0.5061 0.0017 0.8625
vn -0.5041 0.0017 0.8636
vn 0.3234 -0.9453 -0.0433
vn 0.0650 -0.9977 -0.0189
vn 0.0247 -0.9997 -0.0072
vn 0.2138 -0.9762 -0.0363
vn 0.4827 -0.8742 -0.0527
vn 0.9346 -0.3557 0.0000
vn 0.9424 -0.3346 0.0000
vn 0.8575 -0.5145 0.0000
vn 0.9974 -0.0727 0.0000
vn 0.9975 -0.0709 0.0000
vn 0.9973 0.0728 0.0000
vn 0.9975 0.0709 0.0000
vn 0.9424 0.3346 0.0000
vn 0.9346 0.3557 0.0000
vn 0.8575 0.5145 0.0000
vn 0.5145 0.8575 0.0000
vn 0.2678 0.9634 -0.0145
vn 0.3222 0.9466 -0.0115
vn 0.0692 0.9975 -0.0135
vn 0.0360 0.9993 -0.0070
vn -0.3347 0.9423 0.0000
vn -0.3346 0.9424 0.0000
vn -0.0709 0.9975 -0.0000
vn -0.5145 0.8575 0.0000
vn -0.9425 0.3341 0.0000
vn -0.9424 0.3346 0.0000
vn -0.8575 0.5145 0.0000
vn -0.9975 0.0708 0.0000
vn -0.9975 0.0709 0.0000
vn -0.9424 -0.3345 0.0000
vn -0.9424 -0.3346 0.0000
vn -0.9975 -0.0709 0.0000
vn -0.8575 -0.5145 0.0000
vn -0.3347 -0.9423 0.0000
vn -0.3346 -0.9424 0.0000
vn -0.5145 -0.8575 0.0000
vn -0.0709 -0.9975 0.0000
vn -0.4968 0.0029 0.8679
vn -0.4998 0.0018 0.8661
vn -0.6114 0.0039 0.7914
vn -0.4384 0.0030 0.8988
vn 0.0000 1.0000 -0.0000
vn -0.0006 0.0001 1.0000
vn -0.0083 -0.0005 1.0000
vn -0.0004 0.0000 1.0000
vn -0.0004 0.0002 1.0000
vn -0.0004 0.0003 1.0000
vn -0.0004 0.0008 1.0000
vn -0.0004 0.0007 1.0000
vn -0.0001 0.0129 0.9999
vn -0.0001 0.0124 0.9999
vn -0.0072 -0.0006 1.0000
vn -0.0000 -0.0024 1.0000
vn 0.0000 -0.0042 1.0000
vn -0.0003 -0.0026 1.0000
vn -0.0001 -0.0037 1.0000
vn -0.0006 -0.0011 1.0000
vn -0.0008 -0.0007 1.0000
vn -0.0011 -0.0004 1.0000
vn -0.0015 -0.0000 1.0000
vn 0.0019 -0.0006 1.0000
vn 0.0132 0.0003 0.9999
usemtl Camera
s 1
f 1/1/1 2/2/2 3/3/3 4/4/4
f 5/5/5 6/6/6 1/1/1 4/4/4
f 1/1/1 7/7/7 8/8/8 2/2/2
f 9/9/9 10/10/10 11/11/11 3/12/12
f 4/4/4 11/13/13 12/14/14
f 4/4/4 12/14/14 13/15/15 5/5/5
f 6/6/6 14/16/16 7/7/7 1/1/1
f 7/7/7 15/17/17 16/18/18 8/8/8
f 8/19/19 17/20/20 2/21/21
f 9/9/9 18/22/22 19/23/23 10/10/10
f 20/24/24 21/25/25 10/10/10
f 22/26/26 23/27/27 24/28/28
f 25/29/29 26/30/30 6/31/31 5/32/32
f 27/33/33 25/29/29 5/32/32 13/34/34
f 14/16/16 28/35/35 15/17/17 7/7/7
f 33/36/36 17/37/37 16/38/38 29/39/39 32/40/40
f 17/37/37 33/36/36 34/41/41 18/42/42
f 10/10/10 19/23/23 35/43/43 20/24/24
f 18/42/42 34/41/41 36/44/44 19/45/45
f 37/46/46 20/24/24 38/47/47 39/48/48
f 12/49/49 22/26/26 40/50/50 13/51/51
f 41/52/52 42/53/53 22/26/26 24/28/28
f 38/47/47 43/54/54 23/55/55 39/48/48
f 43/54/54 44/56/56 45/57/57 23/55/55
f 44/56/56 46/58/58 47/59/59 45/57/57
f 48/60/60 49/61/61 47/59/59 46/58/58
f 50/62/62 51/63/63 49/64/64 52/65/65
f 53/66/66 54/67/67 24/28/28 51/68/68
f 13/34/34 40/69/69 55/70/70 27/33/33
f 26/30/30 56/71/71 14/72/72 6/31/31
f 57/73/73 30/74/74 15/17/17 28/35/35
f 63/75/75 64/76/75 65/77/76 66/78/76
f 66/78/76 65/77/76 67/79/77 68/80/77
f 68/80/77 67/79/77 69/81/78 70/82/78
f 70/82/78 69/81/78 71/83/79 72/84/79
f 72/84/79 71/83/79 73/85/80 74/86/80
f 29/39/39 31/87/81 75/88/82 32/40/40
f 76/89/83 33/36/36 32/40/40 77/90/84
f 78/91/85 34/41/41 33/36/36 76/89/83
f 38/47/47 20/24/24 35/43/43 79/92/86
f 35/93/87 19/45/45 36/44/44 80/94/88
f 81/95/89 36/44/44 34/41/41 78/91/85
f 54/67/67 82/96/90 41/52/52 24/28/28
f 22/26/26 42/53/53 83/97/91 40/50/50
f 38/47/47 79/92/86 84/98/92 43/54/54
f 43/54/54 84/98/92 85/99/93 44/56/56
f 44/56/56 85/99/93 86/100/94 46/58/58
f 46/58/58 86/100/94 87/101/95 48/60/60
f 52/102/96 49/61/61 48/60/60 88/103/97
f 89/104/98 50/62/62 52/65/65 90/105/99
f 50/62/62 91/106/100 53/107/101 51/63/63
f 92/108/102 93/109/103 55/70/70 94/110/104
f 56/71/71 95/111/105 28/112/106 14/72/72
f 95/111/105 96/113/107 57/114/108 28/112/106
f 97/115/109 58/116/110 30/74/74 57/73/73
f 98/117/111 99/118/112 60/119/113 59/120/114
f 61/121/115 60/119/113 99/118/112 102/122/116
f 103/123/117 104/124/118 105/125/119 106/126/119
f 103/127/120 107/128/120 108/129/121 109/130/121
f 109/130/121 108/129/121 110/131/122 111/132/122
f 111/132/122 110/131/122 112/133/123 113/134/123
f 113/134/123 112/133/123 114/135/124 62/136/124
f 62/136/124 114/135/124 64/76/75 63/75/75
f 74/86/80 73/85/80 115/137/125 116/138/125
f 117/139/126 118/140/127 119/141/128 120/142/129
f 121/143/130 120/142/129 119/141/128 122/144/131
f 123/145/132 121/143/130 122/144/131 124/146/133
f 123/145/132 124/146/133 125/147/134 126/148/135
f 126/148/135 125/147/134 127/149/136 128/150/137
f 128/150/137 127/149/136 129/151/138 130/152/139
f 31/87/81 130/152/139 129/151/138 75/88/82
f 131/153/140 77/90/84 32/40/40 75/88/82
f 132/154/141 76/89/83 77/90/84 133/155/142
f 134/156/143 78/91/85 76/89/83 132/154/141
f 79/157/144 35/93/87 80/94/88 135/158/145
f 81/95/89 136/159/146 80/94/88 36/44/44
f 137/160/147 81/95/89 78/91/85 134/156/143
f 55/70/70 40/69/69 83/161/148 94/110/104
f 41/52/52 138/162/149 139/163/150 42/53/53
f 79/157/144 135/158/145 140/164/151 84/165/152
f 84/165/152 140/164/151 141/166/153 85/167/154
f 85/167/154 141/166/153 142/168/155 86/169/156
f 88/103/97 48/60/60 87/101/95 143/170/157
f 87/171/158 86/169/156 142/168/155 144/172/159
f 88/103/97 145/173/160 90/174/161
f 89/104/98 145/175/162 146/176/163 147/177/164
f 89/104/98 148/178/165 91/106/100 50/62/62
f 149/179/166 97/180/167 57/114/108 96/113/107
f 150/181/168 98/117/111 59/120/114 101/182/169
f 151/183/170 100/184/171 58/116/110 97/115/109
f 61/121/115 102/122/116 154/185/172 147/177/164
f 106/186/173 155/187/173 107/128/120 103/127/120
f 156/188/174 157/189/174 155/187/173 106/186/173
f 158/190/175 159/191/175 157/189/174 156/188/174
f 160/192/176 161/193/176 159/191/175 158/190/175
f 162/194/177 163/195/177 161/193/176 160/192/176
f 164/196/178 165/197/178 163/195/177 162/194/177
f 116/138/125 115/137/125 165/197/178 164/196/178
f 105/198/121 166/199/121 167/200/122 168/201/122
f 168/201/122 167/200/122 169/202/123 170/203/123
f 170/203/123 169/202/123 171/204/124 172/205/124
f 172/205/124 171/204/124 173/206/75 174/207/75
f 174/207/75 173/206/75 175/208/76 176/209/76
f 176/209/76 175/208/76 177/210/77 178/211/77
f 178/211/77 177/210/77 179/212/179 180/213/179
f 180/213/179 179/212/179 181/214/79 182/215/79
f 182/215/79 181/214/79 183/216/80 184/217/80
f 185/218/180 186/219/181 187/220/182 188/221/183
f 189/222/184 190/223/185 118/140/127 117/139/126
f 191/224/186 119/141/128 118/140/127 192/225/187
f 191/224/186 193/226/188 122/144/131 119/141/128
f 193/226/188 194/227/189 124/146/133 122/144/131
f 195/228/190 125/147/134 124/146/133 194/227/189
f 196/229/191 127/149/136 125/147/134 195/228/190
f 197/230/192 129/151/138 127/149/136 196/229/191
f 197/230/192 131/153/140 75/88/82 129/151/138
f 198/231/193 133/155/142 77/90/84 131/153/140
f 136/159/146 199/232/194 135/158/145 80/94/88
f 137/160/147 200/233/195 136/159/146 81/95/89
f 82/96/90 201/234/196 138/162/149 41/52/52
f 202/235/197 83/97/91 42/53/53 139/163/150
f 203/236/198 204/237/199 205/238/200
f 206/239/201 140/164/151 135/158/145 199/232/194
f 207/240/202 141/166/153 140/164/151 206/239/201
f 208/241/203 142/168/155 141/166/153 207/240/202
f 88/103/97 143/170/157 146/242/204 145/173/160
f 143/243/205 87/171/158 144/172/159 209/244/206
f 208/241/203 210/245/207 144/172/159 142/168/155
f 147/177/164 154/185/172 148/178/165 89/104/98
f 61/121/115 147/177/164 146/176/163 211/246/208
f 212/247/209 151/248/210 97/180/167 149/179/166
f 213/249/211 150/181/168 101/182/169 153/250/212
f 100/184/171 151/183/170 214/251/213 152/252/214
f 215/253/215 1358/254/216 152/252/214
f 104/255/120 217/256/120 166/199/121 105/198/121
f 184/217/80 183/216/80 218/257/125 219/258/125
f 185/259/217 220/260/218 190/223/185 189/222/184
f 192/225/187 118/140/127 190/223/185 221/261/219
f 222/262/220 191/224/186 192/225/187 223/263/221
f 222/262/220 224/264/222 193/226/188 191/224/186
f 224/264/222 225/265/223 194/227/189 193/226/188
f 226/266/224 195/228/190 194/227/189 225/265/223
f 227/267/225 196/229/191 195/228/190 226/266/224
f 228/268/226 197/230/192 196/229/191 227/267/225
f 228/268/226 198/231/193 131/153/140 197/230/192
f 206/239/201 199/232/194 229/269/227 230/270/228
f 200/233/195 229/269/227 199/232/194 136/159/146
f 223/263/221 192/225/187 221/261/219 231/271/229
f 231/271/229 221/261/219 232/272/230 233/273/231
f 233/273/231 232/272/230 234/274/232 235/275/233
f 236/276/234 235/275/233 234/274/232 237/277/235
f 238/278/236 236/276/234 237/277/235 239/279/237
f 238/278/236 239/279/237 240/280/238 241/281/239
f 241/281/239 240/280/238 242/282/240 243/283/241
f 243/283/241 242/282/240 244/284/242 245/285/243
f 245/285/243 244/284/242 246/286/244 247/287/245
f 247/287/245 246/286/244 248/288/246 249/289/247
f 250/290/248 249/289/247 248/288/246 210/245/207
f 250/290/248 210/245/207 208/241/203
f 250/290/248 208/241/203 207/240/202
f 250/290/248 207/240/202 206/239/201 230/270/228
f 203/236/198 251/291/249 202/235/197 139/163/150
f 252/292/250 253/293/251 254/294/252
f 138/162/149 201/234/196 255/295/253 256/296/254
f 257/297/255 258/298/256 259/299/257
f 258/298/256 260/300/258 261/301/259 259/299/257
f 260/300/258 262/302/260 263/303/261 261/301/259
f 262/302/260 264/304/262 204/305/263 263/303/261
f 264/304/262 265/306/264 205/307/265 204/305/263
f 205/307/265 265/306/264 266/308/266 253/309/267
f 254/310/268 253/309/267 266/308/266
f 202/311/269 267/312/270 94/110/104 83/161/148
f 143/243/205 209/244/206 268/313/271 146/314/272
f 210/245/207 248/288/246 209/244/206 144/172/159
f 269/315/273 53/316/274 91/317/275 270/318/276
f 202/311/269 251/319/277 271/320/278 267/312/270
f 271/320/278 251/319/277 272/321/279 273/322/280
f 273/322/280 272/321/279 274/323/281 275/324/282
f 275/324/282 274/323/281 276/325/283 277/326/284
f 277/326/284 276/325/283 278/327/285 279/328/286
f 279/328/286 278/327/285 280/329/287 281/330/288
f 281/330/288 280/329/287 282/331/289 283/332/290
f 283/332/290 282/331/289 284/333/291 285/334/292
f 285/334/292 284/333/291 286/335/293 287/336/294
f 287/336/294 286/335/293 288/337/295 289/338/296
f 290/339/297 289/338/296 288/337/295 291/340/298
f 292/341/299 290/339/297 291/340/298 293/342/300
f 292/341/299 293/342/300 294/343/301 295/344/302
f 296/345/303 297/346/304 298/347/305 299/348/306
f 299/348/306 298/347/305 300/349/307 301/350/308
f 301/350/308 300/349/307 302/351/309 303/352/310
f 303/352/310 302/351/309 304/353/311 305/354/312
f 305/354/312 304/353/311 306/355/313 307/356/314
f 307/356/314 306/355/313 308/357/315 309/358/316
f 309/358/316 308/357/315 310/359/317 311/360/318
f 311/360/318 310/359/317 312/361/319 313/362/320
f 313/362/320 312/361/319 314/363/321 315/364/322
f 316/365/303 317/366/304 318/367/305 319/368/306
f 319/368/306 318/367/305 320/369/307 321/370/308
f 321/370/308 320/369/307 322/371/309 323/372/310
f 323/372/310 322/371/309 324/373/311 325/374/312
f 325/374/312 324/373/311 326/375/313 327/376/314
f 327/376/314 326/375/313 328/377/315 329/378/316
f 329/378/316 328/377/315 330/379/317 331/380/318
f 331/380/318 330/379/317 332/381/319 333/382/320
f 333/382/320 332/381/319 334/383/321 335/384/322
f 335/384/322 334/383/321 336/385/323 337/386/324
f 337/386/324 336/385/323 338/387/325 339/388/326
f 339/388/326 338/387/325 340/389/327 341/390/328
f 341/390/328 340/389/327 342/391/329 343/392/330
f 343/392/330 342/391/329 344/393/331 345/394/332
f 345/394/332 344/393/331 346/395/333 347/396/334
f 347/396/334 346/395/333 348/397/335 349/398/336
f 349/398/336 348/397/335 350/399/337 351/400/338
f 351/400/338 350/399/337 317/366/304 316/365/303
f 315/364/322 314/363/321 352/401/323 353/402/324
f 353/402/324 352/401/323 354/403/325 355/404/326
f 355/404/326 354/403/325 356/405/327 357/406/328
f 357/406/328 356/405/327 358/407/329 359/408/330
f 359/408/330 358/407/329 360/409/331 361/410/332
f 361/410/332 360/409/331 362/411/333 363/412/334
f 363/412/334 362/411/333 364/413/335 365/414/336
f 365/414/336 364/413/335 366/415/337 367/416/338
f 367/416/338 366/415/337 297/346/304 296/345/303
f 368/417/339 369/418/340 295/344/302 294/343/301
f 368/417/339 370/419/341 371/420/342 369/418/340
f 371/420/342 370/419/341 372/421/343 373/422/344
f 373/422/344 372/421/343 374/423/345 375/424/346
f 374/423/345 376/425/347 377/426/348 375/424/346
f 376/425/347 378/427/349 379/428/350 377/426/348
f 378/427/349 380/429/351 381/430/352 379/428/350
f 380/429/351 382/431/353 383/432/354 381/430/352
f 382/431/353 384/433/355 385/434/356 383/432/354
f 384/433/355 386/435/357 387/436/358 385/434/356
f 386/435/357 388/437/359 389/438/360 387/436/358
f 388/437/359 390/439/361 391/440/362 389/438/360
f 392/441/363 213/249/211 153/250/212 216/442/364
f 99/443/365 98/444/366 393/445/367 394/446/368
f 395/447/369 214/448/370 151/248/210 212/247/209
f 396/449/371 215/253/215 152/252/214 214/251/213
f 397/450/372 216/451/373 215/452/374 398/453/375
f 102/454/376 99/443/365 394/446/368 399/455/377
f 400/456/378 401/457/378 217/256/120 104/255/120
f 402/458/174 403/459/174 401/457/378 400/456/378
f 404/460/175 405/461/175 403/459/174 402/458/174
f 406/462/176 407/463/176 405/461/175 404/460/175
f 408/464/177 409/465/177 407/463/176 406/462/176
f 410/466/178 411/467/178 409/465/177 408/464/177
f 219/258/125 218/257/125 411/467/178 410/466/178
f 412/468/120 413/469/120 414/470/121 415/471/121
f 415/471/121 414/470/121 416/472/122 417/473/122
f 417/473/122 416/472/122 418/474/123 419/475/123
f 419/475/123 418/474/123 420/476/124 421/477/124
f 421/477/124 420/476/124 422/478/75 423/479/75
f 423/479/75 422/478/75 424/480/76 425/481/76
f 425/481/76 424/480/76 426/482/77 427/483/77
f 427/483/77 426/482/77 428/484/179 429/485/179
f 429/485/179 428/484/179 430/486/79 431/487/79
f 432/488/379 433/489/380 117/490/381
f 188/491/382 434/492/383 220/260/218 185/259/217
f 221/261/219 190/223/185 220/260/218 232/272/230
f 232/272/230 220/260/218 434/492/383 234/274/232
f 237/277/235 234/274/232 434/492/383 435/493/384
f 239/279/237 237/277/235 435/493/384 436/494/385
f 239/279/237 436/494/385 437/495/386 240/280/238
f 240/280/238 437/495/386 438/496/387 242/282/240
f 242/282/240 438/496/387 439/497/388 244/284/242
f 244/284/242 439/497/388 268/313/271 246/286/244
f 246/286/244 268/313/271 209/244/206 248/288/246
f 203/236/198 252/292/250 272/498/389 251/291/249
f 440/499/390 252/292/250 441/500/391
f 254/310/268 442/501/392 441/502/393
f 256/296/254 255/295/253 443/503/394 444/504/395
f 256/296/254 445/505/396 257/506/397
f 446/507/398 447/508/399 257/297/255 445/509/400
f 448/510/401 260/300/258 258/298/256 447/508/399
f 449/511/402 262/302/260 260/300/258 448/510/401
f 450/512/403 264/304/262 262/302/260 449/511/402
f 450/512/403 451/513/404 265/306/264 264/304/262
f 451/513/404 452/514/405 266/308/266 265/306/264
f 254/310/268 266/308/266 452/514/405 442/501/392
f 146/314/272 268/313/271 439/497/388 211/515/406
f 211/515/406 439/497/388 438/496/387 453/516/407
f 211/246/208 453/517/408 454/518/409
f 270/318/276 91/317/275 148/519/410 455/520/411
f 269/315/273 456/521/412 54/522/413 53/316/274
f 252/292/250 457/523/414 274/524/415 272/498/389
f 458/525/416 276/526/417 274/524/415 457/523/414
f 459/527/418 278/528/419 276/526/417 458/525/416
f 460/529/420 280/530/421 278/528/419 459/527/418
f 461/531/422 282/532/423 280/530/421 460/529/420
f 462/533/424 284/534/425 282/532/423 461/531/422
f 463/535/426 286/536/427 284/534/425 462/533/424
f 464/537/428 288/538/429 286/536/427 463/535/426
f 464/537/428 465/539/430 291/540/431 288/538/429
f 466/541/432 293/542/433 291/543/434 465/544/435
f 467/545/436 294/546/437 293/542/433 466/541/432
f 468/547/438 368/548/439 294/546/437 467/545/436
f 370/549/440 368/548/439 468/547/438 469/550/441
f 372/551/442 370/549/440 469/550/441 470/552/443
f 471/553/444 374/554/445 372/555/446 470/556/447
f 376/557/448 374/554/445 471/553/444 472/558/449
f 378/559/450 376/557/448 472/558/449 473/560/451
f 380/561/452 378/559/450 473/560/451 474/562/453
f 382/563/454 380/561/452 474/562/453 475/564/455
f 384/565/456 382/563/454 475/564/455 476/566/457
f 386/567/458 384/565/456 476/566/457 477/568/459
f 388/569/460 386/567/458 477/568/459 478/570/461
f 388/569/460 478/570/461 479/571/462 390/572/463
f 390/439/361 480/573/464 481/574/465 391/440/362
f 482/575/466 481/574/465 480/573/464 483/576/467
f 397/450/372 484/577/468 392/578/469 216/451/373
f 393/445/367 98/444/366 150/579/470 485/580/471
f 214/448/370 395/447/369 486/581/472 396/582/473
f 487/583/474 398/453/375 215/452/374 396/584/475
f 488/585/476 397/450/372 398/453/375 489/586/477
f 490/587/478 154/588/479 102/454/376 399/455/377
f 211/246/208 454/518/409 412/589/480
f 491/590/173 492/591/173 413/469/120 412/468/120
f 431/487/79 430/486/79 493/592/481 494/593/481
f 494/593/481 493/592/481 495/594/125 496/595/125
f 496/595/125 495/594/125 497/596/178 498/597/178
f 498/597/178 497/596/178 499/598/177 500/599/177
f 500/599/177 499/598/177 501/600/176 502/601/176
f 502/601/176 501/600/176 503/602/175 504/603/175
f 504/603/175 503/602/175 505/604/174 506/605/174
f 506/605/174 505/604/174 492/591/173 491/590/173
f 454/518/409 507/606/119 508/607/119 509/608/119
f 509/608/119 508/607/119 510/609/119 511/610/119
f 511/610/119 510/609/119 512/611/119 513/612/119
f 513/612/119 512/611/119 514/613/119 515/614/119
f 515/614/119 514/613/119 516/615/119 517/616/119
f 517/616/119 516/615/119 518/617/119 519/618/119
f 519/618/119 518/617/119 520/619/119 521/620/119
f 521/620/119 520/619/119 522/621/119 523/622/482
f 523/622/482 522/621/119 524/623/119 525/624/483
f 525/624/483 524/623/119 526/625/119 432/488/379
f 432/488/379 526/625/119 527/626/119 433/489/380
f 433/489/380 527/626/119 528/627/119 529/628/484
f 529/628/484 528/627/119 530/629/119 186/219/181
f 186/219/181 530/629/119 531/630/119 187/220/182
f 187/220/182 532/631/485 188/221/183
f 188/491/382 533/632/486 435/493/384 434/492/383
f 533/632/486 534/633/487 436/494/385 435/493/384
f 535/634/488 437/495/386 436/494/385 534/633/487
f 453/516/407 438/496/387 437/495/386 535/634/488
f 252/292/250 440/499/390 536/635/489
f 440/636/490 442/501/392 536/637/491
f 444/504/395 443/503/394 537/638/492 538/639/493
f 444/504/395 539/640/494 446/641/495
f 446/507/398 539/642/496 540/643/497 447/508/399
f 447/508/399 540/643/497 541/644/498 448/510/401
f 449/511/402 448/510/401 541/644/498 542/645/499
f 542/645/499 543/646/500 450/512/403 449/511/402
f 543/646/500 544/647/501 451/513/404 450/512/403
f 451/513/404 544/647/501 545/648/502 452/514/405
f 452/514/405 545/648/502 546/649/503 442/501/392
f 490/587/478 455/520/411 148/519/410 154/588/479
f 547/650/504 454/518/409 534/651/505
f 458/525/416 548/652/506 549/653/507
f 550/654/508 551/655/509 552/656/510
f 462/533/424 461/531/422 553/657/511 554/658/512
f 555/659/513 556/660/514 557/661/515
f 465/539/430 464/537/428 558/662/516
f 466/541/432 559/663/517 467/545/436
f 469/550/441 560/664/518 561/665/519
f 469/550/441 562/666/520 563/667/521 470/552/443
f 470/556/447 564/668/522 565/669/523 471/553/444
f 471/553/444 566/670/524 567/671/525 472/558/449
f 474/562/453 473/560/451 568/672/526 569/673/527
f 570/674/528 571/675/529 476/566/457 475/564/455
f 477/568/459 476/566/457 572/676/530 573/677/531
f 478/570/461 477/568/459 573/677/531 574/678/532
f 575/679/533 480/680/534 390/572/463 479/571/462
f 150/579/470 213/681/535 576/682/536 485/580/471
f 213/681/535 392/683/537 577/684/538 576/682/536
f 578/685/539 487/686/540 396/582/473 486/581/472
f 579/687/541 489/586/477 398/453/375 487/583/474
f 580/688/542 488/585/476 489/586/477 581/689/543
f 488/585/476 582/690/544 484/577/468 397/450/372
f 583/691/545 584/692/545 585/693/546 586/694/547
f 586/694/547 585/693/546 587/695/548 588/696/549
f 588/696/549 587/695/548 589/697/550 590/698/551
f 590/698/551 589/697/550 591/699/552 592/700/553
f 592/700/553 591/699/552 593/701/554 594/702/555
f 594/702/555 593/701/554 595/703/556 596/704/557
f 596/704/557 595/703/556 597/705/558 598/706/559
f 598/706/559 597/705/558 599/707/560 600/708/561
f 600/708/561 599/707/560 601/709/562 602/710/563
f 602/710/563 601/709/562 603/711/564 604/712/565
f 604/713/565 603/714/564 605/715/566 606/716/567
f 606/716/567 605/715/566 607/717/568 608/718/569
f 608/718/569 607/717/568 609/719/570 610/720/571
f 610/720/571 609/719/570 611/721/572 612/722/573
f 612/722/573 611/721/572 613/723/574 614/724/575
f 614/724/575 613/723/574 615/725/576 616/726/577
f 616/726/577 615/725/576 617/727/578 618/728/578
f 618/728/578 617/727/578 584/692/545 583/691/545
f 547/650/504 619/729/119 507/606/119 454/518/409
f 507/730/579 620/731/579 621/732/580 508/733/580
f 508/733/580 621/732/580 622/734/581 510/735/581
f 510/735/581 622/734/581 623/736/582 512/737/582
f 512/737/582 623/736/582 624/738/583 514/739/583
f 514/739/583 624/738/583 625/740/584 516/741/584
f 516/741/584 625/740/584 626/742/585 518/743/585
f 518/743/585 626/742/585 627/744/586 520/745/586
f 520/746/586 627/747/586 628/748/587 522/749/587
f 522/749/587 628/748/587 629/750/588 524/751/588
f 524/751/588 629/750/588 630/752/589 526/753/589
f 526/753/589 630/752/589 631/754/590 527/755/590
f 527/755/590 631/754/590 632/756/591 528/757/591
f 528/757/591 632/756/591 633/758/592 530/759/592
f 187/220/182 531/630/119 634/760/119 532/631/485
f 530/759/592 633/758/592 635/761/593 531/762/593
f 532/631/485 533/763/594 188/221/183
f 82/764/595 54/522/413 456/521/412 636/765/596
f 457/523/414 536/635/489 637/766/597
f 546/649/503 638/767/598 548/768/599
f 538/639/493 537/638/492 639/769/600 640/770/601
f 641/771/602 642/772/603 255/773/604 201/774/605
f 538/639/493 643/775/606 539/640/494
f 542/645/499 541/644/498 644/776/607 645/777/608
f 542/645/499 645/777/608 646/778/609 543/646/500
f 646/778/609 647/779/610 544/647/501 543/646/500
f 648/780/611 547/650/504 534/651/505
f 649/781/612 650/782/613 651/783/614 652/784/615
f 652/784/615 651/783/614 653/785/616 654/786/617
f 654/786/617 653/785/616 655/787/618 656/788/619
f 656/788/619 655/787/618 657/789/620 658/790/621
f 550/791/622 552/792/623 659/793/624 660/794/625
f 661/795/626 553/796/627 662/797/628 663/798/629
f 551/799/630 664/800/631 665/801/632 666/802/633
f 666/802/633 665/801/632 667/803/634
f 666/802/633 667/803/634 668/804/635
f 669/805/636 663/798/629 662/797/628 668/804/635
f 670/806/637 554/807/638 671/808/639 672/809/640
f 661/795/626 671/808/639 554/807/638 553/796/627
f 554/807/638 670/806/637 556/810/641
f 673/811/642 674/812/643 557/813/644 556/810/641
f 557/813/644 674/812/643 675/814/645 676/815/645
f 677/816/646 678/817/647 679/818/648
f 680/819/649 681/820/650 682/821/651 683/822/652
f 681/820/650 684/823/653 685/824/654
f 468/547/438 686/825/655 560/664/518
f 687/826/656 568/827/657 688/828/658 689/829/659
f 690/830/660 691/831/661 692/832/662
f 692/832/662 688/828/658 693/833/663 690/830/660
f 693/833/663 688/828/658 568/827/657
f 694/834/664 695/835/665 569/836/666 696/837/667
f 687/826/656 696/837/667 569/836/666 568/827/657
f 694/834/664 697/838/668 570/839/669 695/835/665
f 697/838/668 698/840/670 699/841/671 570/839/669
f 570/839/669 699/841/671 571/842/672
f 699/841/671 700/843/673 701/844/674 571/842/672
f 701/844/674 700/843/673 702/845/675
f 701/844/674 702/845/675 703/846/676 704/847/676
f 703/848/677 573/849/678 572/850/679
f 705/851/680 574/852/681 573/849/678
f 706/853/682 574/852/681 705/851/680 707/854/683
f 575/679/533 479/571/462 708/855/684 709/856/685
f 581/689/543 483/857/686 480/680/534 575/679/533
f 579/858/687 710/859/688 482/575/466 483/576/467
f 711/860/689 712/861/690 680/862/691 713/863/692
f 577/684/538 392/683/537 484/864/693 714/865/694
f 715/866/695 716/867/696 717/868/697
f 718/869/698 719/870/699 720/871/700 721/872/701
f 719/870/699 722/873/702 723/874/703 720/871/700
f 722/873/702 724/875/704 725/876/705 723/874/703
f 724/875/704 712/861/690 711/860/689 725/876/705
f 710/859/688 579/858/687 487/686/540 578/685/539
f 716/877/706 582/690/544 488/585/476 580/688/542
f 489/586/477 579/687/541 483/857/686 581/689/543
f 726/878/707 713/863/692 680/862/691 683/879/708
f 649/781/612 726/878/707 683/879/708 650/782/613
f 648/780/611 727/880/119 619/729/119 547/650/504
f 619/881/709 728/882/709 620/731/579 507/730/579
f 532/631/485 634/760/119 727/880/119 648/780/611
f 531/762/593 635/761/593 729/883/710 634/884/710
f 638/767/598 546/649/503 545/648/502 730/885/711
f 640/770/601 639/769/600 731/886/712 732/887/713
f 733/888/714 443/889/715 255/773/604 642/772/603
f 643/890/716 734/891/717 540/643/497 539/642/496
f 541/644/498 540/643/497 734/891/717 644/776/607
f 645/777/608 644/776/607 735/892/718 736/893/719
f 737/894/720 646/778/609 645/777/608 736/893/719
f 737/894/720 738/895/721 647/779/610 646/778/609
f 544/647/501 647/779/610 730/885/711 545/648/502
f 658/790/621 657/789/620 739/896/722 740/897/723
f 638/767/598 730/885/711 659/793/624 741/898/724
f 738/895/721 660/794/625 659/793/624
f 742/899/725 743/900/726 661/795/626 663/798/629
f 675/901/727 674/902/728 744/903/729
f 674/902/728 673/904/730 665/905/731 664/906/732
f 665/801/632 745/907/733 746/908/734 667/803/634
f 663/798/629 669/805/636 747/909/735 742/899/725
f 661/795/626 743/900/726 748/910/736 671/808/639
f 749/911/737 750/912/738 555/913/739
f 556/810/641 670/806/637 673/811/642
f 675/914/740 744/915/741 751/916/742 752/917/743
f 558/918/744 753/919/745 754/920/746
f 755/921/747 756/922/748 757/923/749
f 559/924/750 758/925/751 759/926/752
f 760/927/753 759/926/752 761/928/754 762/929/755
f 762/929/755 761/928/754 763/930/756 764/931/757
f 764/931/757 763/930/756 765/932/758 766/933/759
f 766/933/759 765/932/758 767/934/760 768/935/761
f 768/935/761 767/934/760 769/936/762 770/937/763
f 771/938/764 770/937/763 769/936/762 772/939/765
f 771/938/764 772/939/765 773/940/766 774/941/767
f 774/941/767 773/940/766 775/942/768 776/943/769
f 776/943/769 775/942/768 777/944/770 778/945/771
f 778/945/771 777/944/770 779/946/772 780/947/773
f 780/947/773 779/946/772 781/948/774 782/949/775
f 782/949/775 781/948/774 783/950/776 784/951/777
f 785/952/778 784/951/777 783/950/776 786/953/779
f 787/954/780 785/952/778 786/953/779 788/955/781
f 787/954/780 788/955/781 789/956/782 678/957/783
f 677/816/646 650/958/784 683/822/652 682/821/651
f 680/819/649 712/959/785 790/960/786 681/820/650
f 791/961/787 792/962/788 793/963/789 794/964/790
f 795/965/791 796/966/792 792/962/788 791/961/787
f 797/967/793 798/968/794 796/966/792 795/965/791
f 799/969/795 800/970/796 798/968/794 797/967/793
f 799/969/795 801/971/797 802/972/798 800/970/796
f 801/971/797 803/973/799 804/974/800 802/972/798
f 805/975/801 806/976/802 804/974/800 803/973/799
f 807/977/803 808/978/804 806/976/802 805/975/801
f 809/979/805 810/980/806 808/978/804 807/977/803
f 811/981/807 686/982/808 810/980/806 809/979/805
f 812/983/809 561/984/810 560/985/811
f 812/983/809 813/986/812 814/987/813 561/984/810
f 814/987/813 813/986/812 815/988/814 562/989/815
f 816/990/816 564/991/817 563/992/818
f 817/993/819 566/994/820 565/995/821
f 818/996/822 819/997/823 567/998/824
f 818/996/822 820/999/825 821/1000/826
f 703/1001/827 702/1002/828 822/1003/829
f 692/1004/830 691/1005/831 702/1002/828 700/1006/832
f 696/837/667 823/1007/833 824/1008/834 694/834/664
f 825/1009/835 823/1007/833 696/837/667 687/826/656
f 826/1010/836 697/838/668 694/834/664 824/1008/834
f 698/840/670 827/1011/837 700/843/673 699/841/671
f 828/1012/838 703/848/677 829/1013/839
f 828/1012/838 830/1014/840 705/851/680 573/849/678
f 707/854/683 831/1015/841 832/1016/842 706/853/682
f 831/1015/841 833/1017/843 834/1018/844 832/1016/842
f 835/1019/845 836/1020/846 479/571/462
f 709/856/685 837/1021/847 838/1022/848 581/689/543 575/679/533
f 582/1023/849 715/866/695 714/865/694 484/864/693
f 715/866/695 582/1023/849 716/867/696
f 839/1024/850 840/1025/851 717/868/697 716/867/696
f 841/1026/852 718/869/698 721/872/701 842/1027/853
f 727/1028/854 843/1029/854 728/882/709 619/881/709
f 634/884/710 729/883/710 843/1029/854 727/1028/854
f 732/887/713 731/886/712 844/1030/855 845/1031/856
f 640/770/601 732/887/713 846/1032/857 847/1033/858
f 643/890/716 848/1034/859 849/1035/860 734/891/717
f 850/1036/861 537/1037/862 443/889/715 733/888/714
f 735/892/718 644/776/607 734/891/717 849/1035/860
f 736/893/719 735/892/718 851/1038/863 852/1039/864
f 852/1039/864 853/1040/865 737/894/720 736/893/719
f 854/1041/866 855/1042/867 738/895/721 737/894/720
f 738/895/721 659/793/624 730/885/711 647/779/610
f 740/897/723 739/896/722 844/1043/868 856/1044/869
f 857/1045/870 856/1044/869 844/1043/868 731/1046/871
f 857/1045/870 731/1046/871 639/1047/872 858/1048/873
f 858/1048/873 639/1047/872 537/1037/862 850/1036/861
f 855/1042/867 751/916/742 744/915/741 859/1049/874
f 745/1050/875 665/905/731 673/904/730 860/1051/876
f 746/908/734 861/1052/877 747/909/735 669/805/636
f 862/1053/878 863/1054/879 864/1055/880 865/1056/881
f 671/808/639 748/910/736 866/1057/882 672/809/640
f 672/809/640 860/1058/883 673/811/642 670/806/637
f 867/1059/884 752/917/743 751/916/742 868/1060/885
f 752/917/743 869/1061/886 754/920/746 749/911/737
f 870/1062/887 759/926/752 757/923/749 871/1063/888
f 872/1064/889 761/928/754 759/926/752 870/1062/887
f 873/1065/890 763/930/756 761/928/754 872/1064/889
f 874/1066/891 765/932/758 763/930/756 873/1065/890
f 875/1067/892 767/934/760 765/932/758 874/1066/891
f 875/1067/892 876/1068/893 769/936/762 767/934/760
f 876/1068/893 877/1069/894 772/939/765 769/936/762
f 877/1069/894 878/1070/895 773/940/766 772/939/765
f 879/1071/896 775/942/768 773/940/766 878/1070/895
f 880/1072/897 777/944/770 775/942/768 879/1071/896
f 881/1073/898 779/946/772 777/944/770 880/1072/897
f 882/1074/899 781/948/774 779/946/772 881/1073/898
f 882/1074/899 883/1075/900 783/950/776 781/948/774
f 883/1075/900 884/1076/901 786/953/779 783/950/776
f 884/1076/901 885/1077/902 788/955/781 786/953/779
f 679/1078/903 678/957/783 789/956/782 886/1079/904
f 887/1080/905 789/956/782 788/955/781 885/1077/902
f 888/1081/906 651/1082/907 650/958/784 677/816/646
f 712/959/785 724/1083/908 889/1084/909 790/960/786
f 790/960/786 890/1085/910 891/1086/911
f 892/1087/912 893/1088/913 890/1089/914
f 894/1090/915 895/1091/916 794/964/790 893/1088/913
f 794/964/790 895/1091/916 896/1092/917 791/961/787
f 791/961/787 896/1092/917 897/1093/918 795/965/791
f 795/965/791 897/1093/918 898/1094/919 797/967/793
f 799/969/795 797/967/793 898/1094/919 899/1095/920
f 801/971/797 799/969/795 899/1095/920 900/1096/921
f 803/973/799 801/971/797 900/1096/921 901/1097/922
f 803/973/799 901/1097/922 902/1098/923 805/975/801
f 805/975/801 902/1098/923 903/1099/924 807/977/803
f 807/977/803 903/1099/924 904/1100/925 809/979/805
f 809/979/805 904/1100/925 905/1101/926 811/981/807
f 812/983/809 811/981/807 905/1101/926 906/1102/927
f 813/986/812 812/983/809 906/1102/927 907/1103/928
f 816/990/816 908/1104/929 820/999/825 817/993/819
f 909/1105/930 825/1009/835 687/826/656 689/829/659
f 692/832/662 910/1106/931 689/829/659 688/828/658
f 822/1107/932 818/996/822 821/1000/826 911/1108/933
f 820/999/825 912/1109/934 913/1110/935 821/1000/826
f 700/1006/832 827/1111/936 910/1112/937 692/1004/830
f 914/1113/938 915/1114/939 916/1115/940 917/1116/941
f 826/1010/836 918/1117/942 698/840/670 697/838/668
f 830/1014/840 828/1012/838 829/1013/839 919/1118/943
f 911/1108/933 920/1119/944 921/1120/945 829/1013/839
f 830/1014/840 922/1121/946 707/854/683 705/851/680
f 834/1122/947 923/1123/948 924/1124/949
f 922/1121/946 925/1125/950 831/1015/841 707/854/683
f 925/1125/950 926/1126/951 833/1017/843 831/1015/841
f 833/1017/843 927/1127/952 928/1128/953 834/1018/844
f 479/571/462 929/1129/954 835/1019/845
f 930/1130/955 931/1131/956 932/1132/957 933/1133/958
f 934/1134/959 838/1135/960 837/1136/961
f 934/1134/959 935/1137/962 936/1138/963 838/1135/960
f 935/1137/962 937/1139/964 938/1140/965 936/1138/963
f 939/1141/966 940/1142/967 941/1143/968 942/1144/969
f 941/1143/968 940/1142/967 943/1145/970 944/1146/971
f 943/1145/970 945/1147/972 944/1146/971
f 946/1148/973 947/1149/974 839/1150/975 716/877/706 580/688/542
f 839/1024/850 948/1151/976 949/1152/977 840/1025/851
f 948/1151/976 950/1153/978 951/1154/979 949/1152/977
f 950/1153/978 952/1155/980 953/1156/981 951/1154/979
f 952/1155/980 954/1157/982 955/1158/983 953/1156/981
f 955/1158/983 954/1157/982 956/1159/984 957/1160/985
f 956/1159/984 841/1026/852 842/1027/853 957/1160/985
f 845/1031/856 844/1030/855 739/1161/986 958/1162/987
f 732/887/713 845/1031/856 959/1163/988 846/1032/857
f 960/1164/989 961/1165/990 959/1166/991
f 735/892/718 849/1035/860 961/1165/990 851/1038/863
f 852/1039/864 851/1038/863 962/1167/992 963/1168/993
f 852/1039/864 964/1169/994 965/1170/995
f 965/1171/996 966/1172/997 967/1173/998 853/1174/999
f 967/1173/998 968/1175/1000 969/1176/1001 853/1174/999
f 969/1176/1001 968/1175/1000 970/1177/1002
f 969/1176/1001 970/1177/1002 971/1178/1003
f 970/1179/1004 972/1180/1005 973/1181/1006 974/1182/1007
f 974/1183/1008 973/1184/1009 868/1060/885 854/1041/866
f 868/1060/885 751/916/742 855/1042/867 854/1041/866
f 975/1185/1010 653/1186/1011 651/1187/1012 888/1188/1013
f 976/1189/1014 655/1190/1015 653/1186/1011 975/1185/1010
f 977/1191/1016 657/1192/1017 655/1190/1015 976/1189/1014
f 864/1055/880 978/1193/1018 979/1194/1019 865/1056/881
f 861/1052/877 746/908/734 745/907/733
f 866/1057/882 860/1058/883 672/809/640
f 979/1194/1019 978/1193/1018 980/1195/1020 981/1196/1021
f 981/1196/1021 980/1195/1020 982/1197/1022 983/1198/1023
f 984/1199/1024 985/1200/1025 986/1201/1026 963/1168/993
f 987/1202/1027 869/1061/886 752/917/743 867/1059/884
f 869/1061/886 871/1063/888 757/923/749 754/920/746
f 988/1203/1028 870/1062/887 871/1063/888 989/1204/1029
f 990/1205/1030 872/1064/889 870/1062/887 988/1203/1028
f 991/1206/1031 873/1065/890 872/1064/889 990/1205/1030
f 992/1207/1032 874/1066/891 873/1065/890 991/1206/1031
f 993/1208/1033 875/1067/892 874/1066/891 992/1207/1032
f 993/1208/1033 994/1209/1034 876/1068/893 875/1067/892
f 994/1209/1034 995/1210/1035 877/1069/894 876/1068/893
f 995/1210/1035 996/1211/1036 878/1070/895 877/1069/894
f 997/1212/1037 879/1071/896 878/1070/895 996/1211/1036
f 998/1213/1038 880/1072/897 879/1071/896 997/1212/1037
f 999/1214/1039 881/1073/898 880/1072/897 998/1213/1038
f 1000/1215/1040 882/1074/899 881/1073/898 999/1214/1039
f 1000/1215/1040 1001/1216/1041 883/1075/900 882/1074/899
f 1001/1216/1041 1002/1217/1042 884/1076/901 883/1075/900
f 1002/1217/1042 1003/1218/1043 885/1077/902 884/1076/901
f 679/1078/903 886/1079/904 1004/1219/1044 1005/1220/1045
f 887/1080/905 1006/1221/1046 886/1079/904 789/956/782
f 1007/1222/1047 887/1080/905 885/1077/902 1003/1218/1043
f 1008/1223/1048 975/1185/1010 1005/1224/1049
f 724/1225/1050 722/1226/1051 1009/1227/1052 889/1228/1053
f 890/1229/1054 889/1228/1053 1010/1230/1055
f 1011/1231/1056 892/1087/912 1010/1232/1057 1012/1233/1058
f 893/1088/913 892/1087/912 1013/1234/1059 894/1090/915
f 895/1091/916 1014/1235/1060 1015/1236/1061 896/1092/917
f 896/1092/917 1015/1236/1061 1016/1237/1062 897/1093/918
f 897/1093/918 1016/1237/1062 1017/1238/1063 898/1094/919
f 899/1095/920 898/1094/919 1017/1238/1063 1018/1239/1064
f 900/1096/921 899/1095/920 1018/1239/1064 1019/1240/1065
f 901/1097/922 900/1096/921 1019/1240/1065 1020/1241/1066
f 901/1097/922 1020/1241/1066 1021/1242/1067 902/1098/923
f 902/1098/923 1021/1242/1067 1022/1243/1068 903/1099/924
f 903/1099/924 1022/1243/1068 1023/1244/1069 904/1100/925
f 904/1100/925 1023/1244/1069 1024/1245/1070 905/1101/926
f 906/1102/927 905/1101/926 1024/1245/1070 1025/1246/1071
f 907/1103/928 1026/1247/1072 815/988/814 813/986/812
f 907/1103/928 906/1102/927 1025/1246/1071 1027/1248/1073
f 815/988/814 1026/1247/1072 908/1104/929 816/990/816
f 908/1104/929 1028/1249/1074 912/1109/934 820/999/825
f 689/829/659 910/1106/931 909/1105/930
f 821/1000/826 913/1110/935 920/1119/944 911/1108/933
f 1029/1250/1075 1030/1251/1076 912/1109/934 1031/1252/1077
f 1032/1253/1078 1033/1254/1079 914/1113/938 917/1116/941
f 1034/1255/1080 1035/1256/1081 1036/1257/1082 1037/1258/1083
f 1035/1256/1081 1033/1254/1079 1032/1253/1078 1036/1257/1082
f 827/1011/837 698/840/670 918/1117/942
f 919/1118/943 1038/1259/1084 922/1121/946 830/1014/840
f 829/1013/839 921/1120/945 1039/1260/1085 919/1118/943
f 1040/1261/1086 1041/1262/1087 1042/1263/1088 921/1120/945
f 834/1122/947 1043/1264/1089 923/1123/948
f 479/571/462 478/570/461 929/1129/954
f 1044/1265/1090 934/1134/959 837/1136/961 1045/1266/1091
f 934/1134/959 1044/1265/1090 1046/1267/1092 935/1137/962
f 1046/1267/1092 1047/1268/1093 937/1139/964 935/1137/962
f 940/1142/967 939/1141/966 1048/1269/1094 1049/1270/1095
f 943/1145/970 940/1142/967 1049/1270/1095 1050/1271/1096
f 943/1145/970 1050/1271/1096 1051/1272/1097 945/1147/972
f 1052/1273/1098 945/1274/1099 1051/1275/1100
f 948/1276/1101 839/1150/975 947/1149/974 1052/1273/1098
f 719/1277/1102 718/1278/1103 1053/1279/1104 1054/1280/1105
f 722/1226/1051 719/1277/1102 1054/1280/1105 1009/1227/1052
f 958/1162/987 739/1161/986 657/1192/1017 977/1191/1016
f 845/1031/856 958/1162/987 1055/1281/1106 960/1282/1107
f 1056/1283/1108 961/1165/990 1055/1284/1109 1057/1285/1110
f 851/1038/863 961/1165/990 1056/1283/1108 962/1167/992
f 963/1168/993 962/1167/992 1058/1286/1111 984/1199/1024
f 1059/1287/1112 964/1288/1113 986/1289/1114 1060/1290/1115
f 1059/1287/1112 966/1172/997 965/1171/996 964/1288/1113
f 1061/1291/1116 1062/1292/1117 1063/1293/1118 1064/1294/1119
f 1064/1294/1119 1063/1293/1118 1065/1295/1120
f 1066/1296/1121 972/1297/1122 985/1298/1123
f 977/1191/1016 976/1189/1014 1057/1299/1124
f 1067/1300/1125 1068/1301/1126 1069/1302/1127
f 1068/1301/1126 1067/1300/1125 863/1054/879 862/1053/878
f 1070/1303/1128 1071/1304/1129 1072/1305/1130 1073/1306/1131
f 983/1198/1023 982/1197/1022 1074/1307/1132
f 1075/1308/1133 987/1202/1027 867/1059/884 984/1199/1024
f 972/1297/1122 1076/1309/1134 1077/1310/1135 985/1298/1123
f 1077/1310/1135 1060/1290/1115 986/1289/1114 985/1298/1123
f 987/1202/1027 989/1204/1029 871/1063/888 869/1061/886
f 988/1203/1028 989/1204/1029 1078/1311/1136 1007/1222/1047
f 1003/1218/1043 1001/1216/1041 988/1203/1028 1007/1222/1047
f 1005/1220/1045 1004/1219/1044 1079/1312/1137 1008/1313/1138
f 1080/1314/1139 1004/1219/1044 886/1079/904 1006/1221/1046
f 1007/1222/1047 1078/1311/1136 1006/1221/1046 887/1080/905
f 1010/1230/1055 1009/1227/1052 1012/1315/1140
f 1081/1316/1141 1011/1231/1056 1012/1233/1058 1082/1317/1142 1083/1318/1143
f 892/1087/912 1011/1231/1056 1084/1319/1144 1013/1234/1059
f 894/1090/915 1013/1234/1059 1085/1320/1145 1086/1321/1146
f 894/1090/915 1086/1321/1146 1014/1235/1060 895/1091/916
f 1025/1246/1071 1024/1245/1070 1017/1238/1063 1016/1237/1062
f 1087/1322/1147 1026/1247/1072 907/1103/928 1027/1248/1073
f 1026/1247/1072 1087/1322/1147 1028/1249/1074 908/1104/929
f 1028/1249/1074 1085/1320/1145 1031/1252/1077 912/1109/934
f 1088/1323/1148 1034/1255/1080 1037/1258/1083
f 1089/1324/1149 1090/1325/1150 920/1119/944 913/1110/935
f 1091/1326/1151 1029/1250/1075 1031/1252/1077 1084/1319/1144
f 1030/1251/1076 1029/1250/1075 1092/1327/1152
f 1093/1328/1153 1030/1329/1154 1092/1330/1155 1094/1331/1156
f 1093/1328/1153 1095/1332/1157 1096/1333/1158 1030/1329/1154
f 1095/1332/1157 1097/1334/1159 1098/1335/1160 1096/1333/1158
f 1090/1336/1161 1089/1337/1162 1097/1338/1163 1099/1339/1164
f 1100/1340/1165 1101/1341/1166 1102/1342/1167 1103/1343/1168
f 915/1114/939 1104/1344/1169 1105/1345/1170 916/1115/940
f 1106/1346/1171 1105/1345/1170 1104/1344/1169
f 919/1118/943 1039/1260/1085 1107/1347/1172 1038/1259/1084
f 1099/1348/1173 1108/1349/1174 1109/1350/1175 1110/1351/1176
f 1108/1349/1174 1111/1352/1177 1040/1353/1178 1109/1350/1175
f 1111/1352/1177 1112/1354/1179 1113/1355/1180 1040/1353/1178
f 1114/1356/1181 1042/1263/1088 1041/1262/1087 1115/1357/1182
f 1038/1259/1084 1116/1358/1183 925/1125/950 922/1121/946
f 1116/1358/1183 1117/1359/1184 926/1126/951 925/1125/950
f 926/1126/951 1118/1360/1185 927/1127/952 833/1017/843
f 927/1127/952 1119/1361/1186 1120/1362/1187 928/1128/953
f 709/856/685 1121/1363/1188 1122/1364/1189 837/1021/847
f 1121/1363/1188 1123/1365/1190 1122/1364/1189
f 837/1136/961 1122/1366/1191 1124/1367/1192 1045/1266/1091
f 1045/1266/1091 1125/1368/1193 1126/1369/1194 1044/1265/1090
f 1044/1265/1090 1126/1369/1194 1127/1370/1195 1046/1267/1092
f 1046/1267/1092 1127/1370/1195 1128/1371/1196 1047/1268/1093
f 1049/1270/1095 1048/1269/1094 1129/1372/1197 1130/1373/1198
f 1050/1271/1096 1049/1270/1095 1130/1373/1198 1131/1374/1199
f 1131/1374/1199 1132/1375/1200 1133/1376/1201 1050/1271/1096
f 1051/1272/1097 1133/1376/1201 1134/1377/1202
f 1135/1378/1203 1136/1379/1204 1137/1380/1205 1138/1381/1206
f 950/1382/1207 948/1276/1101 1052/1273/1098 1135/1378/1203
f 718/1278/1103 841/1383/1208 1139/1384/1209 1053/1279/1104
f 1053/1279/1104 1082/1385/1210 1054/1280/1105
f 958/1162/987 977/1191/1016 1057/1299/1124 1055/1281/1106
f 962/1167/992 1056/1283/1108 1079/1312/1137 1058/1286/1111
f 984/1199/1024 1058/1286/1111 1080/1314/1139 1075/1308/1133
f 1140/1386/1211 1141/1387/1212 1142/1388/1213 1143/1389/1214
f 1143/1389/1214 1142/1388/1213 1144/1390/1215 1145/1391/1216
f 1145/1391/1216 1144/1390/1215 1062/1292/1117 1061/1291/1116
f 1146/1392/1217 1147/1393/1218 1148/1394/1219 1149/1395/1220
f 1072/1305/1130 1150/1396/1221 1151/1397/1222 1073/1306/1131
f 1152/1398/1223 1153/1399/1224 1154/1400/1225 1155/1401/1226
f 1151/1397/1222 1150/1396/1221 1156/1402/1227 1157/1403/1228
f 1158/1404/1229 1157/1403/1228 1156/1402/1227 1159/1405/1230
f 1075/1308/1133 1078/1311/1136 989/1204/1029 987/1202/1027
f 1160/1406/1231 1161/1407/1232 1162/1408/1233
f 1161/1407/1232 1160/1406/1231 1141/1387/1212 1140/1386/1211
f 1058/1286/1111 1079/1312/1137 1004/1219/1044 1080/1314/1139
f 1075/1308/1133 1080/1314/1139 1006/1221/1046 1078/1311/1136
f 1163/1409/1234 1083/1318/1143 1164/1410/1235
f 1081/1316/1141 1091/1326/1151 1084/1319/1144 1011/1231/1056
f 1139/1384/1209 1164/1411/1236 1083/1412/1237 1053/1279/1104
f 1013/1234/1059 1084/1319/1144 1031/1252/1077 1085/1320/1145
f 1086/1321/1146 1085/1320/1145 1028/1249/1074 1087/1322/1147
f 1115/1357/1182 1041/1262/1087 1029/1250/1075 1091/1326/1151
f 1112/1354/1179 1094/1331/1156 1092/1330/1155 1113/1355/1180
f 1165/1413/1238 1166/1414/1239 1167/1415/1240 1168/1416/1241
f 1167/1415/1240 1166/1414/1239 1169/1417/1242 1170/1418/1243
f 1170/1418/1243 1169/1417/1242 1171/1419/1244 1172/1420/1245
f 1173/1421/1246 1174/1422/1247 1175/1423/1248 1176/1424/1249
f 1177/1425/1250 1178/1426/1251 1100/1340/1165 1103/1343/1168
f 1179/1427/1252 1180/1428/1253 1181/1429/1254 1182/1430/1255
f 1179/1427/1252 1178/1426/1251 1177/1425/1250 1180/1428/1253
f 1183/1431/1256 1184/1432/1257 1042/1263/1088 1114/1356/1181
f 1185/1433/1258 1186/1434/1259 1187/1435/1260
f 1187/1435/1260 1186/1434/1259 1188/1436/1261 1189/1437/1262
f 1190/1438/1263 1114/1356/1181 1115/1357/1182 1163/1409/1234
f 1123/1365/1190 1191/1439/1264 1124/1440/1265 1122/1364/1189
f 1192/1441/1266 1125/1368/1193 1045/1266/1091 1124/1367/1192
f 1193/1442/1267 1192/1443/1268 1124/1440/1265 1191/1439/1264
f 1127/1370/1195 1194/1444/1269 1195/1445/1270 1128/1371/1196
f 1196/1446/1271 1197/1447/1272 1130/1373/1198 1129/1372/1197
f 1197/1447/1272 1198/1448/1273 1131/1374/1199 1130/1373/1198
f 1198/1448/1273 1199/1449/1274 1132/1375/1200 1131/1374/1199
f 1134/1377/1202 1133/1376/1201 1132/1375/1200 1200/1450/1275
f 1200/1450/1275 1132/1375/1200 1199/1449/1274 1201/1451/1276
f 1201/1451/1276 1199/1449/1274 1202/1452/1277 1203/1453/1278
f 1202/1452/1277 1204/1454/1279 1136/1455/1280 1203/1453/1278
f 1136/1455/1280 1204/1454/1279 1137/1456/1281
f 952/1457/1282 950/1382/1207 1135/1378/1203 1205/1458/1283
f 954/1459/1284 952/1457/1282 1205/1458/1283 1206/1460/1285
f 956/1461/1286 954/1459/1284 1206/1460/1285 1207/1462/1287
f 841/1383/1208 956/1461/1286 1207/1462/1287 1139/1384/1209
f 1208/1463/1288 1209/1464/1289 1210/1465/1290 1211/1466/1291
f 1149/1395/1220 1210/1465/1290 1209/1464/1289 1146/1392/1217
f 1146/1392/1217 1212/1467/1292 1155/1468/1293 1147/1393/1218
f 1147/1469/1294 1213/1470/1295 1214/1471/1296 1148/1472/1297
f 1147/1469/1294 1155/1401/1226 1154/1400/1225 1213/1470/1295
f 1215/1473/1298 1152/1474/1299 1155/1468/1293 1212/1467/1292
f 1159/1405/1230 1154/1475/1300 1153/1476/1301 1158/1404/1229
f 1215/1473/1298 1212/1467/1292 1071/1304/1129 1070/1303/1128
f 1072/1305/1130 1071/1304/1129 1209/1464/1289 1208/1463/1288
f 1216/1477/1302 1217/1478/1303 1156/1402/1227 1150/1396/1221
f 1159/1405/1230 1156/1402/1227 1217/1478/1303 1218/1479/1304
f 1163/1409/1234 1219/1480/1305 1220/1481/1306 1190/1438/1263
f 1081/1316/1141 1163/1409/1234 1115/1357/1182 1091/1326/1151
f 1207/1462/1287 1221/1482/1307 1164/1411/1236 1139/1384/1209
f 1176/1483/1308 1182/1430/1255 1181/1429/1254 1173/1484/1309
f 1222/1485/1310 1223/1486/1311 1224/1487/1312 1225/1488/1313
f 1223/1486/1311 1165/1413/1238 1168/1416/1241 1224/1487/1312
f 1226/1489/1314 1172/1420/1245 1171/1419/1244
f 1175/1423/1248 1227/1490/1315 1228/1491/1316 1176/1424/1249
f 1174/1492/1317 1229/1493/1318 1230/1494/1319 1175/1495/1320
f 1179/1427/1252 1182/1430/1255 1231/1496/1321 1232/1497/1322
f 1232/1497/1322 1233/1498/1323 1178/1426/1251 1179/1427/1252
f 1101/1341/1166 1100/1340/1165 1234/1499/1324 1235/1500/1325
f 1101/1341/1166 1230/1494/1319 1229/1493/1318 1102/1342/1167
f 1116/1358/1183 1038/1259/1084 1107/1347/1172 1236/1501/1326
f 1237/1502/1327 1183/1431/1256 1114/1356/1181 1190/1438/1263
f 1183/1431/1256 1238/1503/1328 1239/1504/1329 1184/1432/1257
f 1227/1505/1330 1240/1506/1331 1241/1507/1332 1242/1508/1333
f 1222/1485/1310 1225/1488/1313 1189/1437/1262 1188/1436/1261
f 1236/1501/1326 1243/1509/1334 1117/1359/1184 1116/1358/1183
f 1117/1359/1184 1244/1510/1335 1118/1360/1185 926/1126/951
f 1118/1360/1185 1245/1511/1336 1119/1361/1186 927/1127/952
f 1119/1361/1186 1125/1368/1193 1192/1441/1266 1120/1362/1187
f 1125/1368/1193 1119/1361/1186 1245/1511/1336 1126/1369/1194
f 1126/1369/1194 1245/1511/1336 1194/1444/1269 1127/1370/1195
f 1196/1446/1271 1246/1512/1337 1247/1513/1338 1197/1447/1272
f 1198/1448/1273 1197/1447/1272 1247/1513/1338 1248/1514/1339
f 1199/1449/1274 1198/1448/1273 1248/1514/1339 1202/1452/1277
f 1135/1378/1203 1249/1515/1340 1205/1458/1283
f 1248/1514/1339 1250/1516/1341 1204/1454/1279 1202/1452/1277
f 1137/1456/1281 1204/1454/1279 1250/1516/1341 1251/1517/1342
f 1137/1456/1281 1251/1517/1342 1252/1518/1343 1138/1519/1344
f 1205/1458/1283 1253/1520/1345 1220/1521/1346 1206/1460/1285
f 1206/1460/1285 1220/1521/1346 1219/1522/1347 1207/1462/1287
f 1254/1523/1348 1217/1478/1303 1216/1477/1302 1255/1524/1349
f 1255/1524/1349 1216/1477/1302 1208/1463/1288 1211/1466/1291
f 1146/1392/1217 1209/1464/1289 1071/1304/1129 1212/1467/1292
f 1256/1525/1350 1214/1526/1351 1213/1527/1352 1218/1479/1304
f 1216/1477/1302 1150/1396/1221 1072/1305/1130 1208/1463/1288
f 1213/1527/1352 1154/1475/1300 1159/1405/1230 1218/1479/1304
f 1256/1525/1350 1218/1479/1304 1217/1478/1303 1254/1523/1348
f 1237/1502/1327 1249/1528/1353 1257/1529/1354
f 1176/1483/1308 1228/1530/1355 1231/1496/1321 1182/1430/1255
f 1235/1500/1325 1234/1499/1324 1258/1531/1356 1259/1532/1357
f 1233/1498/1323 1232/1497/1322 1260/1533/1358 1261/1534/1359
f 1234/1499/1324 1233/1498/1323 1261/1534/1359 1258/1531/1356
f 1232/1497/1322 1231/1496/1321 1262/1535/1360 1260/1533/1358
f 1263/1536/1361 1262/1535/1360 1231/1496/1321 1228/1530/1355
f 1228/1491/1316 1227/1490/1315 1242/1537/1362 1263/1538/1363
f 1230/1494/1319 1240/1506/1331 1227/1505/1330 1175/1495/1320
f 1178/1426/1251 1233/1498/1323 1234/1499/1324 1100/1340/1165
f 1235/1500/1325 1240/1506/1331 1230/1494/1319 1101/1341/1166
f 1237/1502/1327 1252/1518/1343 1238/1503/1328 1183/1431/1256
f 1264/1539/1364 1239/1504/1329 1238/1503/1328 1265/1540/1365
f 1235/1500/1325 1259/1532/1357 1241/1507/1332 1240/1506/1331
f 1194/1444/1269 1244/1510/1335 1266/1541/1366 1195/1445/1270
f 1247/1513/1338 1246/1512/1337 1267/1542/1367 1268/1543/1368
f 1250/1516/1341 1248/1514/1339 1247/1513/1338 1268/1543/1368
f 1252/1518/1343 1237/1502/1327 1257/1529/1354 1138/1519/1344
f 1251/1517/1342 1250/1516/1341 1268/1543/1368 1265/1540/1365
f 1251/1517/1342 1265/1540/1365 1238/1503/1328 1252/1518/1343
f 1265/1540/1365 1268/1543/1368 1267/1542/1367 1264/1539/1364
f 1244/1510/1335 1117/1359/1184 1243/1509/1334 1266/1541/1366
f 1244/1510/1335 1194/1444/1269 1245/1511/1336 1118/1360/1185
f 1269/1544/1369 1270/1545/1370 1271/1546/1371 1272/1547/1372
f 1272/1547/1372 1271/1546/1371 1273/1548/1373 1274/1549/1374
f 1275/1550/1375 1274/1549/1374 1273/1548/1373 1276/1551/1376
f 1275/1550/1375 1276/1551/1376 1277/1552/1377 1278/1553/1378
f 1279/1554/1379 1278/1553/1378 1277/1552/1377 1280/1555/1380
f 1279/1556/1379 1280/1557/1380 1281/1558/1381 1282/1559/1382
f 1282/1559/1382 1281/1558/1381 1283/1560/1383 1284/1561/1384
f 1284/1561/1384 1283/1560/1383 1285/1562/1385 92/1563/1386
f 92/1563/1386 1285/1562/1385 1286/1564/1387 93/1565/1388
f 93/1565/1388 1286/1564/1387 1287/1566/1389 1288/1567/1390
f 1288/1567/1390 1287/1566/1389 1289/1568/1391 1290/1569/1392
f 1290/1569/1392 1289/1568/1391 1270/1545/1370 1269/1544/1369
f 708/855/684 836/1020/846 930/1570/1393 933/1571/1394
f 836/1020/846 835/1019/845 1291/1572/1395 930/1570/1393
f 835/1019/845 929/1129/954 1292/1573/1396 1291/1572/1395
f 929/1129/954 1293/1574/1397 1294/1575/1398 1292/1573/1396
f 1293/1574/1397 1295/1576/1399 1296/1577/1400 1294/1575/1398
f 1295/1576/1399 1297/1578/1401 1298/1579/1402 1296/1577/1400
f 1297/1578/1401 924/1124/949 1299/1580/1403 1298/1579/1402
f 924/1124/949 923/1123/948 1300/1581/1404 1299/1580/1403
f 923/1123/948 1043/1264/1089 1301/1582/1405 1300/1581/1404
f 1043/1264/1089 1302/1583/1406 1303/1584/1407 1301/1582/1405
f 1302/1583/1406 1304/1585/1408 1305/1586/1409 1303/1584/1407
f 1304/1585/1408 1306/1587/1410 1307/1588/1411 1305/1586/1409
f 1306/1587/1410 1193/1442/1267 1308/1589/1412 1307/1588/1411
f 1193/1442/1267 1191/1439/1264 1309/1590/1413 1308/1589/1412
f 1191/1439/1264 1123/1365/1190 1310/1591/1414 1309/1590/1413
f 1123/1365/1190 1121/1363/1188 1311/1592/1415 1310/1591/1414
f 1121/1363/1188 709/856/685 932/1593/1416 1311/1592/1415
f 709/856/685 708/855/684 933/1571/1394 932/1593/1416
f 752/917/743 749/911/737 675/914/740
f 738/895/721 855/1042/867 859/1049/874 660/794/625
f 664/906/732 660/1594/1417 859/1595/1418
f 664/800/631 551/799/630 550/1596/1419 660/1597/1419
f 674/902/728 664/906/732 859/1595/1418 744/903/729
f 867/1059/884 868/1060/885 973/1184/1009 1066/1598/1025
f 971/1599/1420 974/1183/1008 854/1041/866 737/894/720
f 818/996/822 817/993/819 820/999/825
f 691/831/661 690/830/660 819/1600/1421 818/1601/1421
f 702/1002/828 691/1005/831 818/1602/1422 822/1003/829
f 703/848/677 822/1107/932 911/1108/933 829/1013/839
f 921/1120/945 920/1119/944 1090/1325/1150 1110/1603/1423
f 1098/1604/1424 1089/1324/1149 913/1110/935 912/1109/934
f 4/4/4 3/3/3 11/13/13
f 20/24/24 37/46/46 21/25/25
f 22/26/26 12/49/49 21/1605/1425 37/1606/1426
f 22/26/26 37/1606/1426 39/1607/27
f 45/1608/1427 47/1609/1427 51/68/68
f 22/26/26 39/1607/27 23/27/27
f 61/121/115 103/123/117 109/1610/1428
f 61/121/115 111/1611/1429 113/1612/1430
f 88/103/97 90/174/161 52/102/96
f 116/1613/119 178/1614/119 180/1615/1431 74/1616/1432
f 89/104/98 90/105/99 145/175/162
f 227/267/225 226/266/224 225/265/223 224/264/222
f 138/162/149 256/296/254 259/1617/1433 261/1618/200
f 138/162/149 261/1618/200 263/1619/1434
f 139/163/150 263/1619/1434 204/237/199
f 267/312/270 271/320/278 301/350/308 303/352/310
f 252/292/250 203/236/198 253/293/251
f 529/628/484 186/219/181 117/490/381
f 256/296/254 444/504/395 446/641/495 445/505/396
f 447/508/399 258/298/256 257/297/255
f 535/1620/1435 534/651/505 454/518/409
f 546/649/503 637/1621/1436 536/637/491
f 444/504/395 538/639/493 539/640/494
f 458/525/416 457/523/414 548/652/506
f 459/527/418 458/525/416 741/1622/1437
f 460/529/420 668/1623/1438 662/1624/1439 461/531/422
f 555/659/513 463/535/426 462/533/424 554/658/512
f 555/659/513 554/658/512 556/660/514
f 467/545/436 762/1625/1440 764/1626/1441 468/547/438
f 469/550/441 468/547/438 560/664/518
f 469/550/441 814/1627/1442 562/666/520
f 470/556/447 563/1628/1443 564/668/522
f 471/553/444 565/669/523 566/670/524
f 695/1629/1444 570/674/528 475/564/455 474/562/453
f 457/523/414 252/292/250 536/635/489
f 552/792/623 741/898/724 659/793/624
f 677/816/646 682/821/651 678/817/647
f 681/820/650 790/960/786 684/823/653
f 794/964/790 793/963/789 685/1630/1445
f 703/848/677 828/1012/838 573/849/678
f 538/639/493 640/770/601 848/1631/1446 643/775/606
f 947/1149/974 946/1148/973 942/1632/1447 941/1633/1448
f 853/1040/865 969/1634/1420 737/894/720
f 888/1081/906 677/816/646 679/818/648
f 790/960/786 889/1084/909 890/1085/910
f 852/1039/864 963/1168/993 986/1201/1026 964/1169/994
f 972/1180/1005 1066/1635/1449 973/1181/1006
f 984/1199/1024 867/1059/884 1066/1598/1025 985/1200/1025
f 975/1185/1010 888/1188/1013 1005/1224/1049
f 889/1228/1053 1009/1227/1052 1010/1230/1055
f 1030/1251/1076 1096/1636/1424 912/1109/934
f 921/1120/945 1110/1603/1423 1109/1637/1423
f 1050/1271/1096 1133/1376/1201 1051/1272/1097
f 1052/1273/1098 947/1149/974 944/1638/1450 945/1274/1099
f 976/1189/1014 975/1185/1010 1008/1223/1048
f 1003/1218/1043 1002/1217/1042 1001/1216/1041
f 1001/1216/1041 997/1212/1037 993/1208/1033 988/1203/1028
f 1009/1227/1052 1054/1280/1105 1012/1315/1140
f 1014/1235/1060 1086/1321/1146 1087/1322/1147
f 1041/1262/1087 1040/1261/1086 1113/1639/1451
f 1099/1339/1164 1110/1640/1452 1090/1336/1161
f 1135/1378/1203 1052/1273/1098 1134/1641/1453 1200/1642/1454
f 1200/1642/1454 1201/1643/1454 1203/1644/1454 1135/1378/1203
f 1135/1378/1203 1203/1644/1454 1136/1379/1204
f 1053/1279/1104 1083/1412/1237 1082/1385/1210
f 1056/1283/1108 1057/1285/1110 1008/1313/1138 1079/1312/1137
f 1163/1409/1234 1081/1316/1141 1083/1318/1143
f 1207/1462/1287 1219/1522/1347 1221/1482/1307
f 1135/1378/1203 1138/1381/1206 1257/1645/1455
f 1205/1458/1283 1249/1515/1340 1253/1520/1345
f 1237/1502/1327 1190/1438/1263 1253/1646/1456 1249/1528/1353
f 567/671/525 819/1647/1457 690/1648/1458
f 593/1649/1459 591/1650/1460 609/1651/1460 607/1652/1459
f 1001/1216/1041 1000/1215/1040 999/1214/1039
f 999/1214/1039 998/1213/1038 997/1212/1037 1001/1216/1041
f 997/1212/1037 996/1211/1036 995/1210/1035
f 995/1210/1035 994/1209/1034 993/1208/1033 997/1212/1037
f 991/1206/1031 990/1205/1030 988/1203/1028 993/1208/1033
f 1286/1653/1461 1285/1654/1461 1289/1655/1461 1287/1656/1461
f 165/1657/119 1312/1658/119 1313/1659/119 163/1660/119
f 375/424/346 343/392/330 373/422/344
f 173/1661/119 171/1662/119 1314/1663/119 1315/1664/119
f 312/361/319 310/359/317 300/349/307 298/347/305
f 317/366/304 334/383/321 332/381/319 318/367/305
f 426/1665/119 424/1666/119 1316/1667/119 1317/1668/119
f 628/1669/119 627/1670/119 1318/1671/119 629/1672/119
f 993/1208/1033 992/1207/1032 991/1206/1031
f 205/238/200 253/293/251 203/236/198
f 254/294/252 441/500/391 252/292/250
f 433/489/380 529/628/484 117/490/381
f 257/506/397 259/1617/1433 256/296/254
f 453/517/408 535/1620/1435 454/518/409
f 549/653/507 741/1622/1437 458/525/416
f 741/1622/1437 552/656/510 459/527/418
f 557/661/515 676/1673/1462 555/659/513
f 561/665/519 814/1627/1442 469/550/441
f 574/678/532 706/1674/1463 478/570/461
f 637/766/597 548/652/506 457/523/414
f 548/768/599 637/1621/1436 546/649/503
f 741/898/724 549/1675/1464 638/767/598
f 572/850/679 704/1676/1465 703/848/677
f 847/1033/858 848/1631/1446 640/770/601
f 679/818/648 1005/1677/1466 888/1081/906
f 891/1086/911 684/823/653 790/960/786
f 965/1170/995 853/1040/865 852/1039/864
f 974/1182/1007 971/1678/1467 970/1179/1004
f 1051/1275/1100 1134/1641/1453 1052/1273/1098
f 960/1282/1107 959/1163/988 845/1031/856
f 1008/1223/1048 1057/1299/1124 976/1189/1014
f 1164/1410/1235 1221/1679/1468 1163/1409/1234
f 1220/1481/1306 1253/1646/1456 1190/1438/1263
f 47/1609/1427 49/1680/1427 51/68/68
f 109/1610/1428 111/1611/1429 61/121/115
f 113/1612/1430 62/1681/1469 61/121/115
f 263/1619/1434 139/163/150 138/162/149
f 204/237/199 203/236/198 139/163/150
f 941/1633/1448 944/1638/1450 947/1149/974
f 969/1634/1420 971/1599/1420 737/894/720
f 1096/1636/1424 1098/1604/1424 912/1109/934
f 1257/1645/1455 1249/1515/1340 1135/1378/1203
f 778/1682/1470 802/1683/1470 804/1684/1470 776/1685/1470
f 780/1686/1470 800/1687/1470 802/1683/1470 778/1682/1470
f 782/1688/1470 798/1689/1470 800/1687/1470 780/1686/1470
f 784/1690/1471 796/1691/1472 798/1689/1470 782/1688/1470
f 784/1690/1471 785/1692/1473 681/820/650 796/1691/1472
f 760/927/753 559/924/750 759/926/752
f 758/925/751 757/923/749 759/926/752
f 758/925/751 755/921/747 757/923/749
f 756/922/748 754/920/746 757/923/749
f 756/922/748 558/918/744 754/920/746
f 753/919/745 749/911/737 754/920/746
f 753/919/745 750/912/738 749/911/737
f 555/913/739 675/914/740 749/911/737
f 555/913/739 676/1693/1474 675/914/740
f 560/985/811 686/982/808 811/981/807
f 560/985/811 811/981/807 812/983/809
f 563/992/818 562/989/815 815/988/814
f 563/992/818 815/988/814 816/990/816
f 565/995/821 564/991/817 816/990/816
f 565/995/821 816/990/816 817/993/819
f 567/998/824 566/994/820 817/993/819
f 567/998/824 817/993/819 818/996/822
f 776/1685/1470 804/1684/1470 806/1694/1470 774/1695/1470
f 808/1696/1470 771/1697/1470 774/1695/1470 806/1694/1470
f 771/1697/1470 808/1696/1470 810/1698/1475 770/1699/1476
f 770/1699/1476 810/1698/1475 686/825/655 768/1700/1477
f 768/1700/1477 686/825/655 468/547/438
f 766/1701/1478 768/1700/1477 468/547/438
f 764/1626/1441 766/1701/1478 468/547/438
f 467/545/436 760/1702/1479 762/1625/1440
f 787/1703/1480 678/817/647 682/821/651
f 785/1692/1473 787/1703/1480 682/821/651 681/820/650
f 681/820/650 685/824/654 793/1704/1481
f 681/820/650 793/1704/1481 792/1705/1482
f 681/820/650 792/1705/1482 796/1691/1472
f 366/415/337 352/401/323 314/363/321 297/346/304
f 297/346/304 314/363/321 312/361/319 298/347/305
f 306/355/313 304/353/311 302/351/309 308/357/315
f 300/349/307 310/359/317 308/357/315 302/351/309
f 362/411/333 356/405/327 354/403/325 364/413/335
f 352/401/323 366/415/337 364/413/335 354/403/325
f 360/409/331 358/407/329 356/405/327 362/411/333
f 350/399/337 336/385/323 334/383/321 317/366/304
f 326/375/313 324/373/311 322/371/309 328/377/315
f 318/367/305 332/381/319 330/379/317 320/369/307
f 320/369/307 330/379/317 328/377/315 322/371/309
f 346/395/333 340/389/327 338/387/325 348/397/335
f 336/385/323 350/399/337 348/397/335 338/387/325
f 344/393/331 342/391/329 340/389/327 346/395/333
f 1283/1706/1461 1270/1707/1461 1289/1655/1461 1285/1654/1461
f 1281/1708/1461 1271/1709/1461 1270/1707/1461 1283/1706/1461
f 1280/1710/1461 1273/1711/1461 1271/1709/1461 1281/1708/1461
f 1277/1712/1461 1276/1713/1461 1273/1711/1461 1280/1710/1461
f 159/1714/119 161/1715/119 1319/1716/119 1320/1717/119
f 163/1660/119 1313/1659/119 1319/1716/119 161/1715/119
f 155/1718/119 157/1719/119 1321/1720/119 107/1721/119
f 157/1719/119 159/1714/119 1320/1717/119 1321/1720/119
f 73/1722/119 71/1723/119 1322/1724/119 115/1725/119
f 1312/1658/119 165/1657/119 115/1725/119 1322/1724/119
f 69/1726/119 67/1727/119 1322/1724/119 71/1723/119
f 67/1727/119 65/1728/119 1312/1658/119 1322/1724/119
f 65/1728/119 64/1729/119 1313/1659/119 1312/1658/119
f 64/1729/119 114/1730/119 1319/1716/119 1313/1659/119
f 1319/1716/119 114/1730/119 112/1731/119 1320/1717/119
f 1320/1717/119 112/1731/119 110/1732/119 1321/1720/119
f 1321/1720/119 110/1732/119 108/1733/119 107/1721/119
f 179/1734/119 177/1735/119 1323/1736/119 181/1737/119
f 177/1735/119 175/1738/119 1324/1739/119 1323/1736/119
f 175/1738/119 173/1661/119 1315/1664/119 1324/1739/119
f 167/1740/119 1325/1741/119 1326/1742/119 169/1743/119
f 1314/1663/119 171/1662/119 169/1743/119 1326/1742/119
f 166/1744/119 217/1745/119 1325/1741/119 167/1740/119
f 401/1746/119 403/1747/119 1325/1741/119 217/1745/119
f 403/1747/119 405/1748/119 1326/1742/119 1325/1741/119
f 405/1748/119 407/1749/119 1314/1663/119 1326/1742/119
f 407/1749/119 409/1750/119 1315/1664/119 1314/1663/119
f 1315/1664/119 409/1750/119 411/1751/119 1324/1739/119
f 1324/1739/119 411/1751/119 218/1752/119 1323/1736/119
f 1323/1736/119 218/1752/119 183/1753/119 181/1737/119
f 428/1754/119 426/1665/119 1317/1668/119 430/1755/119
f 420/1756/119 1327/1757/119 1328/1758/119 422/1759/119
f 424/1666/119 422/1759/119 1328/1758/119 1316/1667/119
f 416/1760/119 1329/1761/119 1330/1762/119 418/1763/119
f 1327/1757/119 420/1756/119 418/1763/119 1330/1762/119
f 414/1764/119 413/1765/119 1329/1761/119 416/1760/119
f 492/1766/119 505/1767/119 1329/1761/119 413/1765/119
f 505/1767/119 503/1768/119 1330/1762/119 1329/1761/119
f 503/1768/119 501/1769/119 1327/1757/119 1330/1762/119
f 501/1769/119 499/1770/119 1328/1758/119 1327/1757/119
f 1328/1758/119 499/1770/119 497/1771/119 1316/1667/119
f 1316/1667/119 497/1771/119 495/1772/119 1317/1668/119
f 1317/1668/119 495/1772/119 493/1773/119 430/1755/119
f 626/1774/119 625/1775/119 1331/1776/119 1332/1777/119
f 627/1670/119 626/1774/119 1332/1777/119 1318/1671/119
f 623/1778/119 1333/1779/119 1334/1780/119 624/1781/119
f 625/1775/119 624/1781/119 1334/1780/119 1331/1776/119
f 621/1782/119 620/1783/119 1335/1784/119 622/1785/119
f 1333/1779/119 623/1778/119 622/1785/119 1335/1784/119
f 728/1786/119 843/1787/119 1335/1784/119 620/1783/119
f 843/1787/119 729/1788/119 1333/1779/119 1335/1784/119
f 729/1788/119 635/1789/119 1334/1780/119 1333/1779/119
f 635/1789/119 633/1790/119 1331/1776/119 1334/1780/119
f 1331/1776/119 633/1790/119 632/1791/119 1332/1777/119
f 1332/1777/119 632/1791/119 631/1792/119 1318/1671/119
f 1318/1671/119 631/1792/119 630/1793/119 629/1672/119
f 103/123/117 61/121/115 104/124/118
f 106/126/119 105/125/119 168/1794/119 156/1795/119
f 156/1795/119 168/1794/119 170/1796/119 158/1797/119
f 158/1797/119 170/1796/119 172/1798/119 160/1799/119
f 160/1799/119 172/1798/119 174/1800/119 162/1801/119
f 162/1801/119 174/1800/119 176/1802/119 164/1803/119
f 164/1803/119 176/1802/119 178/1614/119 116/1613/119
f 104/124/118 61/121/115 211/246/208 412/589/480
f 104/124/118 412/589/480 415/1804/119 400/1805/119
f 400/1805/119 415/1804/119 417/1806/119 402/1807/119
f 402/1807/119 417/1806/119 419/1808/119 404/1809/119
f 404/1809/119 419/1808/119 421/1810/119 406/1811/119
f 406/1811/119 421/1810/119 423/1812/119 408/1813/119
f 408/1813/119 423/1812/119 425/1814/119 410/1815/119
f 410/1815/119 425/1814/119 427/1816/119 219/1817/119
f 219/1817/119 427/1816/119 429/1818/1483 184/1819/1484
f 412/589/480 454/518/409 509/608/119 491/1820/119
f 491/1820/119 509/608/119 511/610/119 506/1821/119
f 506/1821/119 511/610/119 513/612/119 504/1822/119
f 504/1822/119 513/612/119 515/614/119 502/1823/119
f 502/1823/119 515/614/119 517/616/119 500/1824/119
f 500/1824/119 517/616/119 519/618/119 498/1825/119
f 498/1825/119 519/618/119 521/620/119 496/1826/119
f 496/1826/119 521/620/119 523/622/482 494/1827/1485
f 648/780/611 534/651/505 533/763/594
f 532/631/485 648/780/611 533/763/594
f 189/1828/1486 117/490/381 186/219/181 185/218/180
f 29/1829/1487 16/18/18 15/17/17
f 525/624/483 432/488/379 117/490/381 120/1830/1488
f 250/290/248 137/160/147 134/156/143 249/289/247
f 249/289/247 134/156/143 132/154/141 247/287/245
f 245/285/243 247/287/245 132/154/141
f 243/283/241 245/285/243 132/154/141
f 241/281/239 243/283/241 132/154/141
f 238/278/236 241/281/239 132/154/141
f 236/276/234 238/278/236 132/154/141
f 235/275/233 236/276/234 132/154/141
f 233/273/231 235/275/233 132/154/141
f 233/273/231 132/154/141 133/155/142 231/271/229
f 231/271/229 133/155/142 198/231/193 223/263/221
f 223/263/221 198/231/193 228/268/226 222/262/220
f 222/262/220 228/268/226 227/267/225 224/264/222
f 230/270/228 200/233/195 137/160/147 250/290/248
f 230/270/228 229/269/227 200/233/195
f 1014/1235/1060 1087/1322/1147 1027/1248/1073 1015/1236/1061
f 1015/1236/1061 1027/1248/1073 1025/1246/1071 1016/1237/1062
f 1023/1244/1069 1018/1239/1064 1017/1238/1063 1024/1245/1070
f 1022/1243/1068 1019/1240/1065 1018/1239/1064 1023/1244/1069
f 1021/1242/1067 1020/1241/1066 1019/1240/1065 1022/1243/1068
f 921/1120/945 1109/1637/1423 1040/1261/1086
f 11/1831/1489 21/1605/1425 12/49/49
f 8/19/19 16/1832/1490 17/20/20
f 18/22/22 9/9/9 2/21/21 17/20/20
f 9/9/9 3/12/12 2/21/21
f 21/25/25 11/11/11 10/10/10
f 45/1608/1427 51/68/68 24/28/28 23/27/27
f 641/771/602 201/774/605 82/764/595 636/765/596
f 598/1833/1491 600/1834/1492 726/878/707 649/781/612
f 596/1835/1493 598/1833/1491 649/781/612 652/784/615
f 594/1836/1494 596/1835/1493 652/784/615 654/786/617
f 594/1836/1494 654/786/617 656/788/619 592/1837/1495
f 592/1837/1495 656/788/619 658/790/621 740/897/723
f 592/1837/1495 740/897/723 856/1044/869 857/1045/870
f 592/1837/1495 857/1045/870 858/1048/873 850/1036/861
f 592/1837/1495 850/1036/861 733/888/714 590/1838/1496
f 590/1838/1496 733/888/714 642/772/603 588/1839/1497
f 588/1839/1497 642/772/603 641/771/602 636/765/596
f 588/1839/1497 636/765/596 456/521/412
f 588/1839/1497 456/521/412 269/315/273 270/318/276
f 586/1840/1498 490/587/478 399/455/377 583/1841/1499
f 600/1834/1492 602/1842/1500 713/863/692 726/878/707
f 602/1842/1500 711/860/689 713/863/692
f 604/1843/1501 725/876/705 711/860/689 602/1842/1500
f 723/874/703 725/876/705 604/1843/1501 606/1844/1502
f 608/1845/1503 720/871/700 723/874/703 606/1844/1502
f 721/872/701 720/871/700 608/1845/1503 610/1846/1504
f 610/1846/1504 842/1027/853 721/872/701
f 610/1846/1504 955/1158/983 957/1160/985
f 957/1160/985 842/1027/853 610/1846/1504
f 610/1846/1504 951/1154/979 953/1156/981
f 953/1156/981 955/1158/983 610/1846/1504
f 949/1152/977 951/1154/979 610/1846/1504 612/1847/1505
f 612/1847/1505 614/1848/1506 840/1025/851 949/1152/977
f 717/868/697 840/1025/851 614/1848/1506 715/866/695
f 614/1848/1506 616/1849/1507 714/865/694 715/866/695
f 583/1841/1499 399/455/377 394/446/368 618/1850/1508
f 589/1851/1509 611/1852/1509 609/1651/1460 591/1650/1460
f 587/1853/1510 613/1854/1510 611/1852/1509 589/1851/1509
f 585/1855/1510 615/1856/1510 613/1854/1510 587/1853/1510
f 584/1857/1510 617/1858/1510 615/1856/1510 585/1855/1510
f 605/1859/1511 595/1860/1511 593/1649/1459 607/1652/1459
f 603/1861/1511 597/1862/1511 595/1860/1511 605/1859/1511
f 601/1863/1511 599/1864/1511 597/1862/1511 603/1861/1511
f 442/501/392 440/636/490 441/502/393
f 442/501/392 546/649/503 536/637/491
f 638/767/598 549/1675/1464 548/768/599
f 461/531/422 662/1624/1439 553/657/511
f 668/1623/1438 460/529/420 459/527/418 552/656/510
f 666/1865/1512 668/1623/1438 552/656/510
f 551/655/509 666/1865/1512 552/656/510
f 667/803/634 746/908/734 669/805/636 668/804/635
f 466/541/432 465/544/435 755/1866/1513
f 464/537/428 750/1867/1514 753/1868/1515
f 558/662/516 756/1869/1516 465/539/430
f 464/537/428 753/1868/1515 558/662/516
f 559/663/517 760/1702/1479 467/545/436
f 466/541/432 758/1870/1517 559/663/517
f 755/1866/1513 758/1870/1517 466/541/432
f 465/544/435 756/1871/1518 755/1866/1513
f 464/537/428 463/535/426 750/1867/1514
f 463/535/426 555/659/513 750/1867/1514
f 961/1165/990 960/1164/989 1055/1284/1109
f 961/1165/990 849/1035/860 846/1872/1519 959/1166/991
f 849/1035/860 847/1873/1520 846/1872/1519
f 848/1034/859 847/1873/1520 849/1035/860
f 1041/1262/1087 1113/1639/1451 1092/1327/1152 1029/1250/1075
f 893/1088/913 794/964/790 685/1630/1445 684/1874/1521
f 684/1874/1521 891/1875/1522 893/1088/913
f 1082/1385/1210 1012/1315/1140 1054/1280/1105
f 1163/1409/1234 1221/1679/1468 1219/1480/1305
f 472/558/449 693/1876/1523 568/672/526 473/560/451
f 472/558/449 567/671/525 693/1876/1523
f 474/562/453 569/673/527 695/1629/1444
f 701/1877/1524 572/676/530 476/566/457 571/675/529
f 701/1877/1524 704/1878/1525 572/676/530
f 1120/1879/1526 1192/1443/1268 1306/1587/1410 1304/1585/1408
f 1193/1442/1267 1306/1587/1410 1192/1443/1268
f 928/1880/1527 1120/1879/1526 1304/1585/1408 1302/1583/1406
f 834/1122/947 928/1880/1527 1302/1583/1406 1043/1264/1089
f 478/570/461 706/1674/1463 832/1881/1528
f 930/1130/955 1291/1882/1529 1336/1883/1530 931/1131/956
f 1294/1884/1531 1337/1885/1532 1338/1886/1533 1292/1887/1534
f 1291/1882/1529 1292/1887/1534 1338/1886/1533 1336/1883/1530
f 1298/1888/1535 1339/1889/1536 1340/1890/1537 1296/1891/1538
f 1337/1885/1532 1294/1884/1531 1296/1891/1538 1340/1890/1537
f 1299/1892/1539 1300/1893/1539 1339/1889/1536 1298/1888/1535
f 1301/1894/1539 1303/1895/1540 1339/1889/1536 1300/1893/1539
f 1303/1895/1540 1305/1896/1541 1340/1890/1537 1339/1889/1536
f 1305/1896/1541 1307/1897/1542 1337/1885/1532 1340/1890/1537
f 1307/1897/1542 1308/1898/1543 1338/1886/1533 1337/1885/1532
f 1338/1886/1533 1308/1898/1543 1309/1899/1544 1336/1883/1530
f 1336/1883/1530 1309/1899/1544 1310/1900/1545 931/1131/956
f 932/1132/957 931/1131/956 1310/1900/1545 1311/1901/1546
f 567/671/525 690/1648/1458 693/1876/1523
f 832/1881/1528 834/1122/947 924/1124/949 1297/1578/1401
f 478/570/461 832/1881/1528 1297/1578/1401
f 478/570/461 1297/1578/1401 1295/1576/1399
f 478/570/461 1295/1576/1399 1293/1574/1397
f 479/571/462 836/1020/846 708/855/684
f 478/570/461 1293/1574/1397 929/1129/954
f 942/1632/1447 946/1148/973 580/688/542
f 936/1902/1547 938/1903/1548 580/688/542 581/689/543
f 838/1022/848 936/1902/1547 581/689/543
f 1274/1904/1549 149/179/166 96/113/107 1272/1905/1550
f 1275/1906/1551 212/247/209 149/179/166 1274/1904/1549
f 395/447/369 212/247/209 1275/1906/1551
f 710/859/688 1279/1907/1552 1282/1908/1553 482/575/466
f 578/685/539 1278/1909/1554 1279/1907/1552 710/859/688
f 578/685/539 486/581/472 1278/1909/1554
f 486/581/472 1275/1906/1551 1278/1909/1554
f 486/581/472 395/447/369 1275/1906/1551
f 482/575/466 1282/1908/1553 1284/1910/1555
f 1284/1910/1555 92/108/102 94/110/104 482/575/466
f 1288/1911/1556 27/33/33 55/70/70 93/109/103
f 1290/1912/1557 25/29/29 27/33/33 1288/1911/1556
f 1269/1913/1558 1272/1905/1550 96/113/107 95/111/105
f 1290/1912/1557 1269/1913/1558 95/111/105 56/71/71
f 1290/1912/1557 56/71/71 26/30/30
f 1290/1912/1557 26/30/30 25/29/29
f 394/446/368 393/445/367 485/580/471 618/1850/1508
f 485/580/471 576/682/536 577/684/538 618/1850/1508
f 616/1849/1507 618/1850/1508 577/684/538 714/865/694
f 455/520/411 490/587/478 586/1840/1498 588/1839/1497 270/318/276
f 319/368/306 313/362/320 315/364/322 316/365/303
f 316/365/303 315/364/322 353/402/324 351/400/338
f 321/370/308 311/360/318 313/362/320 319/368/306
f 323/372/310 309/358/316 311/360/318 321/370/308
f 351/400/338 353/402/324 355/404/326 349/398/336
f 349/398/336 355/404/326 357/406/328 347/396/334
f 345/394/332 347/396/334 357/406/328 359/408/330
f 307/356/314 309/358/316 323/372/310 325/374/312
f 303/352/310 305/354/312 94/110/104 267/312/270
f 271/320/278 273/322/280 299/348/306 301/350/308
f 273/322/280 275/324/282 296/345/303 299/348/306
f 277/326/284 367/416/338 296/345/303 275/324/282
f 279/328/286 365/414/336 367/416/338 277/326/284
f 281/330/288 363/412/334 365/414/336 279/328/286
f 283/332/290 361/410/332 363/412/334 281/330/288
f 283/332/290 285/334/292 361/410/332
f 285/334/292 287/336/294 361/410/332
f 287/336/294 289/338/296 361/410/332
f 289/338/296 290/339/297 361/410/332
f 290/339/297 292/341/299 361/410/332
f 295/344/302 359/408/330 361/410/332 292/341/299
f 369/418/340 345/394/332 359/408/330 295/344/302
f 482/575/466 94/110/104 305/354/312 307/356/314 325/374/312 327/376/314
f 482/575/466 327/376/314 329/378/316
f 482/575/466 329/378/316 331/380/318 481/574/465
f 481/574/465 331/380/318 333/382/320 391/440/362
f 391/440/362 333/382/320 335/384/322 389/438/360
f 389/438/360 335/384/322 337/386/324 387/436/358
f 385/434/356 387/436/358 337/386/324 339/388/326
f 383/432/354 385/434/356 339/388/326 341/390/328
f 381/430/352 383/432/354 341/390/328 343/392/330
f 379/428/350 381/430/352 343/392/330
f 377/426/348 379/428/350 343/392/330
f 375/424/346 377/426/348 343/392/330
f 343/392/330 371/420/342 373/422/344
f 343/392/330 345/394/332 369/418/340 371/420/342
f 1042/1263/1088 1184/1432/1257 1039/1260/1085 921/1120/945
f 1184/1432/1257 1239/1504/1329 1107/1347/1172 1039/1260/1085
f 1239/1504/1329 1264/1539/1364 1236/1501/1326 1107/1347/1172
f 1264/1539/1364 1267/1542/1367 1243/1509/1334 1236/1501/1326
f 1267/1542/1367 1246/1512/1337 1266/1541/1366 1243/1509/1334
f 1246/1512/1337 1196/1446/1271 1195/1445/1270 1266/1541/1366
f 1196/1446/1271 1129/1372/1197 1128/1371/1196 1195/1445/1270
f 1129/1372/1197 1048/1269/1094 1047/1268/1093 1128/1371/1196
f 1048/1269/1094 939/1141/966 937/1139/964 1047/1268/1093
f 939/1141/966 942/1144/969 938/1140/965 937/1139/964
f 938/1903/1548 942/1632/1447 580/688/542
f 1076/1309/1134 1161/1407/1232 1077/1310/1135
f 742/899/725 865/1056/881 979/1194/1019 743/900/726
f 747/909/735 862/1053/878 865/1056/881 742/899/725
f 743/900/726 979/1194/1019 981/1196/1021 748/910/736
f 861/1052/877 1068/1301/1126 862/1053/878 747/909/735
f 863/1054/879 1070/1303/1128 1073/1306/1131 864/1055/880
f 748/910/736 981/1196/1021 983/1198/1023 866/1057/882
f 966/1172/997 1145/1391/1216 1061/1291/1116 967/1173/998
f 967/1173/998 1061/1291/1116 1064/1294/1119 968/1175/1000
f 968/1175/1000 1064/1294/1119 1065/1295/1120 970/1177/1002
f 864/1055/880 1073/1306/1131 1151/1397/1222 978/1193/1018
f 860/1051/876 1074/1914/1559 1069/1915/1560 745/1050/875
f 745/907/733 1069/1302/1127 1068/1301/1126 861/1052/877
f 866/1057/882 983/1198/1023 1074/1307/1132 860/1058/883
f 978/1193/1018 1151/1397/1222 1157/1403/1228 980/1195/1020
f 980/1195/1020 1157/1403/1228 1158/1404/1229 982/1197/1022
f 1060/1290/1115 1140/1386/1211 1143/1389/1214 1059/1287/1112
f 1059/1287/1112 1143/1389/1214 1145/1391/1216 966/1172/997
f 1062/1292/1117 1210/1465/1290 1149/1395/1220 1063/1293/1118
f 1063/1293/1118 1149/1395/1220 1148/1394/1219 1065/1295/1120
f 970/1179/1004 1065/1916/1561 1162/1917/1562 972/1180/1005
f 1074/1914/1559 1153/1399/1224 1152/1398/1223 1069/1915/1560
f 1069/1302/1127 1152/1474/1299 1215/1473/1298 1067/1300/1125
f 1067/1300/1125 1215/1473/1298 1070/1303/1128 863/1054/879
f 982/1197/1022 1158/1404/1229 1153/1476/1301 1074/1307/1132
f 1077/1310/1135 1161/1407/1232 1140/1386/1211 1060/1290/1115
f 1141/1387/1212 1254/1523/1348 1255/1524/1349 1142/1388/1213
f 1142/1388/1213 1255/1524/1349 1211/1466/1291 1144/1390/1215
f 1144/1390/1215 1211/1466/1291 1210/1465/1290 1062/1292/1117
f 1065/1916/1561 1148/1472/1297 1214/1471/1296 1162/1917/1562
f 1161/1407/1232 1076/1309/1134 972/1297/1122 1162/1408/1233
f 1162/1408/1233 1214/1526/1351 1256/1525/1350 1160/1406/1231
f 1160/1406/1231 1256/1525/1350 1254/1523/1348 1141/1387/1212
f 1089/1337/1162 1098/1918/1563 1097/1338/1163
f 1172/1420/1245 1226/1489/1314 1097/1334/1159
f 1111/1352/1177 1189/1437/1262 1225/1488/1313
f 1166/1414/1239 1260/1533/1358 1169/1417/1242
f 1186/1434/1259 1241/1507/1332 1188/1436/1261
f 823/1007/833 1032/1253/1078 917/1116/941 824/1008/834
f 825/1009/835 1036/1257/1082 1032/1253/1078 823/1007/833
f 824/1008/834 917/1116/941 916/1115/940 826/1010/836
f 909/1105/930 1037/1258/1083 1036/1257/1082 825/1009/835
f 914/1113/938 1103/1343/1168 1102/1342/1167 915/1114/939
f 826/1010/836 916/1115/940 1105/1345/1170 918/1117/942
f 910/1106/931 1088/1323/1148 1037/1258/1083 909/1105/930
f 827/1111/936 1106/1919/1564 1088/1920/1565 910/1112/937
f 1033/1254/1079 1177/1425/1250 1103/1343/1168 914/1113/938
f 1034/1255/1080 1181/1429/1254 1180/1428/1253 1035/1256/1081
f 1035/1256/1081 1180/1428/1253 1177/1425/1250 1033/1254/1079
f 918/1117/942 1105/1345/1170 1106/1346/1171 827/1011/837
f 1088/1323/1148 1173/1484/1309 1181/1429/1254 1034/1255/1080
f 1094/1331/1156 1168/1416/1241 1167/1415/1240 1093/1328/1153
f 1093/1328/1153 1167/1415/1240 1170/1418/1243 1095/1332/1157
f 1095/1332/1157 1170/1418/1243 1172/1420/1245 1097/1334/1159
f 1106/1919/1564 1174/1422/1247 1173/1421/1246 1088/1920/1565
f 915/1114/939 1102/1342/1167 1229/1493/1318 1104/1344/1169
f 1104/1344/1169 1229/1493/1318 1174/1492/1317 1106/1346/1171
f 1099/1348/1173 1185/1433/1258 1187/1435/1260 1108/1349/1174
f 1108/1349/1174 1187/1435/1260 1189/1437/1262 1111/1352/1177
f 1111/1352/1177 1225/1488/1313 1224/1487/1312 1112/1354/1179
f 1112/1354/1179 1224/1487/1312 1168/1416/1241 1094/1331/1156
f 1165/1413/1238 1261/1534/1359 1260/1533/1358 1166/1414/1239
f 1169/1417/1242 1260/1533/1358 1262/1535/1360 1171/1419/1244
f 1185/1433/1258 1242/1508/1333 1241/1507/1332 1186/1434/1259
f 1222/1485/1310 1259/1532/1357 1258/1531/1356 1223/1486/1311
f 1223/1486/1311 1258/1531/1356 1261/1534/1359 1165/1413/1238
f 1171/1419/1244 1262/1535/1360 1263/1536/1361 1226/1489/1314
f 1226/1921/1566 1263/1538/1363 1242/1537/1362 1185/1922/1567
f 1185/1922/1567 1099/1339/1164 1097/1338/1163 1226/1921/1566
f 1188/1436/1261 1241/1507/1332 1259/1532/1357 1222/1485/1310
f 890/1089/914 1010/1232/1057 892/1087/912
f 890/1089/914 893/1088/913 891/1875/1522
f 1348/1923/1568 58/116/110 100/184/171 1347/1924/1569
f 59/120/114 60/119/113 1353/1925/1570 1354/1926/1571
f 1356/1927/1572 15/17/17 30/74/74 1357/1928/1573
f 1357/1928/1573 30/74/74 58/116/110 1348/1923/1568
f 1362/1929/1574 1349/1930/1575 152/252/214 1358/254/216
f 1365/1931/1576 1364/1932/1577 1348/1933/1578 1347/1934/1579
f 1349/1935/1580 1366/1936/1580 1365/1931/1576 1347/1934/1579
f 1362/1937/1581 1367/1938/1582 1366/1939/1583 1349/1940/1583
f 1367/1938/1582 1362/1937/1581 1358/1941/1584 1368/1942/1585
f 1351/1943/1586 1369/1944/1587 1368/1942/1585 1358/1941/1584
f 1370/1945/1588 1369/1944/1587 1351/1943/1586 1350/1946/1589
f 1371/1947/1590 1370/1945/1588 1350/1946/1589 1352/1948/1590
f 1352/1949/1591 1359/1950/1592 1372/1951/1593 1371/1952/1591
f 1373/1953/1594 1372/1951/1593 1359/1950/1592 1354/1954/1595
f 1341/1955/1596 1375/1956/1597 1374/1957/1598 1342/1958/1598
f 1343/1959/1599 1376/1960/1599 1375/1956/1597 1341/1955/1596
f 1360/1961/1600 1377/1962/1601 1376/1963/1602 1343/1964/1602
f 1355/1965/1603 1378/1966/1604 1377/1962/1601 1360/1961/1600
f 1344/1967/1605 1380/1968/1606 1379/1969/1607 1345/1970/1607
f 1346/1971/1608 1381/1972/1608 1380/1968/1606 1344/1967/1605
f 1361/1973/1609 1382/1974/1610 1381/1975/1611 1346/1976/1611
f 1382/1977/119 1379/1978/119 1380/1979/119 1381/1980/119
f 1382/1977/119 1375/1981/119 1378/1982/119 1379/1978/119
f 1363/1983/119 1374/1984/119 1375/1981/119 1382/1977/119
f 1375/1981/119 1376/1985/119 1377/1986/119 1378/1982/119
f 1383/1987/119 1384/1988/119 1364/1989/119 1373/1990/119
f 1373/1990/119 1364/1989/119 1365/1991/119 1372/1992/119
f 1368/1993/119 1369/1994/119 1372/1992/119 1365/1991/119
f 1372/1992/119 1369/1994/119 1370/1995/119 1371/1996/119
f 1365/1991/119 1366/1997/119 1367/1998/119 1368/1993/119
f 1363/1999/1612 1382/1974/1610 1361/1973/1609 1356/2000/1612
f 153/250/212 1352/2001/1613 1350/2002/1614 1351/2003/1615
f 59/120/114 1354/1926/1571 1359/2004/1616 101/182/169
f 1356/2000/1612 1357/2005/1510 1384/2006/1510 1363/1999/1612
f 1354/1954/1595 1353/2007/1617 1383/2008/1617 1373/1953/1594
f 1355/1965/1603 1345/1970/1607 1379/1969/1607 1378/1966/1604
f 1342/1958/1598 1374/1957/1598 1383/2008/1617 1353/2007/1617
f 1348/1933/1578 1364/1932/1577 1384/2006/1510 1357/2005/1510
f 1374/1984/119 1363/1983/119 1384/1988/119 1383/1987/119
f 1349/1930/1575 1347/1924/1569 100/184/171 152/252/214
f 101/182/169 1359/2004/1616 1352/2001/1613 153/250/212
f 216/442/364 153/250/212 1351/2003/1615
f 215/253/215 216/442/364 1351/2003/1615 1358/254/216
f 1345/2009/1618 123/2010/1619 126/2011/1620
f 1345/2009/1618 126/2011/1620 128/2012/1621 1344/2013/1622
f 1346/2014/1623 1344/2013/1622 128/2012/1621 130/2015/1624
f 1361/2016/1625 1346/2014/1623 130/2015/1624 31/2017/1626
f 29/1829/1487 15/17/17 1356/1927/1572 1361/2016/1625 31/2017/1626
f 494/1827/1485 120/1830/1488 121/2018/1627
f 1342/2019/1628 1353/1925/1570 60/119/113 61/121/115
f 1341/2020/1629 1342/2019/1628 61/121/115 1343/2021/1629
f 1343/2021/1629 61/121/115 62/1681/1469 1360/2022/1629
f 1355/2023/1630 1360/2022/1629 62/1681/1469 63/2024/1631
f 1355/2023/1630 63/2024/1631 66/2025/1632 68/2026/1633
f 1355/2023/1630 68/2026/1633 70/2027/1634 72/2028/1635
f 1355/2023/1630 72/2028/1635 74/1616/1432 180/1615/1431
f 1355/2023/1630 180/1615/1431 182/2029/1636
f 1355/2023/1630 121/2018/1627 123/2010/1619 1345/2009/1618
f 1355/2023/1630 182/2029/1636 184/1819/1484 121/2018/1627
f 184/1819/1484 429/1818/1483 431/2030/1637 121/2018/1627
f 431/2030/1637 494/1827/1485 121/2018/1627
f 523/622/482 525/624/483 120/1830/1488 494/1827/1485
o Slider_Lowpoly_Mesh.001
v -1.061929 0.788244 0.190100
v -1.066114 0.785016 0.202909
v -1.049376 0.789320 0.185830
v -1.061929 0.816531 0.199013
v -1.049375 0.817607 0.194744
v -1.066114 0.813303 0.211823
v -0.922334 0.816531 0.199013
v -0.918149 0.813303 0.211823
v -0.934887 0.817607 0.194744
v -0.922334 0.788244 0.190100
v -0.934887 0.789320 0.185830
v -0.918149 0.785016 0.202909
v -0.922334 0.770784 0.259382
v -0.918149 0.774012 0.246572
v -0.934887 0.769708 0.263652
v -0.922334 0.799071 0.268296
v -0.934887 0.797995 0.272565
v -0.918149 0.802299 0.255486
v -1.061929 0.799071 0.268296
v -1.066114 0.802299 0.255486
v -1.049375 0.797995 0.272565
v -1.061929 0.770784 0.259382
v -1.049376 0.769708 0.263652
v -1.066114 0.774012 0.246572
v -0.935388 0.785069 0.202698
v -0.935388 0.773959 0.246783
v -1.048875 0.773959 0.246783
v -1.048875 0.785069 0.202698
v -1.048875 0.813356 0.211612
v -1.048875 0.802246 0.255697
v -0.935388 0.802246 0.255697
v -0.935388 0.813356 0.211612
vt 0.613061 0.138742
vt 0.613061 0.116974
vt 0.618439 0.116974
vt 0.618439 0.138742
vt 0.463541 0.569301
vt 0.458413 0.569301
vt 0.458413 0.548547
vt 0.463541 0.548547
vt 0.544834 0.643634
vt 0.552720 0.643634
vt 0.552720 0.663936
vt 0.544834 0.663936
vt 0.560413 0.624945
vt 0.562376 0.617158
vt 0.567421 0.618747
vt 0.565458 0.626535
vt 0.553337 0.630995
vt 0.545451 0.630995
vt 0.545451 0.610693
vt 0.553337 0.610693
vt 0.614565 0.100128
vt 0.622982 0.099813
vt 0.623513 0.105335
vt 0.615095 0.105651
vt 0.618644 0.141129
vt 0.613265 0.141129
vt 0.613265 0.114587
vt 0.618644 0.114587
vt 0.463346 0.571576
vt 0.458218 0.571576
vt 0.458218 0.546271
vt 0.463346 0.546271
vt 0.564882 0.628819
vt 0.559838 0.627230
vt 0.562952 0.614873
vt 0.567996 0.616463
vt 0.612626 0.105743
vt 0.612095 0.100221
vt 0.625451 0.099720
vt 0.625982 0.105243
vt 0.541816 0.664026
vt 0.541816 0.643545
vt 0.542580 0.641299
vt 0.544871 0.640551
vt 0.552682 0.640551
vt 0.554974 0.641299
vt 0.555737 0.643545
vt 0.555737 0.664026
vt 0.554974 0.666272
vt 0.552682 0.667020
vt 0.544871 0.667020
vt 0.542580 0.666272
vt 0.556355 0.610603
vt 0.556355 0.631084
vt 0.555591 0.633330
vt 0.553300 0.634078
vt 0.545489 0.634078
vt 0.543197 0.633330
vt 0.542433 0.631084
vt 0.542433 0.610603
vt 0.543197 0.608357
vt 0.545489 0.607609
vt 0.553300 0.607609
vt 0.555591 0.608357
vn -0.1686 0.2962 -0.9401
vn 0.1686 0.2963 -0.9401
vn 0.1666 0.2964 -0.9404
vn -0.1666 0.2964 -0.9404
vn 0.1686 -0.2962 0.9401
vn 0.1666 -0.2964 0.9404
vn -0.1666 -0.2964 0.9404
vn -0.1686 -0.2962 0.9401
vn 0.0000 -0.9697 -0.2444
vn 0.9891 0.0443 -0.1407
vn 0.9873 -0.0477 0.1513
vn 0.9891 -0.0443 0.1407
vn 0.9873 0.0477 -0.1513
vn -0.0000 0.9697 0.2444
vn -0.9873 0.0477 -0.1513
vn -0.9891 -0.0443 0.1407
vn -0.9873 -0.0477 0.1513
vn -0.9891 0.0443 -0.1407
vn -0.3305 0.2837 -0.9002
vn 0.3305 0.2837 -0.9002
vn 0.3305 -0.2837 0.9002
vn -0.3305 -0.2837 0.9002
vn 0.9532 0.0909 -0.2885
vn 0.9532 -0.0909 0.2885
vn -0.9532 0.0909 -0.2885
vn -0.9532 -0.0909 0.2885
usemtl Camera
s 1
f 1389/2031/1638 1393/2032/1639 1395/2033/1640 1387/2034/1641
f 1399/2035/1642 1401/2036/1643 1405/2037/1644 1407/2038/1645
f 1409/2039/1646 1410/2040/1646 1411/2041/1646 1412/2042/1646
f 1392/2043/1647 1402/2044/1648 1398/2045/1649 1396/2046/1650
f 1413/2047/1651 1414/2048/1651 1415/2049/1651 1416/2050/1651
f 1386/2051/1652 1408/2052/1653 1404/2053/1654 1390/2054/1655
f 1389/2031/1638 1387/2034/1641 1385/2055/1656 1388/2056/1656
f 1395/2033/1640 1393/2032/1639 1391/2057/1657 1394/2058/1657
f 1401/2036/1643 1399/2035/1642 1397/2059/1658 1400/2060/1658
f 1407/2038/1645 1405/2037/1644 1403/2061/1659 1406/2062/1659
f 1392/2043/1647 1396/2046/1650 1394/2063/1660 1391/2064/1660
f 1398/2045/1649 1402/2044/1648 1400/2065/1661 1397/2066/1661
f 1386/2051/1652 1390/2054/1655 1388/2067/1662 1385/2068/1662
f 1404/2053/1654 1408/2052/1653 1406/2069/1663 1403/2070/1663
f 1387/2071/1646 1395/2072/1646 1409/2039/1646 1412/2042/1646
f 1395/2072/1646 1394/2073/1646 1409/2039/1646
f 1394/2073/1646 1396/2074/1646 1409/2039/1646
f 1396/2074/1646 1398/2075/1646 1410/2040/1646 1409/2039/1646
f 1398/2075/1646 1397/2076/1646 1410/2040/1646
f 1397/2076/1646 1399/2077/1646 1410/2040/1646
f 1399/2077/1646 1407/2078/1646 1411/2041/1646 1410/2040/1646
f 1407/2078/1646 1406/2079/1646 1411/2041/1646
f 1406/2079/1646 1408/2080/1646 1411/2041/1646
f 1408/2080/1646 1386/2081/1646 1412/2042/1646 1411/2041/1646
f 1386/2081/1646 1385/2082/1646 1412/2042/1646
f 1385/2082/1646 1387/2071/1646 1412/2042/1646
f 1393/2083/1651 1389/2084/1651 1413/2047/1651 1416/2050/1651
f 1389/2084/1651 1388/2085/1651 1413/2047/1651
f 1388/2085/1651 1390/2086/1651 1413/2047/1651
f 1390/2086/1651 1404/2087/1651 1414/2048/1651 1413/2047/1651
f 1404/2087/1651 1403/2088/1651 1414/2048/1651
f 1403/2088/1651 1405/2089/1651 1414/2048/1651
f 1405/2089/1651 1401/2090/1651 1415/2049/1651 1414/2048/1651
f 1401/2090/1651 1400/2091/1651 1415/2049/1651
f 1400/2091/1651 1402/2092/1651 1415/2049/1651
f 1402/2092/1651 1392/2093/1651 1416/2050/1651 1415/2049/1651
f 1392/2093/1651 1391/2094/1651 1416/2050/1651
f 1391/2094/1651 1393/2083/1651 1416/2050/1651
o Button_Lowpoly_Mesh.002
v 0.678700 0.818622 -0.333018
v 0.506357 0.880032 -0.080895
v 0.501795 0.869282 -0.079448
v 0.497658 0.880032 -0.129745
v 0.492876 0.869282 -0.129528
v 0.527404 0.880032 -0.035962
v 0.523371 0.869282 -0.033383
v 0.559363 0.880032 0.001994
v 0.556135 0.869282 0.005528
v 0.600057 0.880032 0.030384
v 0.597854 0.869282 0.034634
v 0.646712 0.880032 0.047275
v 0.645684 0.869282 0.051950
v 0.696149 0.880032 0.051514
v 0.696366 0.869282 0.056296
v 0.744998 0.880032 0.042815
v 0.746446 0.869282 0.047377
v 0.789932 0.880032 0.021768
v 0.792511 0.869282 0.025801
v 0.827887 0.880032 -0.010191
v 0.831422 0.869282 -0.006963
v 0.856277 0.880032 -0.050885
v 0.860527 0.869282 -0.048682
v 0.873168 0.880032 -0.097540
v 0.877843 0.869282 -0.096512
v 0.877408 0.880032 -0.146977
v 0.882190 0.869282 -0.147193
v 0.868708 0.880032 -0.195826
v 0.873271 0.869282 -0.197273
v 0.847662 0.880032 -0.240760
v 0.851694 0.869282 -0.243339
v 0.815703 0.880032 -0.278715
v 0.818930 0.869282 -0.282250
v 0.775009 0.880032 -0.307105
v 0.777212 0.869282 -0.311355
v 0.740797 0.880032 -0.323996
v 0.740808 0.869282 -0.328671
v 0.617600 0.880032 -0.319536
v 0.617585 0.869282 -0.324099
v 0.585134 0.880032 -0.298490
v 0.582555 0.869282 -0.302522
v 0.547179 0.880032 -0.266530
v 0.543644 0.869282 -0.269758
v 0.518788 0.880032 -0.225837
v 0.514539 0.869282 -0.228040
v 0.501898 0.880032 -0.179182
v 0.497223 0.869282 -0.180210
v 0.515923 0.888265 -0.176098
v 0.512003 0.888265 -0.130396
v 0.520046 0.888265 -0.085237
v 0.539502 0.888265 -0.043698
v 0.569047 0.888265 -0.008610
v 0.606666 0.888265 0.017635
v 0.649796 0.888265 0.033249
v 0.695498 0.888265 0.037169
v 0.740657 0.888265 0.029127
v 0.782195 0.888265 0.009670
v 0.817283 0.888265 -0.019874
v 0.843528 0.888265 -0.057494
v 0.859143 0.888265 -0.100624
v 0.863063 0.888265 -0.146326
v 0.855020 0.888265 -0.191485
v 0.835564 0.888265 -0.233023
v 0.806019 0.888265 -0.268111
v 0.768400 0.888265 -0.294356
v 0.592870 0.888265 -0.286391
v 0.557783 0.888265 -0.256847
v 0.531537 0.888265 -0.219228
v 0.568125 0.895048 -0.164619
v 0.565397 0.895048 -0.132819
v 0.570993 0.895048 -0.101397
v 0.584531 0.895048 -0.072493
v 0.605089 0.895048 -0.048079
v 0.631265 0.895048 -0.029817
v 0.661275 0.895048 -0.018953
v 0.693075 0.895048 -0.016225
v 0.724497 0.895048 -0.021821
v 0.753400 0.895048 -0.035359
v 0.777814 0.895048 -0.055917
v 0.796076 0.895048 -0.082093
v 0.806941 0.895048 -0.112103
v 0.809668 0.895048 -0.143903
v 0.804072 0.895048 -0.175325
v 0.790534 0.895048 -0.204228
v 0.769977 0.895048 -0.228642
v 0.597251 0.895048 -0.220805
v 0.578989 0.895048 -0.194629
v 0.568125 0.936485 -0.164619
v 0.565397 0.936485 -0.132819
v 0.570993 0.936485 -0.101397
v 0.584531 0.936485 -0.072493
v 0.605089 0.936485 -0.048079
v 0.631265 0.936485 -0.029817
v 0.661275 0.936485 -0.018953
v 0.693075 0.936485 -0.016225
v 0.724497 0.936485 -0.021821
v 0.753400 0.936485 -0.035359
v 0.777814 0.936485 -0.055917
v 0.796076 0.936485 -0.082093
v 0.806941 0.936485 -0.112103
v 0.809668 0.936485 -0.143903
v 0.804072 0.936485 -0.175325
v 0.790534 0.936485 -0.204228
v 0.769977 0.936485 -0.228642
v 0.743801 0.936485 -0.246904
v 0.713791 0.936485 -0.257769
v 0.681991 0.936485 -0.260496
v 0.650569 0.936485 -0.254900
v 0.621666 0.936485 -0.241362
v 0.597251 0.936485 -0.220805
v 0.578989 0.936485 -0.194629
v 0.614598 0.943139 -0.154399
v 0.612932 0.943139 -0.134976
v 0.616350 0.943139 -0.115783
v 0.624619 0.943139 -0.098129
v 0.637176 0.943139 -0.083216
v 0.653164 0.943139 -0.072062
v 0.671494 0.943139 -0.065426
v 0.690918 0.943139 -0.063760
v 0.710111 0.943139 -0.067178
v 0.727765 0.943139 -0.075447
v 0.742677 0.943139 -0.088004
v 0.753832 0.943139 -0.103992
v 0.760468 0.943139 -0.122322
v 0.762134 0.943139 -0.141746
v 0.758716 0.943139 -0.160939
v 0.750446 0.943139 -0.178593
v 0.737890 0.943139 -0.193505
v 0.721902 0.943139 -0.204660
v 0.703571 0.943139 -0.211296
v 0.684148 0.943139 -0.212962
v 0.664955 0.943139 -0.209543
v 0.647301 0.943139 -0.201274
v 0.632388 0.943139 -0.188718
v 0.621234 0.943139 -0.172730
v 0.713791 0.918714 -0.257769
v 0.681745 0.918715 -0.260429
v 0.650569 0.918715 -0.254900
v 0.678700 0.818622 -0.333018
v 0.743801 0.895048 -0.246904
v 0.621666 0.895048 -0.241362
v 0.740823 0.888265 -0.309971
v 0.617587 0.888265 -0.305848
v 0.617585 0.831276 -0.324099
v 0.630238 0.818622 -0.325945
v 0.622302 0.823364 -0.346323
v 0.620749 0.821786 -0.338176
v 0.630139 0.821786 -0.349037
v 0.620716 0.831276 -0.347695
v 0.617587 0.831276 -0.337748
v 0.650720 0.821786 -0.352040
v 0.652090 0.818622 -0.342650
v 0.650263 0.831276 -0.355170
v 0.707317 0.821786 -0.354151
v 0.707368 0.831276 -0.357314
v 0.707162 0.818622 -0.344662
v 0.736069 0.823367 -0.350555
v 0.728178 0.821786 -0.352687
v 0.737644 0.821786 -0.342534
v 0.740806 0.831276 -0.342320
v 0.737652 0.831276 -0.352031
v 0.737644 0.821786 -0.328892
v 0.728155 0.818622 -0.329557
v 0.740808 0.831276 -0.328671
v 0.622385 0.913985 -0.346335
v 0.620724 0.906071 -0.347695
v 0.630243 0.915554 -0.349052
v 0.621098 0.915561 -0.338196
v 0.617621 0.906072 -0.337747
v 0.650548 0.915526 -0.352020
v 0.650248 0.906035 -0.355169
v 0.651417 0.918692 -0.342570
v 0.707148 0.915509 -0.354158
v 0.706485 0.918677 -0.344691
v 0.707370 0.906018 -0.357314
v 0.736133 0.913946 -0.350550
v 0.728258 0.915524 -0.352681
v 0.737658 0.906036 -0.352031
v 0.740832 0.906038 -0.342320
v 0.737906 0.915528 -0.342531
v 0.740604 0.915509 -0.248061
v 0.743801 0.906013 -0.246904
v 0.731015 0.918687 -0.251533
v 0.634110 0.918688 -0.247191
v 0.624777 0.915509 -0.242819
v 0.621666 0.906013 -0.241362
v 0.678877 0.821786 -0.354616
v 0.679233 0.818622 -0.345119
v 0.678758 0.831276 -0.357781
v 0.678875 0.915506 -0.354615
v 0.679233 0.918675 -0.345118
v 0.678750 0.906014 -0.357781
v 0.630238 0.818622 -0.339461
v 0.728155 0.818622 -0.343175
v 0.630105 0.831276 -0.352229
v 0.630105 0.906060 -0.352229
v 0.728185 0.831276 -0.355857
v 0.728185 0.906030 -0.355857
v 0.728477 0.918698 -0.343152
v 0.630654 0.918728 -0.339521
v 0.500339 0.821786 -0.179525
v 0.497223 0.831276 -0.180210
v 0.517371 0.821786 -0.226571
v 0.514539 0.831276 -0.228040
v 0.546000 0.821786 -0.267607
v 0.543644 0.831276 -0.269758
v 0.584413 0.821786 -0.299952
v 0.582555 0.831276 -0.302522
v 0.620748 0.821786 -0.324560
v 0.630238 0.818622 -0.325945
v 0.617585 0.831276 -0.324099
v 0.740808 0.831276 -0.328671
v 0.728155 0.818622 -0.329557
v 0.775617 0.821786 -0.308611
v 0.777212 0.831276 -0.311355
v 0.816779 0.821786 -0.279894
v 0.818930 0.831276 -0.282250
v 0.849006 0.821786 -0.241620
v 0.851694 0.831276 -0.243339
v 0.870230 0.821786 -0.196309
v 0.873271 0.831276 -0.197273
v 0.879002 0.821786 -0.147049
v 0.882190 0.831276 -0.147193
v 0.874727 0.821786 -0.097197
v 0.877843 0.831276 -0.096512
v 0.857694 0.821786 -0.050150
v 0.860527 0.831276 -0.048682
v 0.829066 0.821786 -0.009115
v 0.831422 0.831276 -0.006963
v 0.790792 0.821786 0.023113
v 0.792511 0.831276 0.025801
v 0.745481 0.821786 0.044336
v 0.746446 0.831276 0.047377
v 0.696221 0.821786 0.053109
v 0.696366 0.831276 0.056296
v 0.646369 0.821786 0.048833
v 0.645684 0.831276 0.051950
v 0.599322 0.821786 0.031801
v 0.597854 0.831276 0.034634
v 0.558287 0.821786 0.003172
v 0.556135 0.831276 0.005528
v 0.526059 0.821786 -0.035102
v 0.523371 0.831276 -0.033383
v 0.504836 0.821786 -0.080413
v 0.501795 0.831276 -0.079448
v 0.496063 0.821786 -0.129673
v 0.492876 0.831276 -0.129528
v 0.509687 0.818622 -0.177469
v 0.525869 0.818622 -0.222166
v 0.553068 0.818622 -0.261152
v 0.589988 0.818622 -0.292240
v 0.770831 0.818622 -0.300378
v 0.810324 0.818622 -0.272825
v 0.840942 0.818622 -0.236463
v 0.861106 0.818622 -0.193415
v 0.869440 0.818622 -0.146615
v 0.865378 0.818622 -0.099253
v 0.849197 0.818622 -0.054555
v 0.821998 0.818622 -0.015569
v 0.785635 0.818622 0.015049
v 0.742587 0.818622 0.035212
v 0.695787 0.818622 0.043547
v 0.648425 0.818622 0.039485
v 0.603727 0.818622 0.023303
v 0.564741 0.818622 -0.003896
v 0.534123 0.818622 -0.040258
v 0.513960 0.818622 -0.083307
v 0.505625 0.818622 -0.130106
v 0.752139 0.943139 -0.141292
v 0.740284 0.943139 -0.140754
v 0.724833 0.943139 -0.140053
v 0.706841 0.943139 -0.139237
v 0.687533 0.943139 -0.138361
v 0.668225 0.943139 -0.137485
v 0.650232 0.943139 -0.136668
v 0.634782 0.943139 -0.135967
v 0.622927 0.943139 -0.135429
vt 0.491038 0.844084
vt 0.485680 0.848439
vt 0.452607 0.807740
vt 0.457965 0.803386
vt 0.301122 0.990590
vt 0.300881 0.985121
vt 0.308157 0.984831
vt 0.308435 0.990299
vt 0.293807 0.990830
vt 0.293605 0.985361
vt 0.286491 0.991019
vt 0.286328 0.985549
vt 0.279176 0.991156
vt 0.279051 0.985685
vt 0.271860 0.991241
vt 0.271774 0.985770
vt 0.264544 0.991274
vt 0.264497 0.985804
vt 0.257228 0.991253
vt 0.257221 0.985785
vt 0.249906 0.991164
vt 0.249950 0.985711
vt 0.242629 0.991024
vt 0.242713 0.985589
vt 0.235400 0.990827
vt 0.235509 0.985414
vt 0.228167 0.990596
vt 0.228316 0.985188
vt 0.220938 0.990315
vt 0.221127 0.984910
vt 0.213713 0.989981
vt 0.213942 0.984578
vt 0.206489 0.989589
vt 0.206758 0.984190
vt 0.199239 0.989133
vt 0.199569 0.983720
vt 0.191840 0.988699
vt 0.192280 0.983066
vt 0.185921 0.988667
vt 0.186031 0.989619
vt 0.186502 0.982140
vt 0.343868 0.988302
vt 0.343874 0.988409
vt 0.337770 0.988698
vt 0.337379 0.983122
vt 0.343455 0.982606
vt 0.330380 0.989129
vt 0.329995 0.983657
vt 0.323062 0.989562
vt 0.322706 0.984098
vt 0.315748 0.989956
vt 0.315431 0.984490
vt 0.459157 0.876710
vt 0.457737 0.879160
vt 0.455731 0.881159
vt 0.457815 0.876152
vt 0.300818 0.983408
vt 0.308081 0.983118
vt 0.293554 0.983647
vt 0.286289 0.983835
vt 0.279024 0.983972
vt 0.271759 0.984057
vt 0.264494 0.984090
vt 0.257230 0.984073
vt 0.249971 0.984003
vt 0.242746 0.983888
vt 0.235555 0.983719
vt 0.228374 0.983495
vt 0.221198 0.983218
vt 0.214026 0.982886
vt 0.206857 0.982500
vt 0.199699 0.982038
vt 0.192527 0.981375
vt 0.187053 0.980530
vt 0.337197 0.981382
vt 0.342953 0.980925
vt 0.329877 0.981935
vt 0.322606 0.982384
vt 0.315344 0.982777
vt 0.535855 0.919320
vt 0.535826 0.912710
vt 0.538207 0.912397
vt 0.538239 0.919604
vt 0.534252 0.925730
vt 0.536491 0.926594
vt 0.531117 0.931544
vt 0.533073 0.932933
vt 0.526644 0.936402
vt 0.528197 0.938231
vt 0.521113 0.940005
vt 0.522165 0.942159
vt 0.514865 0.942129
vt 0.515352 0.944476
vt 0.508288 0.942645
vt 0.508181 0.945039
vt 0.501790 0.941521
vt 0.501095 0.943813
vt 0.495772 0.938828
vt 0.494533 0.940877
vt 0.490607 0.934734
vt 0.488901 0.936413
vt 0.486614 0.929493
vt 0.484547 0.930699
vt 0.484040 0.923430
vt 0.481740 0.924088
vt 0.483043 0.916922
vt 0.480652 0.916991
vt 0.483684 0.910370
vt 0.481350 0.909847
vt 0.485923 0.904181
vt 0.483790 0.903098
vt 0.489625 0.898734
vt 0.487822 0.897157
vt 0.494572 0.894348
vt 0.493197 0.892375
vt 0.498271 0.891619
vt 0.497814 0.889299
vt 0.526451 0.895635
vt 0.523217 0.892379
vt 0.523743 0.890107
vt 0.528016 0.893801
vt 0.530981 0.900508
vt 0.532926 0.899099
vt 0.534167 0.906309
vt 0.536398 0.905419
vt 0.528095 0.918383
vt 0.528072 0.913719
vt 0.526966 0.922907
vt 0.524755 0.927011
vt 0.521601 0.930441
vt 0.517699 0.932985
vt 0.513290 0.934486
vt 0.508650 0.934852
vt 0.504064 0.934061
vt 0.499816 0.932163
vt 0.496170 0.929275
vt 0.493351 0.925578
vt 0.491532 0.921301
vt 0.490826 0.916708
vt 0.491276 0.912085
vt 0.492853 0.907718
vt 0.495461 0.903877
vt 0.498939 0.900812
vt 0.521442 0.901710
vt 0.524643 0.905116
vt 0.526898 0.909203
vt 0.608953 0.292781
vt 0.613800 0.292781
vt 0.613800 0.299074
vt 0.608953 0.299074
vt 0.618481 0.292781
vt 0.618481 0.299074
vt 0.622679 0.292781
vt 0.622679 0.299074
vt 0.627526 0.292781
vt 0.627526 0.299074
vt 0.631501 0.292781
vt 0.631501 0.299074
vt 0.636058 0.292781
vt 0.636058 0.299074
vt 0.640888 0.292781
vt 0.640888 0.299074
vt 0.645660 0.292781
vt 0.645660 0.299074
vt 0.650049 0.292781
vt 0.650049 0.299074
vt 0.653756 0.292781
vt 0.653756 0.299074
vt 0.658603 0.292781
vt 0.658603 0.299074
vt 0.663285 0.292781
vt 0.663285 0.299074
vt 0.667483 0.292781
vt 0.667483 0.299074
vt 0.670910 0.292781
vt 0.670910 0.299074
vt 0.675757 0.292781
vt 0.675757 0.299074
vt 0.680439 0.292781
vt 0.680439 0.299074
vt 0.684414 0.292781
vt 0.684414 0.294447
vt 0.702962 0.292781
vt 0.706670 0.292781
vt 0.702962 0.294447
vt 0.600073 0.292781
vt 0.604271 0.292781
vt 0.604271 0.299074
vt 0.600073 0.299074
vt 0.466745 0.874890
vt 0.465538 0.879366
vt 0.459894 0.873976
vt 0.463213 0.883377
vt 0.459929 0.886650
vt 0.455910 0.888961
vt 0.453276 0.882571
vt 0.451430 0.890153
vt 0.450540 0.883299
vt 0.446794 0.890145
vt 0.447708 0.883294
vt 0.442318 0.888938
vt 0.444974 0.882557
vt 0.438307 0.886613
vt 0.442524 0.881137
vt 0.435034 0.883329
vt 0.440525 0.879131
vt 0.432723 0.879310
vt 0.439113 0.876676
vt 0.431531 0.874830
vt 0.438385 0.873940
vt 0.431539 0.870194
vt 0.438390 0.871108
vt 0.432746 0.865718
vt 0.439127 0.868374
vt 0.435071 0.861707
vt 0.440548 0.865924
vt 0.438355 0.858434
vt 0.442553 0.863925
vt 0.442374 0.856123
vt 0.445008 0.862513
vt 0.446854 0.854931
vt 0.447745 0.861785
vt 0.451490 0.854939
vt 0.450576 0.861790
vt 0.455966 0.856146
vt 0.453310 0.862527
vt 0.459977 0.858471
vt 0.455760 0.863947
vt 0.463250 0.861755
vt 0.457759 0.865953
vt 0.465561 0.865774
vt 0.459171 0.868408
vt 0.466753 0.870254
vt 0.459899 0.871145
vt 0.487052 0.799637
vt 0.489590 0.801598
vt 0.491268 0.805350
vt 0.485640 0.801001
vt 0.491268 0.805350
vt 0.495356 0.807149
vt 0.497319 0.809493
vt 0.495896 0.810866
vt 0.472993 0.550053
vt 0.472993 0.556792
vt 0.470573 0.556792
vt 0.453539 0.563763
vt 0.446793 0.563763
vt 0.453539 0.561340
vt 0.495673 0.638106
vt 0.495673 0.651449
vt 0.492079 0.651444
vt 0.492077 0.638106
vt 0.481888 0.638106
vt 0.481888 0.651441
vt 0.478174 0.651443
vt 0.478174 0.638106
vt 0.470573 0.543536
vt 0.473822 0.548147
vt 0.444884 0.564573
vt 0.440262 0.561340
vt 0.499588 0.552056
vt 0.499861 0.555955
vt 0.484454 0.554660
vt 0.483349 0.551607
vt 0.484926 0.560340
vt 0.499937 0.560785
vt 0.499485 0.565715
vt 0.483946 0.565866
vt 0.693801 0.299074
vt 0.688971 0.299074
vt 0.688971 0.296376
vt 0.693838 0.296376
vt 0.698573 0.299074
vt 0.698573 0.296376
vt 0.706670 0.299074
vt 0.684414 0.299074
vt 0.684900 0.295889
vt 0.686356 0.296371
vt 0.702489 0.295889
vt 0.702962 0.299074
vt 0.701072 0.296371
vt 0.492586 0.804185
vt 0.486994 0.651440
vt 0.486993 0.638106
vt 0.498945 0.569395
vt 0.482579 0.568783
vt 0.443423 0.567002
vt 0.442219 0.578449
vt 0.440273 0.578449
vt 0.476309 0.546688
vt 0.487490 0.543541
vt 0.487490 0.545485
vt 0.485640 0.801001
vt 0.484538 0.800149
vt 0.496784 0.811925
vt 0.495896 0.810866
vt 0.185473 0.990066
vt 0.455223 0.563681
vt 0.453539 0.563763
vt 0.485960 0.798775
vt 0.486968 0.798116
vt 0.488043 0.798661
vt 0.498315 0.808535
vt 0.498888 0.809575
vt 0.498209 0.810549
vt 0.495667 0.636413
vt 0.497066 0.636694
vt 0.497349 0.638106
vt 0.497347 0.651451
vt 0.497051 0.652863
vt 0.495649 0.653142
vt 0.476485 0.638106
vt 0.476767 0.636695
vt 0.478175 0.636413
vt 0.478161 0.653137
vt 0.476756 0.652856
vt 0.476484 0.651444
vt 0.499478 0.550385
vt 0.500899 0.550699
vt 0.501277 0.552095
vt 0.500634 0.569468
vt 0.500152 0.570861
vt 0.498710 0.571089
vt 0.490433 0.800508
vt 0.496363 0.806208
vt 0.472954 0.558474
vt 0.470535 0.558474
vt 0.455223 0.561264
vt 0.491995 0.636413
vt 0.492026 0.653138
vt 0.481897 0.636413
vt 0.481927 0.653134
vt 0.468852 0.556792
vt 0.468852 0.543537
vt 0.440262 0.559575
vt 0.453539 0.559574
vt 0.501539 0.555837
vt 0.482734 0.549907
vt 0.501620 0.560848
vt 0.501160 0.565869
vt 0.493542 0.803190
vt 0.486972 0.653134
vt 0.486971 0.636413
vt 0.481805 0.570437
vt 0.438587 0.578190
vt 0.438578 0.561261
vt 0.470536 0.541854
vt 0.487285 0.541857
vt 0.469113 0.558194
vt 0.469114 0.542134
vt 0.454943 0.559818
vt 0.438858 0.559816
vt 0.464268 0.800567
vt 0.457237 0.802202
vt 0.463871 0.799235
vt 0.471085 0.799475
vt 0.471046 0.798086
vt 0.478058 0.800196
vt 0.478301 0.798836
vt 0.497153 0.818269
vt 0.498496 0.817938
vt 0.498259 0.825175
vt 0.499649 0.825136
vt 0.497549 0.832042
vt 0.498902 0.832364
vt 0.495086 0.838492
vt 0.496309 0.839153
vt 0.492048 0.845040
vt 0.486408 0.849622
vt 0.479377 0.851257
vt 0.479774 0.852590
vt 0.472560 0.852349
vt 0.472599 0.853739
vt 0.465693 0.851639
vt 0.465370 0.852991
vt 0.459243 0.849176
vt 0.458582 0.850399
vt 0.453650 0.845128
vt 0.452695 0.846138
vt 0.449296 0.839769
vt 0.448112 0.840498
vt 0.446477 0.833467
vt 0.445145 0.833864
vt 0.445386 0.826650
vt 0.443996 0.826689
vt 0.446096 0.819782
vt 0.444743 0.819460
vt 0.448559 0.813333
vt 0.447336 0.812671
vt 0.451597 0.806785
vt 0.308499 0.991758
vt 0.301175 0.992050
vt 0.293850 0.992290
vt 0.286525 0.992479
vt 0.279198 0.992617
vt 0.271872 0.992702
vt 0.264546 0.992735
vt 0.257219 0.992715
vt 0.249882 0.992635
vt 0.242593 0.992459
vt 0.235359 0.992270
vt 0.228117 0.992040
vt 0.220878 0.991758
vt 0.213642 0.991423
vt 0.206407 0.991034
vt 0.199151 0.990594
vt 0.191794 0.990168
vt 0.344381 0.989813
vt 0.337847 0.990173
vt 0.330466 0.990587
vt 0.323145 0.991022
vt 0.315823 0.991416
vt 0.446550 0.871463
vt 0.449142 0.872542
vt 0.444135 0.870458
vt 0.442061 0.869595
vt 0.440469 0.868932
vt 0.451734 0.873621
vt 0.454149 0.874626
vt 0.456224 0.875489
vn 0.1716 -0.9851 -0.0078
vn 0.1678 -0.9851 0.0369
vn -0.1716 -0.9851 0.0078
vn -0.1678 -0.9851 -0.0369
vn -0.9410 -0.1594 0.2985
vn -0.9331 0.2045 0.2959
vn -0.9779 0.2045 0.0444
vn -0.9862 -0.1594 0.0447
vn -0.8317 -0.1594 0.5319
vn -0.8247 0.2045 0.5274
vn -0.6657 -0.1594 0.7290
vn -0.6601 0.2045 0.7228
vn -0.4543 -0.1594 0.8765
vn -0.4505 0.2045 0.8690
vn -0.2120 -0.1594 0.9642
vn -0.2102 0.2045 0.9560
vn 0.0448 -0.1594 0.9862
vn 0.0444 0.2045 0.9779
vn 0.2985 -0.1594 0.9410
vn 0.2959 0.2045 0.9331
vn 0.5319 -0.1594 0.8317
vn 0.5274 0.2045 0.8247
vn 0.7290 -0.1594 0.6657
vn 0.7228 0.2045 0.6601
vn 0.8765 -0.1594 0.4543
vn 0.8690 0.2045 0.4505
vn 0.9642 -0.1594 0.2120
vn 0.9560 0.2045 0.2102
vn 0.9862 -0.1594 -0.0448
vn 0.9779 0.2045 -0.0444
vn 0.9410 -0.1594 -0.2985
vn 0.9331 0.2045 -0.2959
vn 0.8317 -0.1594 -0.5319
vn 0.8247 0.2045 -0.5274
vn 0.6657 -0.1594 -0.7290
vn 0.6601 0.2045 -0.7228
vn 0.4962 -0.1594 -0.8535
vn 0.4940 0.2035 -0.8453
vn 0.3858 -0.1335 0.6757
vn -0.3755 -0.5572 0.7406
vn 0.4229 0.1754 -0.8890
vn -0.9600 0.0000 0.2719
vn -0.9545 -0.2945 0.0466
vn -0.5860 -0.1531 -0.7957
vn -0.5729 0.2057 -0.7934
vn -0.5241 0.1658 -0.8353
vn -0.7290 -0.1594 -0.6657
vn -0.7228 0.2045 -0.6601
vn -0.8765 -0.1594 -0.4543
vn -0.8690 0.2045 -0.4505
vn -0.9642 -0.1594 -0.2120
vn -0.9560 0.2045 -0.2102
vn -0.0751 0.9972 0.0034
vn -0.0716 0.9972 0.0227
vn -0.0633 0.9972 0.0405
vn 0.0000 1.0000 0.0000
vn -0.8708 0.4068 0.2762
vn -0.9126 0.4068 0.0414
vn -0.7696 0.4068 0.4922
vn -0.6160 0.4068 0.6746
vn -0.4204 0.4068 0.8110
vn -0.1962 0.4068 0.8922
vn 0.0414 0.4068 0.9126
vn 0.2762 0.4068 0.8708
vn 0.4922 0.4068 0.7696
vn 0.6746 0.4068 0.6160
vn 0.8110 0.4068 0.4204
vn 0.8922 0.4068 0.1962
vn 0.9126 0.4068 -0.0414
vn 0.8708 0.4068 -0.2762
vn 0.7696 0.4068 -0.4922
vn 0.6160 0.4068 -0.6746
vn 0.4659 0.4062 -0.7861
vn 0.4006 0.3729 -0.8369
vn -0.5392 0.4002 -0.7410
vn -0.5123 0.3361 -0.7903
vn -0.6746 0.4068 -0.6160
vn -0.8110 0.4068 -0.4204
vn -0.8922 0.4068 -0.1962
vn -0.3320 0.9432 0.0151
vn -0.3246 0.9432 -0.0714
vn -0.4858 0.8675 -0.1068
vn -0.4969 0.8675 0.0225
vn -0.3168 0.9432 0.1005
vn -0.4741 0.8675 0.1504
vn -0.2800 0.9432 0.1790
vn -0.4190 0.8675 0.2680
vn -0.2241 0.9432 0.2454
vn -0.3354 0.8675 0.3673
vn -0.1529 0.9432 0.2950
vn -0.2289 0.8675 0.4416
vn -0.0714 0.9432 0.3246
vn -0.1068 0.8675 0.4858
vn 0.0151 0.9432 0.3320
vn 0.0225 0.8675 0.4969
vn 0.1005 0.9432 0.3168
vn 0.1504 0.8675 0.4741
vn 0.1790 0.9432 0.2800
vn 0.2680 0.8675 0.4190
vn 0.2454 0.9432 0.2241
vn 0.3673 0.8675 0.3354
vn 0.2950 0.9432 0.1529
vn 0.4416 0.8675 0.2289
vn 0.3246 0.9432 0.0714
vn 0.4858 0.8675 0.1068
vn 0.3320 0.9432 -0.0151
vn 0.4969 0.8675 -0.0225
vn 0.3168 0.9432 -0.1005
vn 0.4741 0.8675 -0.1504
vn 0.2800 0.9432 -0.1790
vn 0.4190 0.8675 -0.2679
vn 0.2241 0.9432 -0.2454
vn 0.3354 0.8675 -0.3673
vn 0.1731 0.9461 -0.2739
vn 0.2649 0.8626 -0.4310
vn 0.1867 0.9133 -0.3621
vn 0.2426 0.8364 -0.4914
vn -0.1999 0.9450 -0.2589
vn -0.2915 0.8820 -0.3703
vn -0.3378 0.8231 -0.4565
vn -0.2956 0.8671 -0.4010
vn -0.2454 0.9432 -0.2241
vn -0.3673 0.8675 -0.3354
vn -0.2950 0.9432 -0.1529
vn -0.4416 0.8675 -0.2289
vn -0.1258 0.9920 0.0057
vn -0.1230 0.9920 -0.0270
vn -0.1200 0.9920 0.0381
vn -0.1061 0.9920 0.0678
vn -0.0849 0.9920 0.0930
vn -0.0579 0.9920 0.1118
vn -0.0270 0.9920 0.1230
vn 0.0057 0.9920 0.1258
vn 0.0381 0.9920 0.1200
vn 0.0678 0.9920 0.1061
vn 0.0930 0.9920 0.0849
vn 0.1118 0.9920 0.0579
vn 0.1230 0.9920 0.0270
vn 0.1258 0.9920 -0.0057
vn 0.1200 0.9920 -0.0381
vn 0.1061 0.9920 -0.0678
vn 0.0849 0.9920 -0.0930
vn 0.0702 0.9919 -0.1054
vn -0.0810 0.9919 -0.0976
vn -0.0930 0.9920 -0.0849
vn -0.1118 0.9920 -0.0579
vn -0.9767 0.0000 -0.2148
vn -0.9990 0.0000 0.0453
vn -0.9532 0.0000 0.3023
vn -0.8425 -0.0000 0.5387
vn -0.6743 0.0000 0.7384
vn -0.4602 -0.0000 0.8878
vn -0.2148 -0.0000 0.9767
vn 0.0453 -0.0000 0.9990
vn 0.3023 0.0000 0.9532
vn 0.5387 -0.0000 0.8425
vn 0.7384 0.0000 0.6743
vn 0.8878 0.0000 0.4602
vn 0.9767 0.0000 0.2148
vn 0.9990 0.0000 -0.0453
vn 0.9532 0.0000 -0.3023
vn 0.8425 0.0000 -0.5387
vn 0.6743 -0.0000 -0.7384
vn 0.5722 0.0000 -0.8201
vn 0.5510 0.0000 -0.8345
vn -0.6441 0.0000 -0.7649
vn -0.7384 -0.0000 -0.6743
vn -0.6241 0.0000 -0.7813
vn -0.8878 0.0000 -0.4602
vn -0.1353 0.9904 -0.0297
vn -0.1384 0.9904 0.0063
vn -0.0734 0.9972 -0.0161
vn -0.1320 0.9904 0.0419
vn -0.1167 0.9904 0.0746
vn -0.0934 0.9904 0.1023
vn -0.0507 0.9972 0.0555
vn -0.0637 0.9904 0.1230
vn -0.0346 0.9972 0.0667
vn -0.0297 0.9904 0.1353
vn -0.0161 0.9972 0.0734
vn 0.0063 0.9904 0.1384
vn 0.0034 0.9972 0.0751
vn 0.0419 0.9904 0.1320
vn 0.0227 0.9972 0.0716
vn 0.0746 0.9904 0.1167
vn 0.0405 0.9972 0.0633
vn 0.1023 0.9904 0.0934
vn 0.0555 0.9972 0.0507
vn 0.1230 0.9904 0.0637
vn 0.0667 0.9972 0.0346
vn 0.1353 0.9904 0.0297
vn 0.0734 0.9972 0.0161
vn 0.1384 0.9904 -0.0063
vn 0.0751 0.9972 -0.0034
vn 0.1320 0.9904 -0.0419
vn 0.0716 0.9972 -0.0227
vn 0.1167 0.9904 -0.0746
vn 0.0633 0.9972 -0.0405
vn 0.0934 0.9904 -0.1023
vn 0.0507 0.9972 -0.0555
vn 0.0637 0.9904 -0.1230
vn 0.0346 0.9972 -0.0667
vn 0.0297 0.9904 -0.1353
vn 0.0161 0.9972 -0.0734
vn -0.0063 0.9904 -0.1384
vn -0.0034 0.9972 -0.0751
vn -0.0419 0.9904 -0.1320
vn -0.0227 0.9972 -0.0716
vn -0.0746 0.9904 -0.1167
vn -0.0405 0.9972 -0.0633
vn -0.1023 0.9904 -0.0934
vn -0.0555 0.9972 -0.0507
vn -0.1230 0.9904 -0.0637
vn -0.0667 0.9972 -0.0346
vn -0.1679 -0.9750 -0.1452
vn -0.0191 -0.9866 -0.1618
vn -0.1457 0.6462 -0.7491
vn 0.9829 -0.1840 0.0097
vn 0.0000 -0.7329 0.6803
vn 0.0072 -0.9866 -0.1627
vn 0.1587 -0.9762 -0.1479
vn 0.7507 0.6508 -0.1138
vn 1.0000 -0.0002 0.0010
vn 0.9873 -0.1590 -0.0001
vn 0.9782 -0.1486 -0.1451
vn -0.9223 -0.0628 0.3812
vn -1.0000 0.0006 -0.0009
vn -0.9791 -0.1476 -0.1401
vn -0.2800 -0.1477 -0.9486
vn -0.2803 0.1482 -0.9484
vn -0.1162 0.1597 -0.9803
vn -0.1164 -0.1597 -0.9803
vn 0.0425 -0.1597 -0.9862
vn 0.0425 0.1597 -0.9863
vn 0.2127 0.1481 -0.9658
vn 0.2131 -0.1486 -0.9657
vn 0.9783 0.1344 -0.1580
vn 1.0000 -0.0008 0.0008
vn -1.0000 0.0007 -0.0001
vn -0.9784 0.1660 -0.1235
vn 0.1591 0.9755 -0.1520
vn 0.0065 0.9866 -0.1633
vn 0.0008 1.0000 -0.0002
vn 0.1989 0.9800 -0.0054
vn 0.0000 1.0000 -0.0004
vn -0.0060 0.9862 -0.1657
vn -0.0183 0.9866 -0.1622
vn -0.0006 1.0000 0.0001
vn -0.0451 -0.0023 -0.9990
vn 0.2148 0.0000 -0.9767
vn 0.2144 -0.0008 -0.9767
vn -0.0477 -0.0029 -0.9989
vn -0.3021 -0.0002 -0.9533
vn -0.3021 -0.0000 -0.9533
vn 0.4602 -0.0000 -0.8878
vn 0.3404 0.0000 -0.9403
vn -0.4242 0.0000 -0.9056
vn -0.5387 -0.0000 -0.8425
vn 0.4242 0.0000 0.9056
vn -0.0062 -0.9862 -0.1652
vn -0.0370 0.1595 -0.9865
vn -0.0370 -0.1595 -0.9865
vn -0.1665 0.9759 -0.1409
vn -0.2011 0.9795 0.0082
vn -0.9982 0.0508 0.0303
vn -0.9980 0.0000 0.0631
vn -0.9858 0.1601 0.0508
vn 0.9990 -0.0384 -0.0230
vn 0.9884 0.1475 -0.0366
vn 0.9989 0.0000 -0.0472
vn 0.5668 0.2810 0.7744
vn -0.3416 -0.8790 -0.3328
vn 0.3114 -0.9062 -0.2860
vn 0.0088 -0.1442 0.1322
vn 0.4668 -0.1352 -0.8740
vn -0.9487 -0.3162 -0.0000
vn 0.0000 0.0000 0.2370
vn -0.3274 -0.9389 -0.1064
vn -0.3115 -0.9113 -0.2693
vn -0.1526 -0.9389 -0.3086
vn 0.1349 -0.9403 -0.3124
vn 0.2937 -0.9159 -0.2738
vn 0.3211 -0.9403 -0.1127
vn -0.2516 -0.3093 -0.9171
vn -0.3951 -0.2665 -0.8791
vn -0.4319 -0.1151 -0.8945
vn -0.4321 0.1160 -0.8943
vn -0.3946 0.2689 -0.8786
vn -0.2504 0.3104 -0.9170
vn 0.3721 -0.1168 -0.9208
vn 0.3348 -0.2712 -0.9024
vn 0.1836 -0.3116 -0.9323
vn 0.1843 0.3106 -0.9325
vn 0.3349 0.2692 -0.9030
vn 0.3719 0.1161 -0.9210
vn 0.3234 0.9387 -0.1194
vn 0.2951 0.9131 -0.2812
vn 0.1331 0.9394 -0.3159
vn -0.1530 0.9396 -0.3063
vn -0.3095 0.9144 -0.2609
vn -0.3254 0.9406 -0.0972
vn -0.0373 -0.9487 -0.3141
vn 0.0136 -0.9487 -0.3160
vn 0.9487 -0.3162 -0.0001
vn 0.9429 -0.3115 -0.1181
vn -0.9438 -0.3092 -0.1166
vn -0.1116 -0.3161 -0.9421
vn -0.1117 0.3161 -0.9421
vn 0.0411 -0.3161 -0.9478
vn 0.0405 0.3161 -0.9479
vn 0.9445 -0.1169 -0.3069
vn 0.9444 0.1136 -0.3087
vn -0.9478 0.1191 -0.2958
vn -0.9476 -0.1150 -0.2980
vn 0.0133 0.9485 -0.3164
vn 0.3176 0.9482 -0.0087
vn -0.0117 0.9486 -0.3161
vn -0.0362 0.9486 -0.3145
vn -0.0118 -0.9488 -0.3156
vn -0.0355 0.3165 -0.9479
vn -0.0356 -0.3166 -0.9479
vn -0.3170 0.9483 0.0127
vn -0.9471 0.3184 0.0397
vn -0.9368 0.3393 -0.0851
vn 0.9465 0.2895 -0.1428
vn 0.9484 0.3160 -0.0270
vn 0.9236 -0.2711 -0.2709
vn 0.9247 0.2567 -0.2813
vn -0.9270 -0.2664 -0.2638
vn -0.9251 0.2854 -0.2502
vn -0.1525 -0.9851 -0.0791
vn -0.3065 -0.9495 -0.0674
vn -0.2786 -0.9495 -0.1444
vn -0.1268 -0.9851 -0.1158
vn -0.2317 -0.9495 -0.2116
vn -0.1031 -0.9871 -0.1228
vn -0.2081 -0.9454 -0.2510
vn 0.0877 -0.9862 -0.1404
vn 0.1646 -0.9490 -0.2690
vn 0.1158 -0.9851 -0.1268
vn 0.2116 -0.9495 -0.2317
vn 0.1447 -0.9851 -0.0925
vn 0.2644 -0.9495 -0.1691
vn 0.1637 -0.9851 -0.0519
vn 0.2991 -0.9495 -0.0949
vn 0.3135 -0.9495 -0.0142
vn 0.3065 -0.9495 0.0674
vn 0.1525 -0.9851 0.0791
vn 0.2786 -0.9495 0.1444
vn 0.1268 -0.9851 0.1158
vn 0.2317 -0.9495 0.2116
vn 0.0925 -0.9851 0.1447
vn 0.1691 -0.9495 0.2644
vn 0.0519 -0.9851 0.1637
vn 0.0949 -0.9495 0.2991
vn 0.0078 -0.9851 0.1716
vn 0.0142 -0.9495 0.3135
vn -0.0369 -0.9851 0.1678
vn -0.0674 -0.9495 0.3065
vn -0.0791 -0.9851 0.1525
vn -0.1444 -0.9495 0.2786
vn -0.1158 -0.9851 0.1268
vn -0.2116 -0.9495 0.2317
vn -0.1447 -0.9851 0.0925
vn -0.2644 -0.9495 0.1691
vn -0.1637 -0.9851 0.0519
vn -0.2991 -0.9495 0.0949
vn -0.3135 -0.9495 0.0142
vn -0.9469 -0.3187 0.0430
vn -0.9035 -0.3187 0.2866
vn -0.7985 -0.3187 0.5107
vn -0.6392 -0.3187 0.6999
vn -0.4362 -0.3187 0.8415
vn -0.2036 -0.3187 0.9257
vn 0.0430 -0.3187 0.9469
vn 0.2866 -0.3187 0.9035
vn 0.5107 -0.3187 0.7985
vn 0.6999 -0.3187 0.6392
vn 0.8415 -0.3187 0.4362
vn 0.9257 -0.3187 0.2036
vn 0.9469 -0.3187 -0.0430
vn 0.9035 -0.3187 -0.2866
vn 0.7985 -0.3187 -0.5107
vn 0.6392 -0.3187 -0.6999
vn 0.4817 -0.3041 -0.8219
vn -0.5234 -0.1649 -0.8360
vn -0.5723 -0.3169 -0.7563
vn -0.6999 -0.3187 -0.6392
vn -0.8415 -0.3187 -0.4362
vn -0.9257 -0.3187 -0.2036
usemtl Camera
s 1
f 1672/2095/1664 1673/2096/1665 1684/2097/1666
f 1684/2097/1666 1664/2098/1667 1672/2095/1664
f 1661/2099/1668 1419/2100/1669 1421/2101/1670
f 1421/2101/1670 1663/2102/1671 1661/2099/1668
f 1659/2103/1672 1423/2104/1673 1419/2100/1669
f 1419/2100/1669 1661/2099/1668 1659/2103/1672
f 1657/2105/1674 1425/2106/1675 1423/2104/1673
f 1423/2104/1673 1659/2103/1672 1657/2105/1674
f 1655/2107/1676 1427/2108/1677 1425/2106/1675
f 1425/2106/1675 1657/2105/1674 1655/2107/1676
f 1653/2109/1678 1429/2110/1679 1427/2108/1677
f 1427/2108/1677 1655/2107/1676 1653/2109/1678
f 1651/2111/1680 1431/2112/1681 1429/2110/1679
f 1429/2110/1679 1653/2109/1678 1651/2111/1680
f 1649/2113/1682 1433/2114/1683 1431/2112/1681
f 1431/2112/1681 1651/2111/1680 1649/2113/1682
f 1647/2115/1684 1435/2116/1685 1433/2114/1683
f 1433/2114/1683 1649/2113/1682 1647/2115/1684
f 1645/2117/1686 1437/2118/1687 1435/2116/1685
f 1435/2116/1685 1647/2115/1684 1645/2117/1686
f 1643/2119/1688 1439/2120/1689 1437/2118/1687
f 1437/2118/1687 1645/2117/1686 1643/2119/1688
f 1641/2121/1690 1441/2122/1691 1439/2120/1689
f 1439/2120/1689 1643/2119/1688 1641/2121/1690
f 1639/2123/1692 1443/2124/1693 1441/2122/1691
f 1441/2122/1691 1641/2121/1690 1639/2123/1692
f 1637/2125/1694 1445/2126/1695 1443/2124/1693
f 1443/2124/1693 1639/2123/1692 1637/2125/1694
f 1635/2127/1696 1447/2128/1697 1445/2126/1695
f 1445/2126/1695 1637/2125/1694 1635/2127/1696
f 1633/2129/1698 1449/2130/1699 1447/2128/1697
f 1447/2128/1697 1635/2127/1696 1633/2129/1698
f 1631/2131/1700 1451/2132/1701 1449/2130/1699
f 1449/2130/1699 1633/2129/1698 1631/2131/1700
f 1631/2131/1700 1628/2133/1702 1580/2134/1703
f 1631/2131/1700 1580/2134/1703 1453/2135/1704
f 1631/2131/1700 1453/2135/1704 1451/2132/1701
f 1560/2136/1705 1627/2137/1706 1624/2138/1707
f 1560/2136/1705 1624/2138/1707 1457/2139/1708
f 1560/2136/1705 1457/2139/1708 1455/2140/1709
f 1622/2141/1710 1459/2142/1711 1457/2139/1708
f 1457/2139/1708 1624/2138/1707 1622/2141/1710
f 1620/2143/1712 1461/2144/1713 1459/2142/1711
f 1459/2142/1711 1622/2141/1710 1620/2143/1712
f 1618/2145/1714 1463/2146/1715 1461/2144/1713
f 1461/2144/1713 1620/2143/1712 1618/2145/1714
f 1663/2102/1671 1421/2101/1670 1463/2146/1715
f 1463/2146/1715 1618/2145/1714 1663/2102/1671
f 1529/2147/1716 1530/2148/1717 1531/2149/1718
f 1531/2149/1718 1693/2150/1719 1529/2147/1716
f 1421/2101/1670 1419/2100/1669 1418/2151/1720
f 1418/2151/1720 1420/2152/1721 1421/2101/1670
f 1419/2100/1669 1423/2104/1673 1422/2153/1722
f 1422/2153/1722 1418/2151/1720 1419/2100/1669
f 1423/2104/1673 1425/2106/1675 1424/2154/1723
f 1424/2154/1723 1422/2153/1722 1423/2104/1673
f 1425/2106/1675 1427/2108/1677 1426/2155/1724
f 1426/2155/1724 1424/2154/1723 1425/2106/1675
f 1427/2108/1677 1429/2110/1679 1428/2156/1725
f 1428/2156/1725 1426/2155/1724 1427/2108/1677
f 1429/2110/1679 1431/2112/1681 1430/2157/1726
f 1430/2157/1726 1428/2156/1725 1429/2110/1679
f 1431/2112/1681 1433/2114/1683 1432/2158/1727
f 1432/2158/1727 1430/2157/1726 1431/2112/1681
f 1433/2114/1683 1435/2116/1685 1434/2159/1728
f 1434/2159/1728 1432/2158/1727 1433/2114/1683
f 1435/2116/1685 1437/2118/1687 1436/2160/1729
f 1436/2160/1729 1434/2159/1728 1435/2116/1685
f 1437/2118/1687 1439/2120/1689 1438/2161/1730
f 1438/2161/1730 1436/2160/1729 1437/2118/1687
f 1439/2120/1689 1441/2122/1691 1440/2162/1731
f 1440/2162/1731 1438/2161/1730 1439/2120/1689
f 1441/2122/1691 1443/2124/1693 1442/2163/1732
f 1442/2163/1732 1440/2162/1731 1441/2122/1691
f 1443/2124/1693 1445/2126/1695 1444/2164/1733
f 1444/2164/1733 1442/2163/1732 1443/2124/1693
f 1445/2126/1695 1447/2128/1697 1446/2165/1734
f 1446/2165/1734 1444/2164/1733 1445/2126/1695
f 1447/2128/1697 1449/2130/1699 1448/2166/1735
f 1448/2166/1735 1446/2165/1734 1447/2128/1697
f 1449/2130/1699 1451/2132/1701 1450/2167/1736
f 1450/2167/1736 1448/2166/1735 1449/2130/1699
f 1451/2132/1701 1453/2135/1704 1452/2168/1737
f 1452/2168/1737 1450/2167/1736 1451/2132/1701
f 1455/2140/1709 1457/2139/1708 1456/2169/1738
f 1456/2169/1738 1454/2170/1739 1455/2140/1709
f 1457/2139/1708 1459/2142/1711 1458/2171/1740
f 1458/2171/1740 1456/2169/1738 1457/2139/1708
f 1459/2142/1711 1461/2144/1713 1460/2172/1741
f 1460/2172/1741 1458/2171/1740 1459/2142/1711
f 1461/2144/1713 1463/2146/1715 1462/2173/1742
f 1462/2173/1742 1460/2172/1741 1461/2144/1713
f 1463/2146/1715 1421/2101/1670 1420/2152/1721
f 1420/2152/1721 1462/2173/1742 1463/2146/1715
f 1465/2174/1743 1464/2175/1744 1462/2176/1745
f 1462/2176/1745 1420/2177/1746 1465/2174/1743
f 1466/2178/1747 1465/2174/1743 1420/2177/1746
f 1420/2177/1746 1418/2179/1748 1466/2178/1747
f 1467/2180/1749 1466/2178/1747 1418/2179/1748
f 1418/2179/1748 1422/2181/1750 1467/2180/1749
f 1468/2182/1751 1467/2180/1749 1422/2181/1750
f 1422/2181/1750 1424/2183/1752 1468/2182/1751
f 1469/2184/1753 1468/2182/1751 1424/2183/1752
f 1424/2183/1752 1426/2185/1754 1469/2184/1753
f 1470/2186/1755 1469/2184/1753 1426/2185/1754
f 1426/2185/1754 1428/2187/1756 1470/2186/1755
f 1471/2188/1757 1470/2186/1755 1428/2187/1756
f 1428/2187/1756 1430/2189/1758 1471/2188/1757
f 1472/2190/1759 1471/2188/1757 1430/2189/1758
f 1430/2189/1758 1432/2191/1760 1472/2190/1759
f 1473/2192/1761 1472/2190/1759 1432/2191/1760
f 1432/2191/1760 1434/2193/1762 1473/2192/1761
f 1474/2194/1763 1473/2192/1761 1434/2193/1762
f 1434/2193/1762 1436/2195/1764 1474/2194/1763
f 1475/2196/1765 1474/2194/1763 1436/2195/1764
f 1436/2195/1764 1438/2197/1766 1475/2196/1765
f 1476/2198/1767 1475/2196/1765 1438/2197/1766
f 1438/2197/1766 1440/2199/1768 1476/2198/1767
f 1477/2200/1769 1476/2198/1767 1440/2199/1768
f 1440/2199/1768 1442/2201/1770 1477/2200/1769
f 1478/2202/1771 1477/2200/1769 1442/2201/1770
f 1442/2201/1770 1444/2203/1772 1478/2202/1771
f 1479/2204/1773 1478/2202/1771 1444/2203/1772
f 1444/2203/1772 1446/2205/1774 1479/2204/1773
f 1480/2206/1775 1479/2204/1773 1446/2205/1774
f 1446/2205/1774 1448/2207/1776 1480/2206/1775
f 1481/2208/1777 1480/2206/1775 1448/2207/1776
f 1448/2207/1776 1450/2209/1778 1481/2208/1777
f 1558/2210/1779 1481/2208/1777 1450/2209/1778
f 1450/2209/1778 1452/2211/1780 1558/2210/1779
f 1482/2212/1781 1559/2213/1782 1454/2214/1783
f 1454/2214/1783 1456/2215/1784 1482/2212/1781
f 1483/2216/1785 1482/2212/1781 1456/2215/1784
f 1456/2215/1784 1458/2217/1786 1483/2216/1785
f 1484/2218/1787 1483/2216/1785 1458/2217/1786
f 1458/2217/1786 1460/2219/1788 1484/2218/1787
f 1464/2175/1744 1484/2218/1787 1460/2219/1788
f 1460/2219/1788 1462/2176/1745 1464/2175/1744
f 1464/2175/1744 1465/2174/1743 1486/2220/1789
f 1486/2220/1789 1485/2221/1790 1464/2175/1744
f 1465/2174/1743 1466/2178/1747 1487/2222/1791
f 1487/2222/1791 1486/2220/1789 1465/2174/1743
f 1466/2178/1747 1467/2180/1749 1488/2223/1792
f 1488/2223/1792 1487/2222/1791 1466/2178/1747
f 1467/2180/1749 1468/2182/1751 1489/2224/1793
f 1489/2224/1793 1488/2223/1792 1467/2180/1749
f 1468/2182/1751 1469/2184/1753 1490/2225/1794
f 1490/2225/1794 1489/2224/1793 1468/2182/1751
f 1469/2184/1753 1470/2186/1755 1491/2226/1795
f 1491/2226/1795 1490/2225/1794 1469/2184/1753
f 1470/2186/1755 1471/2188/1757 1492/2227/1796
f 1492/2227/1796 1491/2226/1795 1470/2186/1755
f 1471/2188/1757 1472/2190/1759 1493/2228/1797
f 1493/2228/1797 1492/2227/1796 1471/2188/1757
f 1472/2190/1759 1473/2192/1761 1494/2229/1798
f 1494/2229/1798 1493/2228/1797 1472/2190/1759
f 1473/2192/1761 1474/2194/1763 1495/2230/1799
f 1495/2230/1799 1494/2229/1798 1473/2192/1761
f 1474/2194/1763 1475/2196/1765 1496/2231/1800
f 1496/2231/1800 1495/2230/1799 1474/2194/1763
f 1475/2196/1765 1476/2198/1767 1497/2232/1801
f 1497/2232/1801 1496/2231/1800 1475/2196/1765
f 1476/2198/1767 1477/2200/1769 1498/2233/1802
f 1498/2233/1802 1497/2232/1801 1476/2198/1767
f 1477/2200/1769 1478/2202/1771 1499/2234/1803
f 1499/2234/1803 1498/2233/1802 1477/2200/1769
f 1478/2202/1771 1479/2204/1773 1500/2235/1804
f 1500/2235/1804 1499/2234/1803 1478/2202/1771
f 1479/2204/1773 1480/2206/1775 1501/2236/1805
f 1501/2236/1805 1500/2235/1804 1479/2204/1773
f 1480/2206/1775 1481/2208/1777 1556/2237/1806
f 1556/2237/1806 1501/2236/1805 1480/2206/1775
f 1481/2208/1777 1558/2210/1779 1556/2237/1806
f 1482/2212/1781 1557/2238/1807 1559/2213/1782
f 1482/2212/1781 1483/2216/1785 1502/2239/1808
f 1502/2239/1808 1557/2238/1807 1482/2212/1781
f 1483/2216/1785 1484/2218/1787 1503/2240/1809
f 1503/2240/1809 1502/2239/1808 1483/2216/1785
f 1484/2218/1787 1464/2175/1744 1485/2221/1790
f 1485/2221/1790 1503/2240/1809 1484/2218/1787
f 1485/2241/1810 1486/2242/1811 1505/2243/1811
f 1505/2243/1811 1504/2244/1810 1485/2241/1810
f 1486/2242/1811 1487/2245/1812 1506/2246/1812
f 1506/2246/1812 1505/2243/1811 1486/2242/1811
f 1487/2245/1812 1488/2247/1813 1507/2248/1813
f 1507/2248/1813 1506/2246/1812 1487/2245/1812
f 1488/2247/1813 1489/2249/1814 1508/2250/1814
f 1508/2250/1814 1507/2248/1813 1488/2247/1813
f 1489/2249/1814 1490/2251/1815 1509/2252/1815
f 1509/2252/1815 1508/2250/1814 1489/2249/1814
f 1490/2251/1815 1491/2253/1816 1510/2254/1816
f 1510/2254/1816 1509/2252/1815 1490/2251/1815
f 1491/2253/1816 1492/2255/1817 1511/2256/1817
f 1511/2256/1817 1510/2254/1816 1491/2253/1816
f 1492/2255/1817 1493/2257/1818 1512/2258/1818
f 1512/2258/1818 1511/2256/1817 1492/2255/1817
f 1493/2257/1818 1494/2259/1819 1513/2260/1819
f 1513/2260/1819 1512/2258/1818 1493/2257/1818
f 1494/2259/1819 1495/2261/1820 1514/2262/1820
f 1514/2262/1820 1513/2260/1819 1494/2259/1819
f 1495/2261/1820 1496/2263/1821 1515/2264/1821
f 1515/2264/1821 1514/2262/1820 1495/2261/1820
f 1496/2263/1821 1497/2265/1822 1516/2266/1822
f 1516/2266/1822 1515/2264/1821 1496/2263/1821
f 1497/2265/1822 1498/2267/1823 1517/2268/1823
f 1517/2268/1823 1516/2266/1822 1497/2265/1822
f 1498/2267/1823 1499/2269/1824 1518/2270/1824
f 1518/2270/1824 1517/2268/1823 1498/2267/1823
f 1499/2269/1824 1500/2271/1825 1519/2272/1825
f 1519/2272/1825 1518/2270/1824 1499/2269/1824
f 1500/2271/1825 1501/2273/1826 1520/2274/1826
f 1520/2274/1826 1519/2272/1825 1500/2271/1825
f 1501/2273/1826 1556/2275/1827 1598/2276/1828
f 1557/2277/1829 1502/2278/1830 1602/2279/1831
f 1502/2280/1830 1503/2281/1832 1527/2282/1832
f 1527/2282/1832 1526/2283/1830 1502/2280/1830
f 1503/2281/1832 1485/2241/1810 1504/2244/1810
f 1504/2244/1810 1527/2282/1832 1503/2281/1832
f 1504/2284/1833 1505/2285/1834 1529/2147/1716
f 1529/2147/1716 1528/2286/1835 1504/2284/1833
f 1505/2285/1834 1506/2287/1836 1530/2148/1717
f 1530/2148/1717 1529/2147/1716 1505/2285/1834
f 1506/2287/1836 1507/2288/1837 1531/2149/1718
f 1531/2149/1718 1530/2148/1717 1506/2287/1836
f 1507/2288/1837 1508/2289/1838 1532/2290/1839
f 1532/2290/1839 1531/2149/1718 1507/2288/1837
f 1508/2289/1838 1509/2291/1840 1533/2292/1841
f 1533/2292/1841 1532/2290/1839 1508/2289/1838
f 1509/2291/1840 1510/2293/1842 1534/2294/1843
f 1534/2294/1843 1533/2292/1841 1509/2291/1840
f 1510/2293/1842 1511/2295/1844 1535/2296/1845
f 1535/2296/1845 1534/2294/1843 1510/2293/1842
f 1511/2295/1844 1512/2297/1846 1536/2298/1847
f 1536/2298/1847 1535/2296/1845 1511/2295/1844
f 1512/2297/1846 1513/2299/1848 1537/2300/1849
f 1537/2300/1849 1536/2298/1847 1512/2297/1846
f 1513/2299/1848 1514/2301/1850 1538/2302/1851
f 1538/2302/1851 1537/2300/1849 1513/2299/1848
f 1514/2301/1850 1515/2303/1852 1539/2304/1853
f 1539/2304/1853 1538/2302/1851 1514/2301/1850
f 1515/2303/1852 1516/2305/1854 1540/2306/1855
f 1540/2306/1855 1539/2304/1853 1515/2303/1852
f 1516/2305/1854 1517/2307/1856 1541/2308/1857
f 1541/2308/1857 1540/2306/1855 1516/2305/1854
f 1517/2307/1856 1518/2309/1858 1542/2310/1859
f 1542/2310/1859 1541/2308/1857 1517/2307/1856
f 1518/2309/1858 1519/2311/1860 1543/2312/1861
f 1543/2312/1861 1542/2310/1859 1518/2309/1858
f 1519/2311/1860 1520/2313/1862 1544/2314/1863
f 1544/2314/1863 1543/2312/1861 1519/2311/1860
f 1520/2313/1862 1521/2315/1864 1545/2316/1865
f 1545/2316/1865 1544/2314/1863 1520/2313/1862
f 1521/2315/1864 1522/2317/1866 1546/2318/1867
f 1546/2318/1867 1545/2316/1865 1521/2315/1864
f 1522/2317/1866 1523/2319/1868 1547/2320/1869
f 1547/2320/1869 1546/2318/1867 1522/2317/1866
f 1523/2319/1868 1524/2321/1870 1548/2322/1871
f 1548/2322/1871 1547/2320/1869 1523/2319/1868
f 1524/2321/1870 1525/2323/1872 1549/2324/1873
f 1549/2324/1873 1548/2322/1871 1524/2321/1870
f 1525/2323/1872 1526/2325/1874 1550/2326/1875
f 1550/2326/1875 1549/2324/1873 1525/2323/1872
f 1526/2325/1874 1527/2327/1876 1551/2328/1877
f 1551/2328/1877 1550/2326/1875 1526/2325/1874
f 1527/2327/1876 1504/2284/1833 1528/2286/1835
f 1528/2286/1835 1551/2328/1877 1527/2327/1876
f 1609/2329/1878 1568/2330/1879 1555/2331/1880
f 1561/2332/1881 1609/2329/1878 1555/2331/1880
f 1417/2333/1882 1561/2332/1881 1555/2331/1880
f 1417/2333/1882 1555/2331/1880 1572/2334/1883
f 1417/2333/1882 1572/2334/1883 1610/2335/1884
f 1579/2336/1885 1417/2333/1882 1610/2335/1884
f 1453/2337/1886 1580/2338/1887 1576/2339/1888
f 1560/2340/1889 1455/2341/1890 1566/2342/1891
f 1611/2343/1892 1612/2344/1893 1587/2345/1894
f 1587/2345/1894 1569/2346/1895 1611/2343/1892
f 1571/2347/1896 1591/2348/1897 1614/2349/1898
f 1614/2349/1898 1613/2350/1899 1571/2347/1896
f 1453/2337/1886 1576/2339/1888 1595/2351/1900
f 1595/2351/1900 1452/2352/1901 1453/2337/1886
f 1455/2341/1890 1454/2353/1902 1585/2354/1903
f 1585/2354/1903 1566/2342/1891 1455/2341/1890
f 1615/2355/1904 1590/2356/1905 1552/2357/1906
f 1552/2357/1906 1599/2358/1907 1615/2355/1904
f 1553/2359/1908 1607/2360/1909 1588/2361/1910
f 1588/2361/1910 1554/2362/1911 1553/2359/1908
f 1523/2363/1912 1522/2364/1913 1552/2365/1914
f 1552/2365/1914 1553/2366/1915 1523/2363/1912
f 1524/2367/1916 1523/2363/1912 1553/2366/1915
f 1553/2366/1915 1554/2368/1917 1524/2367/1916
f 1598/2276/1828 1520/2274/1826 1501/2273/1826
f 1502/2278/1830 1526/2369/1830 1602/2279/1831
f 1521/2370/1918 1597/2371/1919 1599/2372/1919
f 1522/2364/1913 1521/2370/1918 1599/2372/1919
f 1552/2365/1914 1522/2364/1913 1599/2372/1919
f 1601/2373/1920 1525/2374/1921 1524/2367/1916
f 1601/2373/1920 1524/2367/1916 1554/2368/1917
f 1600/2375/1922 1601/2373/1920 1554/2368/1917
f 1568/2330/1879 1604/2376/1923 1555/2331/1880
f 1555/2331/1880 1604/2376/1923 1572/2334/1883
f 1587/2345/1894 1608/2377/1924 1605/2378/1925
f 1605/2378/1925 1569/2346/1895 1587/2345/1894
f 1571/2347/1896 1605/2378/1925 1608/2377/1924
f 1608/2377/1924 1591/2348/1897 1571/2347/1896
f 1616/2379/1926 1600/2380/1927 1554/2362/1911
f 1554/2362/1911 1588/2361/1910 1616/2379/1926
f 1590/2356/1905 1607/2360/1909 1553/2359/1908
f 1553/2359/1908 1552/2357/1906 1590/2356/1905
f 1454/2353/1902 1559/2381/1928 1585/2354/1903
f 1559/2381/1928 1557/2382/1929 1602/2383/1930
f 1602/2383/1930 1585/2354/1903 1559/2381/1928
f 1595/2351/1900 1558/2384/1931 1452/2352/1901
f 1598/2385/1932 1556/2386/1933 1558/2384/1931
f 1558/2384/1931 1595/2351/1900 1598/2385/1932
f 1626/2387/1934 1625/2388/1935 1561/2332/1881
f 1579/2336/1885 1578/2389/1936 1629/2390/1937
f 1628/2133/1702 1578/2391/1938 1580/2134/1703
f 1560/2340/1889 1625/2392/1939 1627/2393/1940
f 1609/2329/1878 1563/2394/1941 1562/2395/1942
f 1562/2395/1942 1564/2396/1943 1609/2329/1878
f 1610/2335/1884 1574/2397/1944 1573/2398/1945
f 1573/2398/1945 1575/2399/1946 1610/2335/1884
f 1611/2343/1892 1564/2400/1947 1562/2401/1948
f 1562/2401/1948 1565/2402/1949 1611/2343/1892
f 1612/2344/1893 1582/2403/1950 1581/2404/1951
f 1581/2404/1951 1583/2405/1952 1612/2344/1893
f 1613/2350/1899 1577/2406/1953 1573/2407/1954
f 1573/2407/1954 1574/2408/1955 1613/2350/1899
f 1614/2349/1898 1593/2409/1956 1592/2410/1957
f 1592/2410/1957 1594/2411/1958 1614/2349/1898
f 1615/2355/1904 1596/2412/1959 1592/2413/1960
f 1592/2413/1960 1593/2414/1961 1615/2355/1904
f 1616/2379/1926 1583/2415/1962 1581/2416/1963
f 1581/2416/1963 1584/2417/1964 1616/2379/1926
f 1609/2329/1878 1561/2332/1881 1625/2388/1935
f 1625/2388/1935 1563/2394/1941 1609/2329/1878
f 1568/2330/1879 1609/2329/1878 1564/2396/1943
f 1564/2396/1943 1567/2418/1965 1568/2330/1879
f 1610/2335/1884 1572/2334/1883 1570/2419/1966
f 1570/2419/1966 1574/2397/1944 1610/2335/1884
f 1579/2336/1885 1610/2335/1884 1575/2399/1946
f 1575/2399/1946 1578/2389/1936 1579/2336/1885
f 1576/2339/1888 1580/2338/1887 1578/2420/1967
f 1578/2420/1967 1575/2421/1968 1576/2339/1888
f 1560/2340/1889 1566/2342/1891 1563/2422/1969
f 1563/2422/1969 1625/2392/1939 1560/2340/1889
f 1611/2343/1892 1569/2346/1895 1567/2423/1970
f 1567/2423/1970 1564/2400/1947 1611/2343/1892
f 1612/2344/1893 1611/2343/1892 1565/2402/1949
f 1565/2402/1949 1582/2403/1950 1612/2344/1893
f 1587/2345/1894 1612/2344/1893 1583/2405/1952
f 1583/2405/1952 1586/2424/1971 1587/2345/1894
f 1571/2347/1896 1613/2350/1899 1574/2408/1955
f 1574/2408/1955 1570/2425/1972 1571/2347/1896
f 1614/2349/1898 1591/2348/1897 1589/2426/1973
f 1589/2426/1973 1593/2409/1956 1614/2349/1898
f 1613/2350/1899 1614/2349/1898 1594/2411/1958
f 1594/2411/1958 1577/2406/1953 1613/2350/1899
f 1595/2351/1900 1576/2339/1888 1577/2427/1974
f 1577/2427/1974 1594/2428/1975 1595/2351/1900
f 1566/2342/1891 1585/2354/1903 1582/2429/1976
f 1582/2429/1976 1565/2430/1977 1566/2342/1891
f 1590/2356/1905 1615/2355/1904 1593/2414/1961
f 1593/2414/1961 1589/2431/1978 1590/2356/1905
f 1615/2355/1904 1599/2358/1907 1597/2432/1979
f 1597/2432/1979 1596/2412/1959 1615/2355/1904
f 1588/2361/1910 1607/2360/1909 1606/2433/1980
f 1606/2433/1980 1586/2434/1981 1588/2361/1910
f 1604/2376/1923 1568/2330/1879 1567/2418/1965
f 1567/2418/1965 1603/2435/1982 1604/2376/1923
f 1572/2334/1883 1604/2376/1923 1603/2435/1982
f 1603/2435/1982 1570/2419/1966 1572/2334/1883
f 1608/2377/1924 1587/2345/1894 1586/2424/1971
f 1586/2424/1971 1606/2436/1983 1608/2377/1924
f 1569/2346/1895 1605/2378/1925 1603/2437/1984
f 1603/2437/1984 1567/2423/1970 1569/2346/1895
f 1605/2378/1925 1571/2347/1896 1570/2425/1972
f 1570/2425/1972 1603/2437/1984 1605/2378/1925
f 1591/2348/1897 1608/2377/1924 1606/2436/1983
f 1606/2436/1983 1589/2426/1973 1591/2348/1897
f 1616/2379/1926 1588/2361/1910 1586/2434/1981
f 1586/2434/1981 1583/2415/1962 1616/2379/1926
f 1600/2380/1927 1616/2379/1926 1584/2417/1964
f 1584/2417/1964 1601/2438/1985 1600/2380/1927
f 1607/2360/1909 1590/2356/1905 1589/2431/1978
f 1589/2431/1978 1606/2433/1980 1607/2360/1909
f 1585/2354/1903 1602/2383/1930 1601/2439/1986
f 1601/2439/1986 1584/2440/1987 1585/2354/1903
f 1598/2385/1932 1595/2351/1900 1596/2441/1988
f 1596/2441/1988 1597/2442/1989 1598/2385/1932
f 1576/2339/1888 1575/2421/1968 1573/2443/1990
f 1573/2443/1990 1577/2427/1974 1576/2339/1888
f 1595/2351/1900 1594/2428/1975 1592/2444/1991
f 1592/2444/1991 1596/2441/1988 1595/2351/1900
f 1566/2342/1891 1565/2430/1977 1562/2445/1992
f 1562/2445/1992 1563/2422/1969 1566/2342/1891
f 1585/2354/1903 1584/2440/1987 1581/2446/1993
f 1581/2446/1993 1582/2429/1976 1585/2354/1903
f 1525/2374/1921 1601/2373/1920 1602/2279/1831
f 1602/2279/1831 1526/2369/1830 1525/2374/1921
f 1598/2276/1828 1597/2371/1919 1521/2370/1918
f 1521/2370/1918 1520/2274/1826 1598/2276/1828
f 1665/2447/1994 1664/2098/1667 1617/2448/1995
f 1617/2448/1995 1619/2449/1996 1665/2447/1994
f 1666/2450/1997 1665/2447/1994 1619/2449/1996
f 1619/2449/1996 1621/2451/1998 1666/2450/1997
f 1667/2452/1999 1666/2450/1997 1621/2451/1998
f 1621/2451/1998 1623/2453/2000 1667/2452/1999
f 1626/2387/1934 1667/2452/1999 1623/2453/2000
f 1623/2453/2000 1625/2388/1935 1626/2387/1934
f 1668/2454/2001 1629/2390/1937 1578/2389/1936
f 1578/2389/1936 1630/2455/2002 1668/2454/2001
f 1669/2456/2003 1668/2454/2001 1630/2455/2002
f 1630/2455/2002 1632/2457/2004 1669/2456/2003
f 1670/2458/2005 1669/2456/2003 1632/2457/2004
f 1632/2457/2004 1634/2459/2006 1670/2458/2005
f 1671/2460/2007 1670/2458/2005 1634/2459/2006
f 1634/2459/2006 1636/2461/2008 1671/2460/2007
f 1672/2095/1664 1671/2460/2007 1636/2461/2008
f 1636/2461/2008 1638/2462/2009 1672/2095/1664
f 1673/2096/1665 1672/2095/1664 1638/2462/2009
f 1638/2462/2009 1640/2463/2010 1673/2096/1665
f 1674/2464/2011 1673/2096/1665 1640/2463/2010
f 1640/2463/2010 1642/2465/2012 1674/2464/2011
f 1675/2466/2013 1674/2464/2011 1642/2465/2012
f 1642/2465/2012 1644/2467/2014 1675/2466/2013
f 1676/2468/2015 1675/2466/2013 1644/2467/2014
f 1644/2467/2014 1646/2469/2016 1676/2468/2015
f 1677/2470/2017 1676/2468/2015 1646/2469/2016
f 1646/2469/2016 1648/2471/2018 1677/2470/2017
f 1678/2472/2019 1677/2470/2017 1648/2471/2018
f 1648/2471/2018 1650/2473/2020 1678/2472/2019
f 1679/2474/2021 1678/2472/2019 1650/2473/2020
f 1650/2473/2020 1652/2475/2022 1679/2474/2021
f 1680/2476/2023 1679/2474/2021 1652/2475/2022
f 1652/2475/2022 1654/2477/2024 1680/2476/2023
f 1681/2478/2025 1680/2476/2023 1654/2477/2024
f 1654/2477/2024 1656/2479/2026 1681/2478/2025
f 1682/2480/2027 1681/2478/2025 1656/2479/2026
f 1656/2479/2026 1658/2481/2028 1682/2480/2027
f 1683/2482/2029 1682/2480/2027 1658/2481/2028
f 1658/2481/2028 1660/2483/2030 1683/2482/2029
f 1684/2097/1666 1683/2482/2029 1660/2483/2030
f 1660/2483/2030 1662/2484/2031 1684/2097/1666
f 1664/2098/1667 1684/2097/1666 1662/2484/2031
f 1662/2484/2031 1617/2448/1995 1664/2098/1667
f 1661/2099/1668 1663/2102/1671 1662/2485/2032
f 1662/2485/2032 1660/2486/2033 1661/2099/1668
f 1659/2103/1672 1661/2099/1668 1660/2486/2033
f 1660/2486/2033 1658/2487/2034 1659/2103/1672
f 1657/2105/1674 1659/2103/1672 1658/2487/2034
f 1658/2487/2034 1656/2488/2035 1657/2105/1674
f 1655/2107/1676 1657/2105/1674 1656/2488/2035
f 1656/2488/2035 1654/2489/2036 1655/2107/1676
f 1653/2109/1678 1655/2107/1676 1654/2489/2036
f 1654/2489/2036 1652/2490/2037 1653/2109/1678
f 1651/2111/1680 1653/2109/1678 1652/2490/2037
f 1652/2490/2037 1650/2491/2038 1651/2111/1680
f 1649/2113/1682 1651/2111/1680 1650/2491/2038
f 1650/2491/2038 1648/2492/2039 1649/2113/1682
f 1647/2115/1684 1649/2113/1682 1648/2492/2039
f 1648/2492/2039 1646/2493/2040 1647/2115/1684
f 1645/2117/1686 1647/2115/1684 1646/2493/2040
f 1646/2493/2040 1644/2494/2041 1645/2117/1686
f 1643/2119/1688 1645/2117/1686 1644/2494/2041
f 1644/2494/2041 1642/2495/2042 1643/2119/1688
f 1641/2121/1690 1643/2119/1688 1642/2495/2042
f 1642/2495/2042 1640/2496/2043 1641/2121/1690
f 1639/2123/1692 1641/2121/1690 1640/2496/2043
f 1640/2496/2043 1638/2497/2044 1639/2123/1692
f 1637/2125/1694 1639/2123/1692 1638/2497/2044
f 1638/2497/2044 1636/2498/2045 1637/2125/1694
f 1635/2127/1696 1637/2125/1694 1636/2498/2045
f 1636/2498/2045 1634/2499/2046 1635/2127/1696
f 1633/2129/1698 1635/2127/1696 1634/2499/2046
f 1634/2499/2046 1632/2500/2047 1633/2129/1698
f 1631/2131/1700 1633/2129/1698 1632/2500/2047
f 1632/2500/2047 1630/2501/2048 1631/2131/1700
f 1628/2133/1702 1631/2131/1700 1630/2501/2048
f 1630/2501/2048 1578/2391/1938 1628/2133/1702
f 1624/2138/1707 1627/2137/1706 1625/2502/2049
f 1625/2502/2049 1623/2503/2050 1624/2138/1707
f 1622/2141/1710 1624/2138/1707 1623/2503/2050
f 1623/2503/2050 1621/2504/2051 1622/2141/1710
f 1620/2143/1712 1622/2141/1710 1621/2504/2051
f 1621/2504/2051 1619/2505/2052 1620/2143/1712
f 1618/2145/1714 1620/2143/1712 1619/2505/2052
f 1619/2505/2052 1617/2506/2053 1618/2145/1714
f 1663/2102/1671 1618/2145/1714 1617/2506/2053
f 1617/2506/2053 1662/2485/2032 1663/2102/1671
f 1665/2447/1994 1671/2460/2007 1672/2095/1664
f 1672/2095/1664 1664/2098/1667 1665/2447/1994
f 1674/2464/2011 1683/2482/2029 1684/2097/1666
f 1684/2097/1666 1673/2096/1665 1674/2464/2011
f 1675/2466/2013 1682/2480/2027 1683/2482/2029
f 1683/2482/2029 1674/2464/2011 1675/2466/2013
f 1676/2468/2015 1681/2478/2025 1682/2480/2027
f 1682/2480/2027 1675/2466/2013 1676/2468/2015
f 1677/2470/2017 1680/2476/2023 1681/2478/2025
f 1681/2478/2025 1676/2468/2015 1677/2470/2017
f 1678/2472/2019 1679/2474/2021 1680/2476/2023
f 1680/2476/2023 1677/2470/2017 1678/2472/2019
f 1666/2450/1997 1670/2458/2005 1671/2460/2007
f 1671/2460/2007 1665/2447/1994 1666/2450/1997
f 1667/2452/1999 1669/2456/2003 1670/2458/2005
f 1670/2458/2005 1666/2450/1997 1667/2452/1999
f 1667/2452/1999 1626/2387/1934 1668/2454/2001
f 1668/2454/2001 1669/2456/2003 1667/2452/1999
f 1626/2387/1934 1561/2332/1881 1417/2333/1882
f 1417/2333/1882 1579/2336/1885 1629/2390/1937
f 1626/2387/1934 1417/2333/1882 1629/2390/1937
f 1626/2387/1934 1629/2390/1937 1668/2454/2001
f 1536/2298/1847 1688/2507/1719 1689/2508/1719
f 1689/2508/1719 1535/2296/1845 1536/2298/1847
f 1537/2300/1849 1687/2509/1719 1688/2507/1719
f 1688/2507/1719 1536/2298/1847 1537/2300/1849
f 1538/2302/1851 1686/2510/1719 1687/2509/1719
f 1687/2509/1719 1537/2300/1849 1538/2302/1851
f 1539/2304/1853 1685/2511/1719 1686/2510/1719
f 1686/2510/1719 1538/2302/1851 1539/2304/1853
f 1540/2306/1855 1541/2308/1857 1685/2511/1719
f 1685/2511/1719 1539/2304/1853 1540/2306/1855
f 1534/2294/1843 1535/2296/1845 1689/2508/1719
f 1689/2508/1719 1690/2512/1719 1534/2294/1843
f 1533/2292/1841 1534/2294/1843 1690/2512/1719
f 1690/2512/1719 1691/2513/1719 1533/2292/1841
f 1532/2290/1839 1533/2292/1841 1691/2513/1719
f 1691/2513/1719 1692/2514/1719 1532/2290/1839
f 1531/2149/1718 1532/2290/1839 1692/2514/1719
f 1692/2514/1719 1693/2150/1719 1531/2149/1718
f 1542/2310/1859 1543/2312/1861 1685/2511/1719
f 1685/2511/1719 1541/2308/1857 1542/2310/1859
f 1543/2312/1861 1544/2314/1863 1686/2510/1719
f 1686/2510/1719 1685/2511/1719 1543/2312/1861
f 1544/2314/1863 1545/2316/1865 1687/2509/1719
f 1687/2509/1719 1686/2510/1719 1544/2314/1863
f 1545/2316/1865 1546/2318/1867 1688/2507/1719
f 1688/2507/1719 1687/2509/1719 1545/2316/1865
f 1546/2318/1867 1547/2320/1869 1689/2508/1719
f 1689/2508/1719 1688/2507/1719 1546/2318/1867
f 1689/2508/1719 1547/2320/1869 1548/2322/1871
f 1548/2322/1871 1690/2512/1719 1689/2508/1719
f 1690/2512/1719 1548/2322/1871 1549/2324/1873
f 1549/2324/1873 1691/2513/1719 1690/2512/1719
f 1691/2513/1719 1549/2324/1873 1550/2326/1875
f 1550/2326/1875 1692/2514/1719 1691/2513/1719
f 1692/2514/1719 1550/2326/1875 1551/2328/1877
f 1551/2328/1877 1693/2150/1719 1692/2514/1719
f 1529/2147/1716 1693/2150/1719 1551/2328/1877
f 1551/2328/1877 1528/2286/1835 1529/2147/1716
o OptionsWheel_Lowpoly_Mesh.003
v 0.997892 0.926750 0.009845
v 0.987182 0.912478 0.012714
v 0.989310 0.926750 -0.055341
v 0.978223 0.912478 -0.055341
v 1.023052 0.926750 0.070588
v 1.013451 0.912478 0.076131
v 1.063077 0.926750 0.122749
v 1.055238 0.912478 0.130589
v 1.115239 0.926750 0.162774
v 1.109695 0.912478 0.172376
v 1.175982 0.926750 0.187935
v 1.173112 0.912478 0.198644
v 1.241168 0.926750 0.196517
v 1.241168 0.912478 0.207604
v 1.306353 0.926750 0.187935
v 1.309223 0.912478 0.198644
v 1.367096 0.926750 0.162774
v 1.372640 0.912478 0.172376
v 1.419258 0.926750 0.122749
v 1.427097 0.912478 0.130589
v 1.459283 0.926750 0.070588
v 1.468884 0.912478 0.076131
v 1.484443 0.926750 0.009845
v 1.495152 0.912478 0.012714
v 1.493025 0.926750 -0.055341
v 1.504112 0.912478 -0.055341
v 1.484443 0.926750 -0.120527
v 1.495152 0.912478 -0.123396
v 1.459283 0.926750 -0.181270
v 1.468884 0.912478 -0.186813
v 1.419258 0.926750 -0.233431
v 1.427097 0.912478 -0.241271
v 1.367096 0.926750 -0.273456
v 1.372640 0.912478 -0.283058
v 1.306353 0.926750 -0.298617
v 1.309222 0.912478 -0.309326
v 1.241167 0.926750 -0.307199
v 1.241167 0.912478 -0.318286
v 1.175982 0.926750 -0.298617
v 1.173112 0.912478 -0.309326
v 1.115239 0.926750 -0.273456
v 1.109695 0.912478 -0.283058
v 1.063077 0.926750 -0.233431
v 1.055238 0.912478 -0.241271
v 1.023052 0.926750 -0.181270
v 1.013451 0.912478 -0.186813
v 0.997892 0.926750 -0.120527
v 0.987182 0.912478 -0.123396
v 1.013144 0.936770 -0.116440
v 1.005100 0.936770 -0.055341
v 1.013144 0.936770 0.005758
v 1.036727 0.936770 0.062693
v 1.074243 0.936770 0.111584
v 1.123134 0.936770 0.149099
v 1.180069 0.936770 0.172682
v 1.241168 0.936770 0.180726
v 1.302266 0.936770 0.172682
v 1.359201 0.936770 0.149099
v 1.408092 0.936770 0.111584
v 1.445607 0.936770 0.062692
v 1.469191 0.936770 0.005758
v 1.477234 0.936770 -0.055341
v 1.469191 0.936770 -0.116440
v 1.445607 0.936770 -0.173374
v 1.408092 0.936770 -0.222266
v 1.359201 0.936770 -0.259781
v 1.302266 0.936770 -0.283364
v 1.241167 0.936770 -0.291408
v 1.180069 0.936770 -0.283364
v 1.123134 0.936770 -0.259781
v 1.074243 0.936770 -0.222266
v 1.036727 0.936770 -0.173375
v 1.109651 0.947087 -0.090581
v 1.105012 0.947087 -0.055341
v 1.109651 0.947087 -0.020101
v 1.123253 0.947087 0.012737
v 1.144891 0.947087 0.040936
v 1.173090 0.947087 0.062573
v 1.205928 0.947087 0.076175
v 1.241167 0.947087 0.080815
v 1.276407 0.947087 0.076175
v 1.309245 0.947087 0.062573
v 1.337444 0.947087 0.040935
v 1.359082 0.947087 0.012737
v 1.372684 0.947087 -0.020101
v 1.377323 0.947087 -0.055341
v 1.372684 0.947087 -0.090581
v 1.359082 0.947087 -0.123419
v 1.337444 0.947088 -0.151617
v 1.309245 0.947088 -0.173255
v 1.276407 0.947088 -0.186857
v 1.241167 0.947088 -0.191497
v 1.205928 0.947088 -0.186857
v 1.173090 0.947088 -0.173255
v 1.144891 0.947088 -0.151618
v 1.123253 0.947087 -0.123419
v 0.990814 0.846008 -0.122423
v 0.987182 0.850848 -0.123396
v 1.016707 0.846008 -0.184933
v 1.013451 0.850848 -0.186813
v 1.057896 0.846008 -0.238612
v 1.055238 0.850848 -0.241271
v 1.111575 0.846008 -0.279802
v 1.109695 0.850848 -0.283058
v 1.174085 0.846008 -0.305694
v 1.173112 0.850848 -0.309326
v 1.241167 0.846008 -0.314526
v 1.241167 0.850848 -0.318286
v 1.308249 0.846008 -0.305694
v 1.309222 0.850848 -0.309326
v 1.370760 0.846008 -0.279802
v 1.372640 0.850848 -0.283058
v 1.424439 0.846008 -0.238612
v 1.427097 0.850848 -0.241271
v 1.465628 0.846008 -0.184933
v 1.468884 0.850848 -0.186813
v 1.491521 0.846008 -0.122423
v 1.495152 0.850848 -0.123396
v 1.500352 0.846008 -0.055341
v 1.504112 0.850848 -0.055341
v 1.491521 0.846008 0.011741
v 1.495152 0.850848 0.012714
v 1.465628 0.846008 0.074251
v 1.468884 0.850848 0.076131
v 1.424439 0.846008 0.127930
v 1.427097 0.850848 0.130589
v 1.370760 0.846008 0.169120
v 1.372640 0.850848 0.172376
v 1.308249 0.846008 0.195012
v 1.309223 0.850848 0.198644
v 1.241168 0.846008 0.203844
v 1.241168 0.850848 0.207604
v 1.174085 0.846008 0.195012
v 1.173112 0.850848 0.198644
v 1.111575 0.846008 0.169120
v 1.109695 0.850848 0.172376
v 1.057896 0.846008 0.127930
v 1.055238 0.850848 0.130589
v 1.016707 0.846008 0.074251
v 1.013451 0.850848 0.076131
v 0.990814 0.846008 0.011741
v 0.987182 0.850848 0.012714
v 0.981983 0.846008 -0.055341
v 0.978223 0.850848 -0.055341
v 0.995987 0.842610 -0.121037
v 1.021344 0.842610 -0.182256
v 1.061683 0.842610 -0.234826
v 1.114253 0.842610 -0.275164
v 1.175472 0.842610 -0.300522
v 1.241167 0.842610 -0.309171
v 1.306863 0.842610 -0.300522
v 1.368082 0.842610 -0.275164
v 1.420652 0.842610 -0.234826
v 1.460990 0.842610 -0.182256
v 1.486348 0.842610 -0.121037
v 1.494997 0.842610 -0.055341
v 1.486348 0.842610 0.010355
v 1.460991 0.842610 0.071574
v 1.420652 0.842610 0.124144
v 1.368082 0.842610 0.164482
v 1.306863 0.842610 0.189840
v 1.241168 0.842610 0.198489
v 1.175472 0.842610 0.189840
v 1.114253 0.842610 0.164482
v 1.061683 0.842610 0.124144
v 1.021344 0.842610 0.071574
v 0.995987 0.842610 0.010355
v 0.987338 0.842610 -0.055341
v 1.005519 0.834924 -0.118483
v 1.029891 0.834924 -0.177322
v 1.068661 0.834924 -0.227848
v 1.119187 0.834924 -0.266618
v 1.178026 0.834924 -0.290990
v 1.241167 0.834924 -0.299303
v 1.304309 0.834924 -0.290990
v 1.363148 0.834924 -0.266618
v 1.413674 0.834924 -0.227848
v 1.452444 0.834924 -0.177322
v 1.476816 0.834924 -0.118483
v 1.485129 0.834924 -0.055341
v 1.476816 0.834924 0.007801
v 1.452444 0.834924 0.066640
v 1.413674 0.834924 0.117166
v 1.363148 0.834924 0.155936
v 1.304309 0.834924 0.180308
v 1.241168 0.834924 0.188620
v 1.178026 0.834924 0.180308
v 1.119187 0.834924 0.155936
v 1.068661 0.834924 0.117166
v 1.029891 0.834924 0.066640
v 1.005519 0.834924 0.007801
v 0.997206 0.834924 -0.055341
v 1.005519 0.818558 -0.118483
v 1.029891 0.818558 -0.177322
v 1.068661 0.818558 -0.227848
v 1.119187 0.818558 -0.266618
v 1.178026 0.818558 -0.290990
v 1.241167 0.818558 -0.299303
v 1.304309 0.818558 -0.290990
v 1.363148 0.818558 -0.266618
v 1.413674 0.818558 -0.227848
v 1.452444 0.818558 -0.177322
v 1.476816 0.818558 -0.118483
v 1.485129 0.818558 -0.055341
v 1.476816 0.818558 0.007801
v 1.452444 0.818558 0.066640
v 1.413674 0.818558 0.117166
v 1.363148 0.818558 0.155936
v 1.304309 0.818558 0.180308
v 1.241168 0.818558 0.188620
v 1.178026 0.818558 0.180308
v 1.119187 0.818558 0.155936
v 1.068661 0.818558 0.117166
v 1.029891 0.818558 0.066640
v 1.005519 0.818558 0.007801
v 0.997206 0.818558 -0.055341
v 1.359082 0.947087 -0.055341
v 1.337444 0.947087 -0.055341
v 1.309245 0.947087 -0.055341
v 1.276407 0.947087 -0.055341
v 1.241167 0.947087 -0.055341
v 1.205928 0.947087 -0.055341
v 1.173090 0.947087 -0.055341
v 1.144891 0.947087 -0.055341
v 1.123253 0.947087 -0.055341
v 1.452444 0.818558 -0.055341
v 1.413674 0.818558 -0.055341
v 1.363148 0.818558 -0.055341
v 1.304309 0.818558 -0.055341
v 1.241167 0.818558 -0.055341
v 1.178026 0.818558 -0.055341
v 1.119187 0.818558 -0.055341
v 1.068661 0.818558 -0.055341
v 1.029891 0.818558 -0.055341
vt 0.275087 0.403929
vt 0.275087 0.410085
vt 0.264860 0.410085
vt 0.264860 0.403929
vt 0.284588 0.403929
vt 0.284588 0.410085
vt 0.293917 0.403929
vt 0.293917 0.410085
vt 0.303351 0.403929
vt 0.303351 0.410085
vt 0.313302 0.403929
vt 0.313302 0.410085
vt 0.323749 0.403929
vt 0.323749 0.410085
vt 0.333976 0.403929
vt 0.333976 0.410085
vt 0.343449 0.403929
vt 0.343449 0.410085
vt 0.352507 0.403929
vt 0.352507 0.410085
vt 0.362057 0.403929
vt 0.362057 0.410085
vt 0.372108 0.403929
vt 0.372108 0.410085
vt 0.382554 0.403929
vt 0.382554 0.410085
vt 0.392781 0.403929
vt 0.392781 0.410085
vt 0.402457 0.403929
vt 0.402457 0.410085
vt 0.411944 0.403929
vt 0.411944 0.410085
vt 0.185307 0.403929
vt 0.185307 0.410085
vt 0.175718 0.410085
vt 0.175718 0.403929
vt 0.195357 0.403929
vt 0.195357 0.410085
vt 0.205804 0.403929
vt 0.205804 0.410085
vt 0.215961 0.403929
vt 0.215961 0.410085
vt 0.225398 0.403929
vt 0.225398 0.410085
vt 0.234723 0.403929
vt 0.234723 0.410085
vt 0.244363 0.403929
vt 0.244363 0.410085
vt 0.254414 0.403929
vt 0.254414 0.410085
vt 0.304669 0.623764
vt 0.310305 0.622307
vt 0.316127 0.622357
vt 0.305788 0.626535
vt 0.275087 0.412637
vt 0.264860 0.412637
vt 0.284588 0.412637
vt 0.293917 0.412637
vt 0.303351 0.412637
vt 0.313302 0.412637
vt 0.323749 0.412637
vt 0.333976 0.412637
vt 0.343449 0.412637
vt 0.352507 0.412637
vt 0.362057 0.412637
vt 0.372108 0.412637
vt 0.382554 0.412637
vt 0.392781 0.412637
vt 0.402457 0.412637
vt 0.411944 0.412637
vt 0.185307 0.412637
vt 0.175718 0.412637
vt 0.195357 0.412637
vt 0.205804 0.412637
vt 0.215961 0.412637
vt 0.225398 0.412637
vt 0.234723 0.412637
vt 0.244363 0.412637
vt 0.254414 0.412637
vt 0.298538 0.608591
vt 0.289752 0.613561
vt 0.288196 0.611496
vt 0.297569 0.606192
vt 0.308311 0.606063
vt 0.307995 0.603496
vt 0.318405 0.606151
vt 0.318765 0.603590
vt 0.328132 0.608849
vt 0.329142 0.606468
vt 0.336829 0.613972
vt 0.338421 0.611934
vt 0.343904 0.621172
vt 0.345970 0.619615
vt 0.348875 0.629957
vt 0.351273 0.628988
vt 0.351402 0.639730
vt 0.353969 0.639415
vt 0.351314 0.649824
vt 0.353875 0.650184
vt 0.348617 0.659551
vt 0.350997 0.660562
vt 0.343493 0.668248
vt 0.345532 0.669841
vt 0.336294 0.675323
vt 0.337850 0.677389
vt 0.327508 0.680294
vt 0.328477 0.682692
vt 0.317735 0.682822
vt 0.318051 0.685389
vt 0.307642 0.682733
vt 0.307282 0.685295
vt 0.297915 0.680036
vt 0.296904 0.682417
vt 0.289217 0.674913
vt 0.287625 0.676951
vt 0.282142 0.667713
vt 0.280076 0.669270
vt 0.277171 0.658928
vt 0.274773 0.659896
vt 0.274644 0.649155
vt 0.272077 0.649470
vt 0.274732 0.639061
vt 0.272171 0.638701
vt 0.277430 0.629334
vt 0.275049 0.628323
vt 0.282553 0.620636
vt 0.280515 0.619044
vt 0.299601 0.626631
vt 0.321737 0.623913
vt 0.326754 0.626868
vt 0.330834 0.631021
vt 0.333701 0.636088
vt 0.335159 0.641724
vt 0.335108 0.647546
vt 0.333552 0.653156
vt 0.330597 0.658173
vt 0.326445 0.662253
vt 0.321378 0.665121
vt 0.315741 0.666578
vt 0.309919 0.666527
vt 0.304309 0.664971
vt 0.299293 0.662017
vt 0.295212 0.657864
vt 0.292345 0.652797
vt 0.290887 0.647160
vt 0.290938 0.641339
vt 0.292494 0.635728
vt 0.295449 0.630712
vt 0.295039 0.481579
vt 0.281947 0.468715
vt 0.282840 0.467530
vt 0.296208 0.480666
vt 0.304354 0.497394
vt 0.305720 0.496814
vt 0.309259 0.515081
vt 0.310728 0.514874
vt 0.309419 0.533434
vt 0.310892 0.533615
vt 0.304824 0.551204
vt 0.306199 0.551760
vt 0.295786 0.567179
vt 0.296971 0.568071
vt 0.282921 0.580270
vt 0.283834 0.581439
vt 0.267107 0.589585
vt 0.267686 0.590951
vt 0.249420 0.594491
vt 0.249626 0.595960
vt 0.231066 0.594651
vt 0.230885 0.596123
vt 0.213296 0.590055
vt 0.212741 0.591430
vt 0.197322 0.581017
vt 0.196429 0.582202
vt 0.184230 0.568152
vt 0.183062 0.569065
vt 0.174915 0.552338
vt 0.173550 0.552917
vt 0.170010 0.534651
vt 0.168541 0.534857
vt 0.169850 0.516297
vt 0.168378 0.516117
vt 0.174445 0.498528
vt 0.173070 0.497972
vt 0.183483 0.482553
vt 0.182299 0.481660
vt 0.196348 0.469462
vt 0.195435 0.468293
vt 0.212163 0.460146
vt 0.211583 0.458781
vt 0.229850 0.455241
vt 0.229643 0.453772
vt 0.248203 0.455081
vt 0.248384 0.453609
vt 0.265973 0.459677
vt 0.266528 0.458301
vt 0.264860 0.400090
vt 0.275087 0.400090
vt 0.284588 0.400090
vt 0.293917 0.400090
vt 0.303351 0.400090
vt 0.313302 0.400090
vt 0.323749 0.400090
vt 0.333976 0.400090
vt 0.343449 0.400090
vt 0.352507 0.400090
vt 0.362057 0.400090
vt 0.372108 0.400090
vt 0.382554 0.400090
vt 0.392781 0.400090
vt 0.402457 0.400090
vt 0.411944 0.400090
vt 0.175718 0.400090
vt 0.185307 0.400090
vt 0.195357 0.400090
vt 0.205804 0.400090
vt 0.215961 0.400090
vt 0.225398 0.400090
vt 0.234723 0.400090
vt 0.244363 0.400090
vt 0.254414 0.400090
vt 0.292885 0.483262
vt 0.280303 0.470898
vt 0.301838 0.498462
vt 0.306552 0.515461
vt 0.306706 0.533101
vt 0.302289 0.550180
vt 0.293603 0.565534
vt 0.281238 0.578116
vt 0.266038 0.587069
vt 0.249039 0.591784
vt 0.231399 0.591938
vt 0.214320 0.587521
vt 0.198967 0.578834
vt 0.186384 0.566469
vt 0.177431 0.551270
vt 0.172717 0.534271
vt 0.172563 0.516630
vt 0.176980 0.499551
vt 0.185666 0.484198
vt 0.198031 0.471616
vt 0.213231 0.462662
vt 0.230230 0.457948
vt 0.247870 0.457794
vt 0.264949 0.462211
vt 0.213462 0.604254
vt 0.212721 0.598982
vt 0.223093 0.598892
vt 0.233136 0.601489
vt 0.604951 0.100878
vt 0.604951 0.091621
vt 0.607526 0.091621
vt 0.607526 0.100878
vt 0.604951 0.083671
vt 0.607526 0.083671
vt 0.604951 0.075722
vt 0.607526 0.075722
vt 0.604951 0.066464
vt 0.607526 0.066464
vt 0.604951 0.056530
vt 0.607526 0.056530
vt 0.604951 0.046595
vt 0.607526 0.046595
vt 0.604951 0.037338
vt 0.607526 0.037338
vt 0.604951 0.029388
vt 0.607526 0.029388
vt 0.604951 0.246517
vt 0.604951 0.238568
vt 0.607526 0.238568
vt 0.607526 0.246517
vt 0.604951 0.229310
vt 0.607526 0.229310
vt 0.604951 0.219376
vt 0.607526 0.219376
vt 0.604951 0.209442
vt 0.607526 0.209442
vt 0.604951 0.200184
vt 0.607526 0.200184
vt 0.604951 0.192235
vt 0.607526 0.192235
vt 0.604951 0.184286
vt 0.607526 0.184286
vt 0.604951 0.175028
vt 0.607526 0.175028
vt 0.604951 0.165094
vt 0.607526 0.165094
vt 0.604951 0.155160
vt 0.607526 0.155160
vt 0.604951 0.145903
vt 0.607526 0.145903
vt 0.604951 0.137953
vt 0.607526 0.137953
vt 0.604951 0.130004
vt 0.607526 0.130004
vt 0.604951 0.120747
vt 0.607526 0.120747
vt 0.604951 0.110812
vt 0.607526 0.110812
vt 0.315185 0.649794
vt 0.313023 0.644442
vt 0.317200 0.654781
vt 0.318931 0.659064
vt 0.320258 0.662350
vt 0.310861 0.639091
vt 0.308846 0.634103
vt 0.307116 0.629821
vt 0.257689 0.643173
vt 0.219682 0.648514
vt 0.218251 0.638330
vt 0.257599 0.632800
vt 0.254827 0.622805
vt 0.216820 0.628146
vt 0.255092 0.653215
vt 0.221016 0.658004
vt 0.249984 0.662243
vt 0.222161 0.666153
vt 0.249562 0.613867
vt 0.215486 0.618656
vt 0.242164 0.606597
vt 0.214341 0.610507
vt 0.242714 0.669641
vt 0.223040 0.672406
vt 0.233777 0.674906
vt 0.223781 0.677678
vt 0.213409 0.677769
vt 0.203366 0.675171
vt 0.194338 0.670064
vt 0.186940 0.662793
vt 0.181675 0.653856
vt 0.178903 0.643860
vt 0.178813 0.633488
vt 0.181410 0.623445
vt 0.186518 0.614417
vt 0.193788 0.607019
vt 0.202726 0.601754
vn -0.9163 -0.3163 0.2455
vn -0.9163 0.3163 0.2455
vn -0.9487 0.3163 0.0000
vn -0.9487 -0.3163 0.0000
vn -0.8216 -0.3163 0.4743
vn -0.8216 0.3163 0.4743
vn -0.6708 -0.3163 0.6708
vn -0.6708 0.3163 0.6708
vn -0.4743 -0.3163 0.8216
vn -0.4743 0.3163 0.8216
vn -0.2455 -0.3163 0.9163
vn -0.2455 0.3163 0.9163
vn 0.0000 -0.3163 0.9487
vn 0.0000 0.3163 0.9487
vn 0.2455 -0.3163 0.9163
vn 0.2455 0.3163 0.9163
vn 0.4743 -0.3163 0.8216
vn 0.4743 0.3163 0.8216
vn 0.6708 -0.3163 0.6708
vn 0.6708 0.3163 0.6708
vn 0.8216 -0.3163 0.4743
vn 0.8216 0.3163 0.4743
vn 0.9163 -0.3163 0.2455
vn 0.9163 0.3163 0.2455
vn 0.9487 -0.3163 0.0000
vn 0.9487 0.3163 -0.0000
vn 0.9163 -0.3163 -0.2455
vn 0.9163 0.3163 -0.2455
vn 0.8216 -0.3163 -0.4743
vn 0.8216 0.3163 -0.4743
vn 0.6708 -0.3163 -0.6708
vn 0.6708 0.3163 -0.6708
vn 0.4743 -0.3163 -0.8216
vn 0.4743 0.3163 -0.8216
vn 0.2455 -0.3163 -0.9163
vn 0.2455 0.3163 -0.9163
vn 0.0000 -0.3163 -0.9487
vn 0.0000 0.3163 -0.9487
vn -0.2455 -0.3163 -0.9163
vn -0.2455 0.3163 -0.9163
vn -0.4743 -0.3163 -0.8216
vn -0.4743 0.3163 -0.8216
vn -0.6708 -0.3163 -0.6708
vn -0.6708 0.3163 -0.6708
vn -0.8216 -0.3163 -0.4743
vn -0.8216 0.3163 -0.4743
vn -0.9163 -0.3163 -0.2455
vn -0.9163 0.3163 -0.2455
vn -0.0557 0.9984 -0.0000
vn -0.0538 0.9984 0.0144
vn -0.0482 0.9984 0.0279
vn -0.0000 1.0000 -0.0000
vn -0.7628 0.6135 0.2044
vn -0.7897 0.6135 0.0000
vn -0.6839 0.6135 0.3948
vn -0.5584 0.6135 0.5584
vn -0.3948 0.6135 0.6839
vn -0.2044 0.6135 0.7628
vn 0.0000 0.6135 0.7897
vn 0.2044 0.6135 0.7628
vn 0.3949 0.6135 0.6839
vn 0.5584 0.6135 0.5584
vn 0.6839 0.6135 0.3948
vn 0.7628 0.6135 0.2044
vn 0.7897 0.6135 -0.0000
vn 0.7628 0.6135 -0.2044
vn 0.6839 0.6135 -0.3949
vn 0.5584 0.6135 -0.5584
vn 0.3948 0.6135 -0.6839
vn 0.2044 0.6135 -0.7628
vn 0.0000 0.6135 -0.7897
vn -0.2044 0.6135 -0.7628
vn -0.3948 0.6135 -0.6839
vn -0.5584 0.6135 -0.5584
vn -0.6839 0.6135 -0.3949
vn -0.7628 0.6135 -0.2044
vn -0.3448 0.9387 0.0000
vn -0.3331 0.9387 -0.0892
vn -0.5175 0.8443 -0.1387
vn -0.5358 0.8443 0.0000
vn -0.3331 0.9387 0.0892
vn -0.5175 0.8443 0.1387
vn -0.2986 0.9387 0.1724
vn -0.4640 0.8443 0.2679
vn -0.2438 0.9387 0.2438
vn -0.3789 0.8443 0.3789
vn -0.1724 0.9387 0.2986
vn -0.2679 0.8443 0.4640
vn -0.0892 0.9387 0.3331
vn -0.1387 0.8443 0.5175
vn 0.0000 0.9387 0.3448
vn 0.0000 0.8443 0.5358
vn 0.0892 0.9387 0.3331
vn 0.1387 0.8443 0.5175
vn 0.1724 0.9387 0.2986
vn 0.2679 0.8443 0.4640
vn 0.2438 0.9387 0.2438
vn 0.3789 0.8443 0.3789
vn 0.2986 0.9387 0.1724
vn 0.4640 0.8443 0.2679
vn 0.3331 0.9387 0.0892
vn 0.5175 0.8443 0.1387
vn 0.3448 0.9387 0.0000
vn 0.5358 0.8443 0.0000
vn 0.3331 0.9387 -0.0892
vn 0.5175 0.8443 -0.1387
vn 0.2986 0.9387 -0.1724
vn 0.4640 0.8443 -0.2679
vn 0.2438 0.9387 -0.2438
vn 0.3789 0.8443 -0.3789
vn 0.1724 0.9387 -0.2986
vn 0.2679 0.8443 -0.4640
vn 0.0892 0.9387 -0.3331
vn 0.1387 0.8443 -0.5175
vn 0.0000 0.9387 -0.3448
vn 0.0000 0.8443 -0.5358
vn -0.0892 0.9387 -0.3331
vn -0.1387 0.8443 -0.5175
vn -0.1724 0.9387 -0.2986
vn -0.2679 0.8443 -0.4640
vn -0.2438 0.9387 -0.2438
vn -0.3789 0.8443 -0.3789
vn -0.2986 0.9387 -0.1724
vn -0.4640 0.8443 -0.2679
vn -0.0538 0.9984 -0.0144
vn -0.0394 0.9984 0.0394
vn -0.0279 0.9984 0.0482
vn -0.0144 0.9984 0.0538
vn 0.0000 0.9984 0.0557
vn 0.0144 0.9984 0.0538
vn 0.0279 0.9984 0.0482
vn 0.0394 0.9984 0.0394
vn 0.0482 0.9984 0.0279
vn 0.0538 0.9984 0.0144
vn 0.0557 0.9984 0.0000
vn 0.0538 0.9984 -0.0144
vn 0.0482 0.9984 -0.0279
vn 0.0394 0.9984 -0.0394
vn 0.0279 0.9984 -0.0482
vn 0.0144 0.9984 -0.0538
vn 0.0000 0.9984 -0.0557
vn -0.0144 0.9984 -0.0538
vn -0.0279 0.9984 -0.0482
vn -0.0394 0.9984 -0.0394
vn -0.0482 0.9984 -0.0279
vn -0.4963 -0.8195 -0.2866
vn -0.5536 -0.8195 -0.1483
vn -0.5175 -0.8443 -0.1387
vn -0.4640 -0.8443 -0.2679
vn -0.4053 -0.8195 -0.4053
vn -0.3789 -0.8443 -0.3789
vn -0.2866 -0.8195 -0.4963
vn -0.2679 -0.8443 -0.4640
vn -0.1483 -0.8195 -0.5536
vn -0.1387 -0.8443 -0.5175
vn 0.0000 -0.8195 -0.5731
vn 0.0000 -0.8443 -0.5358
vn 0.1483 -0.8195 -0.5536
vn 0.1387 -0.8443 -0.5175
vn 0.2866 -0.8195 -0.4963
vn 0.2679 -0.8443 -0.4640
vn 0.4053 -0.8195 -0.4053
vn 0.3789 -0.8443 -0.3789
vn 0.4963 -0.8195 -0.2866
vn 0.4640 -0.8443 -0.2679
vn 0.5536 -0.8195 -0.1483
vn 0.5175 -0.8443 -0.1387
vn 0.5731 -0.8195 0.0000
vn 0.5358 -0.8443 0.0000
vn 0.5536 -0.8195 0.1483
vn 0.5175 -0.8443 0.1387
vn 0.4963 -0.8195 0.2866
vn 0.4640 -0.8443 0.2679
vn 0.4053 -0.8195 0.4053
vn 0.3789 -0.8443 0.3789
vn 0.2866 -0.8195 0.4963
vn 0.2679 -0.8443 0.4640
vn 0.1483 -0.8195 0.5536
vn 0.1387 -0.8443 0.5175
vn 0.0000 -0.8195 0.5731
vn -0.0000 -0.8443 0.5358
vn -0.1483 -0.8195 0.5536
vn -0.1387 -0.8443 0.5175
vn -0.2866 -0.8195 0.4963
vn -0.2679 -0.8443 0.4640
vn -0.4053 -0.8195 0.4053
vn -0.3789 -0.8443 0.3789
vn -0.4963 -0.8195 0.2866
vn -0.4640 -0.8443 0.2679
vn -0.5536 -0.8195 0.1483
vn -0.5175 -0.8443 0.1387
vn -0.5731 -0.8195 -0.0000
vn -0.5358 -0.8443 -0.0000
vn -0.7897 -0.6135 0.0000
vn -0.7628 -0.6135 0.2044
vn -0.6839 -0.6135 0.3949
vn -0.5584 -0.6135 0.5584
vn -0.3948 -0.6135 0.6839
vn -0.2044 -0.6135 0.7628
vn 0.0000 -0.6135 0.7897
vn 0.2044 -0.6135 0.7628
vn 0.3949 -0.6135 0.6839
vn 0.5584 -0.6135 0.5584
vn 0.6839 -0.6135 0.3948
vn 0.7628 -0.6135 0.2044
vn 0.7897 -0.6135 0.0000
vn 0.7628 -0.6135 -0.2044
vn 0.6839 -0.6135 -0.3949
vn 0.5584 -0.6135 -0.5584
vn 0.3948 -0.6135 -0.6839
vn 0.2044 -0.6135 -0.7628
vn 0.0000 -0.6135 -0.7897
vn -0.2044 -0.6135 -0.7628
vn -0.3948 -0.6135 -0.6839
vn -0.5584 -0.6135 -0.5584
vn -0.6839 -0.6135 -0.3949
vn -0.7628 -0.6135 -0.2044
vn -0.5322 -0.7889 -0.3072
vn -0.5936 -0.7889 -0.1590
vn -0.4345 -0.7889 -0.4345
vn -0.3072 -0.7889 -0.5322
vn -0.1590 -0.7889 -0.5935
vn -0.0000 -0.7889 -0.6145
vn 0.1590 -0.7889 -0.5936
vn 0.3072 -0.7889 -0.5322
vn 0.4345 -0.7889 -0.4345
vn 0.5322 -0.7889 -0.3072
vn 0.5936 -0.7889 -0.1590
vn 0.6145 -0.7889 0.0000
vn 0.5936 -0.7889 0.1590
vn 0.5322 -0.7889 0.3072
vn 0.4345 -0.7889 0.4345
vn 0.3072 -0.7889 0.5322
vn 0.1590 -0.7889 0.5936
vn 0.0000 -0.7889 0.6145
vn -0.1590 -0.7889 0.5936
vn -0.3072 -0.7889 0.5322
vn -0.4345 -0.7889 0.4345
vn -0.5322 -0.7889 0.3072
vn -0.5936 -0.7889 0.1590
vn -0.6145 -0.7889 0.0000
vn 0.0000 -1.0000 0.0000
vn -0.9659 0.0000 -0.2588
vn -0.8660 0.0000 -0.5000
vn -0.7071 0.0000 -0.7071
vn -0.5000 -0.0000 -0.8660
vn -0.2588 -0.0000 -0.9659
vn -0.0000 -0.0000 -1.0000
vn 0.2588 -0.0000 -0.9659
vn 0.5000 0.0000 -0.8660
vn 0.7071 0.0000 -0.7071
vn 0.8660 0.0000 -0.5000
vn 0.9659 0.0000 -0.2588
vn 1.0000 0.0000 0.0000
vn 0.9659 0.0000 0.2588
vn 0.8660 0.0000 0.5000
vn 0.7071 0.0000 0.7071
vn 0.5000 0.0000 0.8660
vn 0.2588 0.0000 0.9659
vn 0.0000 0.0000 1.0000
vn -0.2588 0.0000 0.9659
vn -0.5000 0.0000 0.8660
vn -0.7071 0.0000 0.7071
vn -0.8660 0.0000 0.5000
vn -0.9659 0.0000 0.2588
vn -1.0000 0.0000 0.0000
usemtl Camera
s 1
f 1835/2515/2054 1695/2516/2055 1697/2517/2056 1837/2518/2057
f 1833/2519/2058 1699/2520/2059 1695/2516/2055 1835/2515/2054
f 1831/2521/2060 1701/2522/2061 1699/2520/2059 1833/2519/2058
f 1829/2523/2062 1703/2524/2063 1701/2522/2061 1831/2521/2060
f 1827/2525/2064 1705/2526/2065 1703/2524/2063 1829/2523/2062
f 1825/2527/2066 1707/2528/2067 1705/2526/2065 1827/2525/2064
f 1823/2529/2068 1709/2530/2069 1707/2528/2067 1825/2527/2066
f 1821/2531/2070 1711/2532/2071 1709/2530/2069 1823/2529/2068
f 1819/2533/2072 1713/2534/2073 1711/2532/2071 1821/2531/2070
f 1817/2535/2074 1715/2536/2075 1713/2534/2073 1819/2533/2072
f 1815/2537/2076 1717/2538/2077 1715/2536/2075 1817/2535/2074
f 1813/2539/2078 1719/2540/2079 1717/2538/2077 1815/2537/2076
f 1811/2541/2080 1721/2542/2081 1719/2540/2079 1813/2539/2078
f 1809/2543/2082 1723/2544/2083 1721/2542/2081 1811/2541/2080
f 1807/2545/2084 1725/2546/2085 1723/2544/2083 1809/2543/2082
f 1805/2547/2086 1727/2548/2087 1725/2549/2085 1807/2550/2084
f 1803/2551/2088 1729/2552/2089 1727/2548/2087 1805/2547/2086
f 1801/2553/2090 1731/2554/2091 1729/2552/2089 1803/2551/2088
f 1799/2555/2092 1733/2556/2093 1731/2554/2091 1801/2553/2090
f 1797/2557/2094 1735/2558/2095 1733/2556/2093 1799/2555/2092
f 1795/2559/2096 1737/2560/2097 1735/2558/2095 1797/2557/2094
f 1793/2561/2098 1739/2562/2099 1737/2560/2097 1795/2559/2096
f 1791/2563/2100 1741/2564/2101 1739/2562/2099 1793/2561/2098
f 1837/2518/2057 1697/2517/2056 1741/2564/2101 1791/2563/2100
f 1767/2565/2102 1768/2566/2103 1769/2567/2104 1918/2568/2105
f 1697/2517/2056 1695/2516/2055 1694/2569/2106 1696/2570/2107
f 1695/2516/2055 1699/2520/2059 1698/2571/2108 1694/2569/2106
f 1699/2520/2059 1701/2522/2061 1700/2572/2109 1698/2571/2108
f 1701/2522/2061 1703/2524/2063 1702/2573/2110 1700/2572/2109
f 1703/2524/2063 1705/2526/2065 1704/2574/2111 1702/2573/2110
f 1705/2526/2065 1707/2528/2067 1706/2575/2112 1704/2574/2111
f 1707/2528/2067 1709/2530/2069 1708/2576/2113 1706/2575/2112
f 1709/2530/2069 1711/2532/2071 1710/2577/2114 1708/2576/2113
f 1711/2532/2071 1713/2534/2073 1712/2578/2115 1710/2577/2114
f 1713/2534/2073 1715/2536/2075 1714/2579/2116 1712/2578/2115
f 1715/2536/2075 1717/2538/2077 1716/2580/2117 1714/2579/2116
f 1717/2538/2077 1719/2540/2079 1718/2581/2118 1716/2580/2117
f 1719/2540/2079 1721/2542/2081 1720/2582/2119 1718/2581/2118
f 1721/2542/2081 1723/2544/2083 1722/2583/2120 1720/2582/2119
f 1723/2544/2083 1725/2546/2085 1724/2584/2121 1722/2583/2120
f 1725/2549/2085 1727/2548/2087 1726/2585/2122 1724/2586/2121
f 1727/2548/2087 1729/2552/2089 1728/2587/2123 1726/2585/2122
f 1729/2552/2089 1731/2554/2091 1730/2588/2124 1728/2587/2123
f 1731/2554/2091 1733/2556/2093 1732/2589/2125 1730/2588/2124
f 1733/2556/2093 1735/2558/2095 1734/2590/2126 1732/2589/2125
f 1735/2558/2095 1737/2560/2097 1736/2591/2127 1734/2590/2126
f 1737/2560/2097 1739/2562/2099 1738/2592/2128 1736/2591/2127
f 1739/2562/2099 1741/2564/2101 1740/2593/2129 1738/2592/2128
f 1741/2564/2101 1697/2517/2056 1696/2570/2107 1740/2593/2129
f 1743/2594/2130 1742/2595/2131 1740/2596/2132 1696/2597/2133
f 1744/2598/2134 1743/2594/2130 1696/2597/2133 1694/2599/2135
f 1745/2600/2136 1744/2598/2134 1694/2599/2135 1698/2601/2137
f 1746/2602/2138 1745/2600/2136 1698/2601/2137 1700/2603/2139
f 1747/2604/2140 1746/2602/2138 1700/2603/2139 1702/2605/2141
f 1748/2606/2142 1747/2604/2140 1702/2605/2141 1704/2607/2143
f 1749/2608/2144 1748/2606/2142 1704/2607/2143 1706/2609/2145
f 1750/2610/2146 1749/2608/2144 1706/2609/2145 1708/2611/2147
f 1751/2612/2148 1750/2610/2146 1708/2611/2147 1710/2613/2149
f 1752/2614/2150 1751/2612/2148 1710/2613/2149 1712/2615/2151
f 1753/2616/2152 1752/2614/2150 1712/2615/2151 1714/2617/2153
f 1754/2618/2154 1753/2616/2152 1714/2617/2153 1716/2619/2155
f 1755/2620/2156 1754/2618/2154 1716/2619/2155 1718/2621/2157
f 1756/2622/2158 1755/2620/2156 1718/2621/2157 1720/2623/2159
f 1757/2624/2160 1756/2622/2158 1720/2623/2159 1722/2625/2161
f 1758/2626/2162 1757/2624/2160 1722/2625/2161 1724/2627/2163
f 1759/2628/2164 1758/2626/2162 1724/2627/2163 1726/2629/2165
f 1760/2630/2166 1759/2628/2164 1726/2629/2165 1728/2631/2167
f 1761/2632/2168 1760/2630/2166 1728/2631/2167 1730/2633/2169
f 1762/2634/2170 1761/2632/2168 1730/2633/2169 1732/2635/2171
f 1763/2636/2172 1762/2634/2170 1732/2635/2171 1734/2637/2173
f 1764/2638/2174 1763/2636/2172 1734/2637/2173 1736/2639/2175
f 1765/2640/2176 1764/2638/2174 1736/2639/2175 1738/2641/2177
f 1742/2595/2131 1765/2640/2176 1738/2641/2177 1740/2596/2132
f 1742/2595/2131 1743/2594/2130 1767/2565/2102 1766/2642/2178
f 1743/2594/2130 1744/2598/2134 1768/2566/2103 1767/2565/2102
f 1744/2598/2134 1745/2600/2136 1769/2567/2104 1768/2566/2103
f 1745/2600/2136 1746/2602/2138 1770/2643/2179 1769/2567/2104
f 1746/2602/2138 1747/2604/2140 1771/2644/2180 1770/2643/2179
f 1747/2604/2140 1748/2606/2142 1772/2645/2181 1771/2644/2180
f 1748/2606/2142 1749/2608/2144 1773/2646/2182 1772/2645/2181
f 1749/2608/2144 1750/2610/2146 1774/2647/2183 1773/2646/2182
f 1750/2610/2146 1751/2612/2148 1775/2648/2184 1774/2647/2183
f 1751/2612/2148 1752/2614/2150 1776/2649/2185 1775/2648/2184
f 1752/2614/2150 1753/2616/2152 1777/2650/2186 1776/2649/2185
f 1753/2616/2152 1754/2618/2154 1778/2651/2187 1777/2650/2186
f 1754/2618/2154 1755/2620/2156 1779/2652/2188 1778/2651/2187
f 1755/2620/2156 1756/2622/2158 1780/2653/2189 1779/2652/2188
f 1756/2622/2158 1757/2624/2160 1781/2654/2190 1780/2653/2189
f 1757/2624/2160 1758/2626/2162 1782/2655/2191 1781/2654/2190
f 1758/2626/2162 1759/2628/2164 1783/2656/2192 1782/2655/2191
f 1759/2628/2164 1760/2630/2166 1784/2657/2193 1783/2656/2192
f 1760/2630/2166 1761/2632/2168 1785/2658/2194 1784/2657/2193
f 1761/2632/2168 1762/2634/2170 1786/2659/2195 1785/2658/2194
f 1762/2634/2170 1763/2636/2172 1787/2660/2196 1786/2659/2195
f 1763/2636/2172 1764/2638/2174 1788/2661/2197 1787/2660/2196
f 1764/2638/2174 1765/2640/2176 1789/2662/2198 1788/2661/2197
f 1765/2640/2176 1742/2595/2131 1766/2642/2178 1789/2662/2198
f 1839/2663/2199 1838/2664/2200 1790/2665/2201 1792/2666/2202
f 1840/2667/2203 1839/2663/2199 1792/2666/2202 1794/2668/2204
f 1841/2669/2205 1840/2667/2203 1794/2668/2204 1796/2670/2206
f 1842/2671/2207 1841/2669/2205 1796/2670/2206 1798/2672/2208
f 1843/2673/2209 1842/2671/2207 1798/2672/2208 1800/2674/2210
f 1844/2675/2211 1843/2673/2209 1800/2674/2210 1802/2676/2212
f 1845/2677/2213 1844/2675/2211 1802/2676/2212 1804/2678/2214
f 1846/2679/2215 1845/2677/2213 1804/2678/2214 1806/2680/2216
f 1847/2681/2217 1846/2679/2215 1806/2680/2216 1808/2682/2218
f 1848/2683/2219 1847/2681/2217 1808/2682/2218 1810/2684/2220
f 1849/2685/2221 1848/2683/2219 1810/2684/2220 1812/2686/2222
f 1850/2687/2223 1849/2685/2221 1812/2686/2222 1814/2688/2224
f 1851/2689/2225 1850/2687/2223 1814/2688/2224 1816/2690/2226
f 1852/2691/2227 1851/2689/2225 1816/2690/2226 1818/2692/2228
f 1853/2693/2229 1852/2691/2227 1818/2692/2228 1820/2694/2230
f 1854/2695/2231 1853/2693/2229 1820/2694/2230 1822/2696/2232
f 1855/2697/2233 1854/2695/2231 1822/2696/2232 1824/2698/2234
f 1856/2699/2235 1855/2697/2233 1824/2698/2234 1826/2700/2236
f 1857/2701/2237 1856/2699/2235 1826/2700/2236 1828/2702/2238
f 1858/2703/2239 1857/2701/2237 1828/2702/2238 1830/2704/2240
f 1859/2705/2241 1858/2703/2239 1830/2704/2240 1832/2706/2242
f 1860/2707/2243 1859/2705/2241 1832/2706/2242 1834/2708/2244
f 1861/2709/2245 1860/2707/2243 1834/2708/2244 1836/2710/2246
f 1838/2664/2200 1861/2709/2245 1836/2710/2246 1790/2665/2201
f 1835/2515/2054 1837/2518/2057 1836/2711/2247 1834/2712/2248
f 1833/2519/2058 1835/2515/2054 1834/2712/2248 1832/2713/2249
f 1831/2521/2060 1833/2519/2058 1832/2713/2249 1830/2714/2250
f 1829/2523/2062 1831/2521/2060 1830/2714/2250 1828/2715/2251
f 1827/2525/2064 1829/2523/2062 1828/2715/2251 1826/2716/2252
f 1825/2527/2066 1827/2525/2064 1826/2716/2252 1824/2717/2253
f 1823/2529/2068 1825/2527/2066 1824/2717/2253 1822/2718/2254
f 1821/2531/2070 1823/2529/2068 1822/2718/2254 1820/2719/2255
f 1819/2533/2072 1821/2531/2070 1820/2719/2255 1818/2720/2256
f 1817/2535/2074 1819/2533/2072 1818/2720/2256 1816/2721/2257
f 1815/2537/2076 1817/2535/2074 1816/2721/2257 1814/2722/2258
f 1813/2539/2078 1815/2537/2076 1814/2722/2258 1812/2723/2259
f 1811/2541/2080 1813/2539/2078 1812/2723/2259 1810/2724/2260
f 1809/2543/2082 1811/2541/2080 1810/2724/2260 1808/2725/2261
f 1807/2545/2084 1809/2543/2082 1808/2725/2261 1806/2726/2262
f 1805/2547/2086 1807/2550/2084 1806/2727/2262 1804/2728/2263
f 1803/2551/2088 1805/2547/2086 1804/2728/2263 1802/2729/2264
f 1801/2553/2090 1803/2551/2088 1802/2729/2264 1800/2730/2265
f 1799/2555/2092 1801/2553/2090 1800/2730/2265 1798/2731/2266
f 1797/2557/2094 1799/2555/2092 1798/2731/2266 1796/2732/2267
f 1795/2559/2096 1797/2557/2094 1796/2732/2267 1794/2733/2268
f 1793/2561/2098 1795/2559/2096 1794/2733/2268 1792/2734/2269
f 1791/2563/2100 1793/2561/2098 1792/2734/2269 1790/2735/2270
f 1837/2518/2057 1791/2563/2100 1790/2735/2270 1836/2711/2247
f 1838/2664/2200 1839/2663/2199 1863/2736/2271 1862/2737/2272
f 1839/2663/2199 1840/2667/2203 1864/2738/2273 1863/2736/2271
f 1840/2667/2203 1841/2669/2205 1865/2739/2274 1864/2738/2273
f 1841/2669/2205 1842/2671/2207 1866/2740/2275 1865/2739/2274
f 1842/2671/2207 1843/2673/2209 1867/2741/2276 1866/2740/2275
f 1843/2673/2209 1844/2675/2211 1868/2742/2277 1867/2741/2276
f 1844/2675/2211 1845/2677/2213 1869/2743/2278 1868/2742/2277
f 1845/2677/2213 1846/2679/2215 1870/2744/2279 1869/2743/2278
f 1846/2679/2215 1847/2681/2217 1871/2745/2280 1870/2744/2279
f 1847/2681/2217 1848/2683/2219 1872/2746/2281 1871/2745/2280
f 1848/2683/2219 1849/2685/2221 1873/2747/2282 1872/2746/2281
f 1849/2685/2221 1850/2687/2223 1874/2748/2283 1873/2747/2282
f 1850/2687/2223 1851/2689/2225 1875/2749/2284 1874/2748/2283
f 1851/2689/2225 1852/2691/2227 1876/2750/2285 1875/2749/2284
f 1852/2691/2227 1853/2693/2229 1877/2751/2286 1876/2750/2285
f 1853/2693/2229 1854/2695/2231 1878/2752/2287 1877/2751/2286
f 1854/2695/2231 1855/2697/2233 1879/2753/2288 1878/2752/2287
f 1855/2697/2233 1856/2699/2235 1880/2754/2289 1879/2753/2288
f 1856/2699/2235 1857/2701/2237 1881/2755/2290 1880/2754/2289
f 1857/2701/2237 1858/2703/2239 1882/2756/2291 1881/2755/2290
f 1858/2703/2239 1859/2705/2241 1883/2757/2292 1882/2756/2291
f 1859/2705/2241 1860/2707/2243 1884/2758/2293 1883/2757/2292
f 1860/2707/2243 1861/2709/2245 1885/2759/2294 1884/2758/2293
f 1861/2709/2245 1838/2664/2200 1862/2737/2272 1885/2759/2294
f 1927/2760/2295 1909/2761/2295 1886/2762/2295 1887/2763/2295
f 1862/2764/2296 1863/2765/2297 1887/2766/2297 1886/2767/2296
f 1863/2765/2297 1864/2768/2298 1888/2769/2298 1887/2766/2297
f 1864/2768/2298 1865/2770/2299 1889/2771/2299 1888/2769/2298
f 1865/2770/2299 1866/2772/2300 1890/2773/2300 1889/2771/2299
f 1866/2772/2300 1867/2774/2301 1891/2775/2301 1890/2773/2300
f 1867/2774/2301 1868/2776/2302 1892/2777/2302 1891/2775/2301
f 1868/2776/2302 1869/2778/2303 1893/2779/2303 1892/2777/2302
f 1869/2778/2303 1870/2780/2304 1894/2781/2304 1893/2779/2303
f 1870/2782/2304 1871/2783/2305 1895/2784/2305 1894/2785/2304
f 1871/2783/2305 1872/2786/2306 1896/2787/2306 1895/2784/2305
f 1872/2786/2306 1873/2788/2307 1897/2789/2307 1896/2787/2306
f 1873/2788/2307 1874/2790/2308 1898/2791/2308 1897/2789/2307
f 1874/2790/2308 1875/2792/2309 1899/2793/2309 1898/2791/2308
f 1875/2792/2309 1876/2794/2310 1900/2795/2310 1899/2793/2309
f 1876/2794/2310 1877/2796/2311 1901/2797/2311 1900/2795/2310
f 1877/2796/2311 1878/2798/2312 1902/2799/2312 1901/2797/2311
f 1878/2798/2312 1879/2800/2313 1903/2801/2313 1902/2799/2312
f 1879/2800/2313 1880/2802/2314 1904/2803/2314 1903/2801/2313
f 1880/2802/2314 1881/2804/2315 1905/2805/2315 1904/2803/2314
f 1881/2804/2315 1882/2806/2316 1906/2807/2316 1905/2805/2315
f 1882/2806/2316 1883/2808/2317 1907/2809/2317 1906/2807/2316
f 1883/2808/2317 1884/2810/2318 1908/2811/2318 1907/2809/2317
f 1884/2810/2318 1885/2812/2319 1909/2813/2319 1908/2811/2318
f 1885/2812/2319 1862/2764/2296 1886/2767/2296 1909/2813/2319
f 1774/2647/2183 1913/2814/2105 1914/2815/2105 1773/2646/2182
f 1775/2648/2184 1912/2816/2105 1913/2814/2105 1774/2647/2183
f 1776/2649/2185 1911/2817/2105 1912/2816/2105 1775/2648/2184
f 1777/2650/2186 1910/2818/2105 1911/2817/2105 1776/2649/2185
f 1772/2645/2181 1773/2646/2182 1914/2815/2105 1915/2819/2105
f 1771/2644/2180 1772/2645/2181 1915/2819/2105 1916/2820/2105
f 1770/2643/2179 1771/2644/2180 1916/2820/2105 1917/2821/2105
f 1769/2567/2104 1770/2643/2179 1917/2821/2105 1918/2568/2105
f 1778/2651/2187 1779/2652/2188 1910/2818/2105 1777/2650/2186
f 1780/2653/2189 1781/2654/2190 1910/2818/2105 1779/2652/2188
f 1781/2654/2190 1782/2655/2191 1911/2817/2105 1910/2818/2105
f 1782/2655/2191 1783/2656/2192 1912/2816/2105 1911/2817/2105
f 1783/2656/2192 1784/2657/2193 1913/2814/2105 1912/2816/2105
f 1784/2657/2193 1785/2658/2194 1914/2815/2105 1913/2814/2105
f 1914/2815/2105 1785/2658/2194 1786/2659/2195 1915/2819/2105
f 1915/2819/2105 1786/2659/2195 1787/2660/2196 1916/2820/2105
f 1916/2820/2105 1787/2660/2196 1788/2661/2197 1917/2821/2105
f 1917/2821/2105 1788/2661/2197 1789/2662/2198 1918/2568/2105
f 1789/2662/2198 1766/2642/2178 1767/2565/2102 1918/2568/2105
f 1892/2822/2295 1922/2823/2295 1923/2824/2295 1891/2825/2295
f 1890/2826/2295 1891/2825/2295 1923/2824/2295 1924/2827/2295
f 1893/2828/2295 1921/2829/2295 1922/2823/2295 1892/2822/2295
f 1894/2830/2295 1920/2831/2295 1921/2829/2295 1893/2828/2295
f 1889/2832/2295 1890/2826/2295 1924/2827/2295 1925/2833/2295
f 1888/2834/2295 1889/2832/2295 1925/2833/2295 1926/2835/2295
f 1887/2763/2295 1888/2834/2295 1926/2835/2295 1927/2760/2295
f 1895/2836/2295 1919/2837/2295 1920/2831/2295 1894/2830/2295
f 1896/2838/2295 1897/2839/2295 1919/2837/2295 1895/2836/2295
f 1898/2840/2295 1899/2841/2295 1919/2837/2295 1897/2839/2295
f 1899/2841/2295 1900/2842/2295 1920/2831/2295 1919/2837/2295
f 1900/2842/2295 1901/2843/2295 1921/2829/2295 1920/2831/2295
f 1901/2843/2295 1902/2844/2295 1922/2823/2295 1921/2829/2295
f 1902/2844/2295 1903/2845/2295 1923/2824/2295 1922/2823/2295
f 1923/2824/2295 1903/2845/2295 1904/2846/2295 1924/2827/2295
f 1924/2827/2295 1904/2846/2295 1905/2847/2295 1925/2833/2295
f 1925/2833/2295 1905/2847/2295 1906/2848/2295 1926/2835/2295
f 1926/2835/2295 1906/2848/2295 1907/2849/2295 1927/2760/2295
f 1927/2760/2295 1907/2849/2295 1908/2850/2295 1909/2761/2295
o PortButton_Lowpoly_Mesh.004
v -0.297636 -0.908682 -0.103605
v -0.290970 -0.908682 -0.065798
v -0.271775 -0.908682 -0.032551
v -0.242367 -0.908682 -0.007874
v -0.206292 -0.908682 0.005256
v -0.167902 -0.908682 0.005256
v -0.131827 -0.908682 -0.007875
v -0.102418 -0.908682 -0.032551
v -0.083223 -0.908682 -0.065798
v -0.076557 -0.908682 -0.103605
v -0.083223 -0.908682 -0.141411
v -0.102418 -0.908682 -0.174658
v -0.131827 -0.908682 -0.199335
v -0.167902 -0.908682 -0.212465
v -0.206292 -0.908682 -0.212465
v -0.242367 -0.908682 -0.199335
v -0.271775 -0.908682 -0.174658
v -0.290970 -0.908682 -0.141411
v -0.297636 -0.801784 -0.103605
v -0.290970 -0.801784 -0.065798
v -0.271775 -0.801784 -0.032551
v -0.242367 -0.801784 -0.007874
v -0.206292 -0.801784 0.005256
v -0.167902 -0.801784 0.005256
v -0.131827 -0.801784 -0.007874
v -0.102418 -0.801784 -0.032551
v -0.083223 -0.801784 -0.065798
v -0.076557 -0.801784 -0.103605
v -0.083223 -0.801784 -0.141411
v -0.102418 -0.801784 -0.174658
v -0.131827 -0.801784 -0.199335
v -0.167902 -0.801784 -0.212465
v -0.206292 -0.801784 -0.212465
v -0.242367 -0.801784 -0.199335
v -0.271775 -0.801784 -0.174658
v -0.290970 -0.801784 -0.141411
v -0.167902 -0.904208 -0.103605
v -0.206292 -0.904208 -0.103605
v -0.227970 -0.904208 -0.103605
v -0.243988 -0.904208 -0.103605
v -0.146223 -0.904208 -0.103605
v -0.130205 -0.904208 -0.103605
v -0.276531 -0.908682 -0.071053
v -0.282271 -0.908682 -0.103605
v -0.276531 -0.908682 -0.136156
v -0.260005 -0.908682 -0.164782
v -0.234684 -0.908682 -0.186028
v -0.203624 -0.908682 -0.197333
v -0.170570 -0.908682 -0.197333
v -0.139510 -0.908682 -0.186028
v -0.114189 -0.908682 -0.164782
v -0.097662 -0.908682 -0.136156
v -0.091922 -0.908682 -0.103605
v -0.097662 -0.908682 -0.071053
v -0.114189 -0.908682 -0.042428
v -0.139510 -0.908682 -0.021181
v -0.170570 -0.908682 -0.009876
v -0.203624 -0.908682 -0.009876
v -0.234684 -0.908682 -0.021181
v -0.260005 -0.908682 -0.042428
v -0.258238 -0.895757 -0.077711
v -0.262803 -0.895757 -0.103605
v -0.258238 -0.895757 -0.129498
v -0.245091 -0.895757 -0.152268
v -0.224950 -0.895757 -0.169168
v -0.200243 -0.895757 -0.178161
v -0.173950 -0.895757 -0.178161
v -0.149244 -0.895757 -0.169168
v -0.129102 -0.895757 -0.152268
v -0.115956 -0.895757 -0.129498
v -0.111390 -0.895757 -0.103605
v -0.115956 -0.895757 -0.077712
v -0.129102 -0.895757 -0.054941
v -0.149243 -0.895757 -0.038041
v -0.173950 -0.895757 -0.029048
v -0.200243 -0.895757 -0.029048
v -0.224950 -0.895757 -0.038041
v -0.245091 -0.895757 -0.054941
v -0.258238 -0.904208 -0.077711
v -0.262803 -0.904208 -0.103605
v -0.258238 -0.904208 -0.129498
v -0.245091 -0.904208 -0.152268
v -0.224950 -0.904208 -0.169168
v -0.200243 -0.904208 -0.178161
v -0.173950 -0.904208 -0.178161
v -0.149244 -0.904208 -0.169168
v -0.129102 -0.904208 -0.152268
v -0.115956 -0.904208 -0.129498
v -0.111390 -0.904208 -0.103605
v -0.115956 -0.904208 -0.077712
v -0.129102 -0.904208 -0.054941
v -0.149243 -0.904208 -0.038041
v -0.173950 -0.904208 -0.029048
v -0.200243 -0.904208 -0.029048
v -0.224950 -0.904208 -0.038041
v -0.245091 -0.904208 -0.054941
v -0.249732 -0.904208 -0.080807
v -0.253752 -0.904208 -0.103605
v -0.249732 -0.904208 -0.126402
v -0.238158 -0.904208 -0.146450
v -0.220424 -0.904208 -0.161330
v -0.198671 -0.904208 -0.169247
v -0.175522 -0.904208 -0.169247
v -0.153769 -0.904208 -0.161330
v -0.136036 -0.904208 -0.146450
v -0.124461 -0.904208 -0.126402
v -0.120441 -0.904208 -0.103605
v -0.124461 -0.904208 -0.080807
v -0.136036 -0.904208 -0.060759
v -0.153769 -0.904208 -0.045879
v -0.175522 -0.904208 -0.037962
v -0.198671 -0.904208 -0.037962
v -0.220424 -0.904208 -0.045879
v -0.238158 -0.904208 -0.060759
vt 0.539768 0.596434
vt 0.547343 0.594789
vt 0.547942 0.596434
vt 0.543855 0.597154
vt 0.947937 0.854965
vt 0.947937 0.860678
vt 0.931782 0.860678
vt 0.931782 0.854965
vt 0.947937 0.865702
vt 0.931782 0.865702
vt 0.947937 0.870147
vt 0.931782 0.870147
vt 0.947937 0.875598
vt 0.931782 0.875598
vt 0.947937 0.881400
vt 0.931782 0.881400
vt 0.947937 0.886852
vt 0.931782 0.886852
vt 0.947937 0.891296
vt 0.931782 0.891296
vt 0.947937 0.896320
vt 0.931782 0.896320
vt 0.947937 0.902034
vt 0.931782 0.902034
vt 0.947937 0.907747
vt 0.931782 0.907747
vt 0.947937 0.912772
vt 0.931782 0.912772
vt 0.947937 0.917216
vt 0.931782 0.917216
vt 0.947937 0.922668
vt 0.931782 0.922668
vt 0.947937 0.928469
vt 0.931782 0.928469
vt 0.947937 0.933921
vt 0.931782 0.933921
vt 0.947937 0.938365
vt 0.931782 0.938365
vt 0.947937 0.849251
vt 0.931782 0.849251
vt 0.931782 0.844227
vt 0.947937 0.844227
vt 0.532086 0.583129
vt 0.541349 0.578319
vt 0.542678 0.581971
vt 0.532086 0.587280
vt 0.545032 0.588438
vt 0.533506 0.591179
vt 0.536173 0.594359
vt 0.546361 0.592090
vt 0.533506 0.579230
vt 0.540366 0.575620
vt 0.536173 0.576050
vt 0.539768 0.573975
vt 0.551536 0.576050
vt 0.554204 0.579230
vt 0.555623 0.583129
vt 0.555623 0.587280
vt 0.554204 0.591179
vt 0.547942 0.573976
vt 0.543855 0.573255
vt 0.551536 0.594359
vt 0.571817 0.908286
vt 0.567320 0.912059
vt 0.566146 0.910025
vt 0.570018 0.906776
vt 0.561804 0.914067
vt 0.561396 0.911753
vt 0.555934 0.914067
vt 0.556342 0.911753
vt 0.550417 0.912059
vt 0.551592 0.910025
vt 0.545920 0.908286
vt 0.547720 0.906776
vt 0.542985 0.903202
vt 0.545193 0.902398
vt 0.541966 0.897421
vt 0.544315 0.897421
vt 0.542985 0.891639
vt 0.545193 0.892443
vt 0.545920 0.886556
vt 0.547720 0.888066
vt 0.550417 0.882782
vt 0.551592 0.884817
vt 0.555934 0.880774
vt 0.556341 0.883088
vt 0.561804 0.880774
vt 0.561396 0.883088
vt 0.567321 0.882782
vt 0.566146 0.884817
vt 0.571817 0.886556
vt 0.570018 0.888066
vt 0.574753 0.891639
vt 0.572545 0.892443
vt 0.575772 0.897421
vt 0.573422 0.897421
vt 0.574753 0.903202
vt 0.572545 0.902398
vt 0.564657 0.907447
vt 0.567737 0.904862
vt 0.560879 0.908821
vt 0.556858 0.908822
vt 0.553080 0.907446
vt 0.550001 0.904862
vt 0.547990 0.901380
vt 0.547292 0.897421
vt 0.547990 0.893461
vt 0.550000 0.889979
vt 0.553080 0.887395
vt 0.556858 0.886020
vt 0.560879 0.886020
vt 0.564657 0.887395
vt 0.567737 0.889979
vt 0.569747 0.893461
vt 0.570445 0.897421
vt 0.569747 0.901380
vt 0.689364 0.244221
vt 0.689364 0.238960
vt 0.691082 0.238960
vt 0.691082 0.244221
vt 0.689364 0.233699
vt 0.691082 0.233699
vt 0.689364 0.229072
vt 0.691082 0.229072
vt 0.689364 0.224979
vt 0.691082 0.224979
vt 0.689364 0.219959
vt 0.691082 0.219959
vt 0.689364 0.214616
vt 0.691082 0.214616
vt 0.689364 0.209596
vt 0.691082 0.209596
vt 0.689364 0.205503
vt 0.691082 0.205503
vt 0.689364 0.200877
vt 0.691082 0.200877
vt 0.689364 0.195615
vt 0.691082 0.195615
vt 0.689364 0.190354
vt 0.691082 0.190354
vt 0.689364 0.185728
vt 0.691082 0.185728
vt 0.689364 0.181635
vt 0.691082 0.181635
vt 0.689364 0.176614
vt 0.691082 0.176614
vt 0.689364 0.171272
vt 0.691082 0.171272
vt 0.689364 0.166251
vt 0.691082 0.166251
vt 0.689364 0.162159
vt 0.691082 0.162159
vt 0.689364 0.248848
vt 0.691082 0.248848
vt 0.552579 0.595602
vt 0.548497 0.597959
vt 0.543855 0.598777
vt 0.539213 0.597959
vt 0.535130 0.595602
vt 0.532101 0.591991
vt 0.530488 0.587562
vt 0.530488 0.582848
vt 0.532101 0.578418
vt 0.535131 0.574808
vt 0.539213 0.572451
vt 0.543855 0.571632
vt 0.548497 0.572450
vt 0.552579 0.574807
vt 0.555609 0.578418
vt 0.557221 0.582848
vt 0.557221 0.587561
vt 0.555609 0.591991
vn 0.0000 -1.0000 -0.0000
vn -1.0000 -0.0000 0.0000
vn -0.9397 -0.0000 0.3420
vn -0.7660 -0.0000 0.6428
vn -0.5000 -0.0000 0.8660
vn -0.1736 -0.0000 0.9848
vn 0.1736 -0.0000 0.9848
vn 0.5000 -0.0000 0.8660
vn 0.7660 -0.0000 0.6428
vn 0.9397 -0.0000 0.3420
vn 1.0000 -0.0000 -0.0000
vn 0.9397 0.0000 -0.3420
vn 0.7660 0.0000 -0.6428
vn 0.5000 0.0000 -0.8660
vn 0.1736 0.0000 -0.9848
vn -0.1736 0.0000 -0.9848
vn -0.5000 0.0000 -0.8660
vn -0.7660 0.0000 -0.6428
vn -0.9397 0.0000 -0.3420
vn 0.2589 -0.9659 0.0000
vn 0.2433 -0.9659 -0.0886
vn 0.2433 -0.9659 0.0886
vn 0.1984 -0.9659 0.1664
vn 0.1295 -0.9659 0.2243
vn 0.0450 -0.9659 0.2550
vn -0.0450 -0.9659 0.2550
vn -0.1295 -0.9659 0.2243
vn -0.1984 -0.9659 0.1664
vn -0.2433 -0.9659 0.0886
vn -0.2589 -0.9659 0.0000
vn -0.2433 -0.9659 -0.0886
vn -0.1984 -0.9659 -0.1664
vn -0.1295 -0.9659 -0.2243
vn -0.0450 -0.9659 -0.2550
vn 0.0450 -0.9659 -0.2550
vn 0.1295 -0.9659 -0.2243
vn 0.1984 -0.9659 -0.1664
vn 0.5531 -0.8331 -0.0000
vn 0.5198 -0.8331 -0.1892
vn 0.5198 -0.8331 0.1892
vn 0.4237 -0.8331 0.3555
vn 0.2766 -0.8331 0.4790
vn 0.0960 -0.8331 0.5447
vn -0.0960 -0.8331 0.5447
vn -0.2766 -0.8331 0.4790
vn -0.4237 -0.8331 0.3555
vn -0.5198 -0.8331 0.1892
vn -0.5531 -0.8331 0.0000
vn -0.5198 -0.8331 -0.1892
vn -0.4237 -0.8331 -0.3555
vn -0.2766 -0.8331 -0.4790
vn -0.0960 -0.8331 -0.5447
vn 0.0960 -0.8331 -0.5447
vn 0.2766 -0.8331 -0.4790
vn 0.4237 -0.8331 -0.3555
usemtl Camera
s 1
f 2027/2851/2320 1967/2852/2320 2025/2853/2320 2026/2854/2320
f 1928/2855/2321 1929/2856/2322 1947/2857/2322 1946/2858/2321
f 1930/2859/2323 1948/2860/2323 1947/2857/2322 1929/2856/2322
f 1931/2861/2324 1949/2862/2324 1948/2860/2323 1930/2859/2323
f 1932/2863/2325 1950/2864/2325 1949/2862/2324 1931/2861/2324
f 1933/2865/2326 1951/2866/2326 1950/2864/2325 1932/2863/2325
f 1934/2867/2327 1952/2868/2327 1951/2866/2326 1933/2865/2326
f 1935/2869/2328 1953/2870/2328 1952/2868/2327 1934/2867/2327
f 1936/2871/2329 1954/2872/2329 1953/2870/2328 1935/2869/2328
f 1937/2873/2330 1955/2874/2330 1954/2872/2329 1936/2871/2329
f 1938/2875/2331 1956/2876/2331 1955/2874/2330 1937/2873/2330
f 1939/2877/2332 1957/2878/2332 1956/2876/2331 1938/2875/2331
f 1940/2879/2333 1958/2880/2333 1957/2878/2332 1939/2877/2332
f 1941/2881/2334 1959/2882/2334 1958/2880/2333 1940/2879/2333
f 1942/2883/2335 1960/2884/2335 1959/2882/2334 1941/2881/2334
f 1943/2885/2336 1961/2886/2336 1960/2884/2335 1942/2883/2335
f 1944/2887/2337 1962/2888/2337 1961/2886/2336 1943/2885/2336
f 1945/2889/2338 1963/2890/2338 1962/2891/2337 1944/2892/2337
f 1928/2855/2321 1946/2858/2321 1963/2890/2338 1945/2889/2338
f 2031/2893/2320 1968/2894/2320 1964/2895/2320 2030/2896/2320
f 2030/2896/2320 1964/2895/2320 1965/2897/2320 2029/2898/2320
f 2028/2899/2320 2029/2898/2320 1965/2897/2320 1966/2900/2320
f 2027/2851/2320 2028/2899/2320 1966/2900/2320 1967/2852/2320
f 2032/2901/2320 1969/2902/2320 1968/2894/2320 2031/2893/2320
f 2033/2903/2320 2034/2904/2320 1969/2902/2320 2032/2901/2320
f 2037/2905/2320 2038/2906/2320 1964/2895/2320 1968/2894/2320
f 2038/2906/2320 2039/2907/2320 1965/2897/2320 1964/2895/2320
f 1965/2897/2320 2039/2907/2320 2040/2908/2320 1966/2900/2320
f 1966/2900/2320 2040/2908/2320 2041/2909/2320 1967/2852/2320
f 2036/2910/2320 2037/2905/2320 1968/2894/2320 1969/2902/2320
f 2035/2911/2320 2036/2910/2320 1969/2902/2320 2034/2904/2320
f 2041/2909/2320 2024/2912/2320 2025/2853/2320 1967/2852/2320
f 1929/2913/2320 1928/2914/2320 1971/2915/2339 1970/2916/2340
f 1928/2914/2320 1945/2917/2320 1972/2918/2341 1971/2915/2339
f 1945/2917/2320 1944/2919/2320 1973/2920/2342 1972/2918/2341
f 1944/2919/2320 1943/2921/2320 1974/2922/2343 1973/2920/2342
f 1943/2921/2320 1942/2923/2320 1975/2924/2344 1974/2922/2343
f 1942/2923/2320 1941/2925/2320 1976/2926/2345 1975/2924/2344
f 1941/2925/2320 1940/2927/2320 1977/2928/2346 1976/2926/2345
f 1940/2927/2320 1939/2929/2320 1978/2930/2347 1977/2928/2346
f 1939/2929/2320 1938/2931/2320 1979/2932/2348 1978/2930/2347
f 1938/2931/2320 1937/2933/2320 1980/2934/2349 1979/2932/2348
f 1937/2933/2320 1936/2935/2320 1981/2936/2350 1980/2934/2349
f 1936/2935/2320 1935/2937/2320 1982/2938/2351 1981/2936/2350
f 1935/2937/2320 1934/2939/2320 1983/2940/2352 1982/2938/2351
f 1934/2939/2320 1933/2941/2320 1984/2942/2353 1983/2940/2352
f 1933/2941/2320 1932/2943/2320 1985/2944/2354 1984/2942/2353
f 1932/2943/2320 1931/2945/2320 1986/2946/2355 1985/2944/2354
f 1931/2945/2320 1930/2947/2320 1987/2948/2356 1986/2946/2355
f 1930/2947/2320 1929/2913/2320 1970/2916/2340 1987/2948/2356
f 1970/2916/2340 1971/2915/2339 1989/2949/2357 1988/2950/2358
f 1971/2915/2339 1972/2918/2341 1990/2951/2359 1989/2949/2357
f 1972/2918/2341 1973/2920/2342 1991/2952/2360 1990/2951/2359
f 1973/2920/2342 1974/2922/2343 1992/2953/2361 1991/2952/2360
f 1974/2922/2343 1975/2924/2344 1993/2954/2362 1992/2953/2361
f 1975/2924/2344 1976/2926/2345 1994/2955/2363 1993/2954/2362
f 1976/2926/2345 1977/2928/2346 1995/2956/2364 1994/2955/2363
f 1977/2928/2346 1978/2930/2347 1996/2957/2365 1995/2956/2364
f 1978/2930/2347 1979/2932/2348 1997/2958/2366 1996/2957/2365
f 1979/2932/2348 1980/2934/2349 1998/2959/2367 1997/2958/2366
f 1980/2934/2349 1981/2936/2350 1999/2960/2368 1998/2959/2367
f 1981/2936/2350 1982/2938/2351 2000/2961/2369 1999/2960/2368
f 1982/2938/2351 1983/2940/2352 2001/2962/2370 2000/2961/2369
f 1983/2940/2352 1984/2942/2353 2002/2963/2371 2001/2962/2370
f 1984/2942/2353 1985/2944/2354 2003/2964/2372 2002/2963/2371
f 1985/2944/2354 1986/2946/2355 2004/2965/2373 2003/2964/2372
f 1986/2946/2355 1987/2948/2356 2005/2966/2374 2004/2965/2373
f 1987/2948/2356 1970/2916/2340 1988/2950/2358 2005/2966/2374
f 1988/2967/2322 1989/2968/2321 2007/2969/2321 2006/2970/2322
f 1989/2968/2321 1990/2971/2338 2008/2972/2338 2007/2969/2321
f 1990/2971/2338 1991/2973/2337 2009/2974/2337 2008/2972/2338
f 1991/2973/2337 1992/2975/2336 2010/2976/2336 2009/2974/2337
f 1992/2975/2336 1993/2977/2335 2011/2978/2335 2010/2976/2336
f 1993/2977/2335 1994/2979/2334 2012/2980/2334 2011/2978/2335
f 1994/2979/2334 1995/2981/2333 2013/2982/2333 2012/2980/2334
f 1995/2981/2333 1996/2983/2332 2014/2984/2332 2013/2982/2333
f 1996/2983/2332 1997/2985/2331 2015/2986/2331 2014/2984/2332
f 1997/2985/2331 1998/2987/2330 2016/2988/2330 2015/2986/2331
f 1998/2987/2330 1999/2989/2329 2017/2990/2329 2016/2988/2330
f 1999/2989/2329 2000/2991/2328 2018/2992/2328 2017/2990/2329
f 2000/2991/2328 2001/2993/2327 2019/2994/2327 2018/2992/2328
f 2001/2993/2327 2002/2995/2326 2020/2996/2326 2019/2994/2327
f 2002/2995/2326 2003/2997/2325 2021/2998/2325 2020/2996/2326
f 2003/2997/2325 2004/2999/2324 2022/3000/2324 2021/2998/2325
f 2004/2999/2324 2005/3001/2323 2023/3002/2323 2022/3000/2324
f 2005/3003/2323 1988/2967/2322 2006/2970/2322 2023/3004/2323
f 2006/3005/2320 2007/3006/2320 2025/2853/2320 2024/2912/2320
f 2007/3006/2320 2008/3007/2320 2026/2854/2320 2025/2853/2320
f 2008/3007/2320 2009/3008/2320 2027/2851/2320 2026/2854/2320
f 2009/3008/2320 2010/3009/2320 2028/2899/2320 2027/2851/2320
f 2010/3009/2320 2011/3010/2320 2029/2898/2320 2028/2899/2320
f 2011/3010/2320 2012/3011/2320 2030/2896/2320 2029/2898/2320
f 2012/3011/2320 2013/3012/2320 2031/2893/2320 2030/2896/2320
f 2013/3012/2320 2014/3013/2320 2032/2901/2320 2031/2893/2320
f 2014/3013/2320 2015/3014/2320 2033/2903/2320 2032/2901/2320
f 2015/3014/2320 2016/3015/2320 2034/2904/2320 2033/2903/2320
f 2016/3015/2320 2017/3016/2320 2035/2911/2320 2034/2904/2320
f 2017/3016/2320 2018/3017/2320 2036/2910/2320 2035/2911/2320
f 2018/3017/2320 2019/3018/2320 2037/2905/2320 2036/2910/2320
f 2019/3018/2320 2020/3019/2320 2038/2906/2320 2037/2905/2320
f 2020/3019/2320 2021/3020/2320 2039/2907/2320 2038/2906/2320
f 2021/3020/2320 2022/3021/2320 2040/2908/2320 2039/2907/2320
f 2022/3021/2320 2023/3022/2320 2041/2909/2320 2040/2908/2320
f 2023/3022/2320 2006/3005/2320 2024/2912/2320 2041/2909/2320
o Lens_Lowpoly_Mesh.005
v -0.475470 -0.066621 -1.301830
v -0.453239 -0.066621 -1.303305
v -0.430927 -0.066621 -1.306783
v -0.399756 -0.066621 -1.310834
v -0.374926 -0.066621 -1.315201
v -0.333764 -0.066621 -1.319506
v -0.289576 -0.066621 -1.323267
v -0.243186 -0.066621 -1.325931
v -0.195458 -0.066621 -1.326937
v -0.147282 -0.066621 -1.326937
v -0.099554 -0.066621 -1.325931
v -0.053164 -0.066621 -1.323267
v -0.008976 -0.066621 -1.319506
v 0.032187 -0.066621 -1.315201
v 0.057016 -0.066621 -1.310834
v 0.088187 -0.066621 -1.306783
v 0.110499 -0.066621 -1.303306
v 0.132730 -0.066621 -1.301830
v 0.145585 -0.156866 -1.292143
v 0.130983 -0.197951 -1.292143
v 0.110284 -0.237898 -1.292143
v 0.084339 -0.274655 -1.292143
v 0.053630 -0.307536 -1.292143
v 0.021701 -0.333512 -1.292143
v -0.013557 -0.333512 -1.292143
v -0.056498 -0.333512 -1.292143
v -0.101580 -0.333512 -1.292143
v -0.147961 -0.333512 -1.292143
v -0.194779 -0.333512 -1.292143
v -0.241160 -0.333512 -1.292143
v -0.286241 -0.333512 -1.292143
v -0.329183 -0.333512 -1.292143
v -0.364441 -0.333512 -1.292143
v -0.396369 -0.307536 -1.292143
v -0.427078 -0.274655 -1.292143
v -0.453024 -0.237898 -1.292143
v -0.473723 -0.197951 -1.292143
v -0.488325 -0.156866 -1.292143
v -0.488325 -0.066621 -1.292143
v -0.488325 0.023624 -1.292143
v -0.473723 0.064710 -1.292143
v -0.453024 0.104657 -1.292143
v -0.427078 0.141413 -1.292143
v -0.396369 0.174295 -1.292143
v -0.364441 0.200271 -1.292143
v -0.329183 0.200271 -1.292143
v -0.286242 0.200271 -1.292143
v -0.241160 0.200271 -1.292143
v -0.194779 0.200271 -1.292143
v -0.147961 0.200271 -1.292143
v -0.101580 0.200271 -1.292143
v -0.056498 0.200271 -1.292143
v -0.013557 0.200271 -1.292143
v 0.021701 0.200271 -1.292143
v 0.053629 0.174295 -1.292143
v 0.084338 0.141414 -1.292143
v 0.110284 0.104657 -1.292143
v 0.130983 0.064710 -1.292143
v 0.145585 0.023625 -1.292143
v 0.145585 -0.066621 -1.292143
v -0.372485 -0.203940 -1.309901
v -0.407599 -0.190575 -1.307237
v -0.439840 -0.173657 -1.304610
v -0.467081 -0.154745 -1.302274
v 0.029746 -0.203940 -1.309901
v -0.475206 -0.134192 -1.300987
v 0.064859 -0.190575 -1.307237
v 0.097100 -0.173657 -1.304610
v 0.124341 -0.154745 -1.302274
v 0.132466 -0.134192 -1.300987
v -0.475206 0.000950 -1.300987
v -0.467081 0.021504 -1.302274
v -0.439840 0.040416 -1.304610
v -0.407599 0.057333 -1.307237
v -0.372485 0.070698 -1.309901
v -0.333764 0.070698 -1.313383
v -0.289576 0.070698 -1.316571
v -0.243186 0.070698 -1.318758
v -0.195458 0.070698 -1.319544
v -0.147282 0.070698 -1.319544
v -0.099554 0.070698 -1.318758
v -0.053164 0.070698 -1.316571
v -0.008976 0.070698 -1.313383
v 0.029746 0.070698 -1.309901
v 0.064859 0.057334 -1.307237
v 0.097100 0.040416 -1.304610
v 0.124341 0.021504 -1.302274
v 0.132466 0.000951 -1.300987
v -0.333764 -0.203940 -1.313383
v -0.289576 -0.203940 -1.316571
v -0.243186 -0.203940 -1.318758
v -0.195458 -0.203940 -1.319544
v -0.147282 -0.203940 -1.319544
v -0.099554 -0.203940 -1.318758
v -0.053164 -0.203940 -1.316571
v -0.008976 -0.203940 -1.313383
v -0.488325 -0.111743 -1.292143
v -0.488325 -0.021498 -1.292143
v 0.145585 -0.021498 -1.292143
v 0.145585 -0.111743 -1.292143
v -0.464293 -0.066621 -1.282474
v -0.453239 -0.066621 -1.280998
v -0.430927 -0.066621 -1.277521
v -0.399756 -0.066621 -1.273470
v -0.374926 -0.066621 -1.269103
v -0.333764 -0.066621 -1.264798
v -0.289576 -0.066621 -1.261037
v -0.243186 -0.066621 -1.258373
v -0.195458 -0.066621 -1.257367
v -0.147282 -0.066621 -1.257367
v -0.099554 -0.066621 -1.258373
v -0.053164 -0.066621 -1.261037
v -0.008976 -0.066621 -1.264798
v 0.032187 -0.066621 -1.269103
v 0.057016 -0.066621 -1.273470
v 0.088187 -0.066621 -1.277521
v 0.110499 -0.066621 -1.280999
v 0.121553 -0.066621 -1.282474
v -0.372485 -0.203940 -1.274402
v -0.407599 -0.190575 -1.277067
v -0.439840 -0.173657 -1.279694
v -0.467081 -0.154745 -1.282030
v 0.029746 -0.203940 -1.274403
v -0.478641 -0.134192 -1.283317
v 0.064859 -0.190575 -1.277067
v 0.097100 -0.173657 -1.279694
v 0.124341 -0.154745 -1.282030
v 0.135901 -0.134192 -1.283317
v -0.478641 0.000950 -1.283317
v -0.467081 0.021504 -1.282030
v -0.439840 0.040416 -1.279694
v -0.407599 0.057333 -1.277067
v -0.372485 0.070698 -1.274402
v -0.333764 0.070698 -1.270921
v -0.289576 0.070698 -1.267733
v -0.243186 0.070698 -1.265546
v -0.195458 0.070698 -1.264760
v -0.147282 0.070698 -1.264760
v -0.099554 0.070698 -1.265546
v -0.053164 0.070698 -1.267733
v -0.008976 0.070698 -1.270921
v 0.029746 0.070698 -1.274403
v 0.064859 0.057334 -1.277067
v 0.097100 0.040416 -1.279694
v 0.124341 0.021504 -1.282030
v 0.135901 0.000951 -1.283317
v -0.333764 -0.203940 -1.270921
v -0.289576 -0.203940 -1.267733
v -0.243186 -0.203940 -1.265546
v -0.195458 -0.203940 -1.264760
v -0.147282 -0.203940 -1.264760
v -0.099554 -0.203940 -1.265546
v -0.053164 -0.203940 -1.267733
v -0.008976 -0.203940 -1.270921
v 0.142053 -0.157290 -1.299648
v 0.127787 -0.196547 -1.299061
v 0.107105 -0.235961 -1.298379
v 0.081401 -0.272264 -1.298158
v 0.051025 -0.304747 -1.298053
v 0.022571 -0.327897 -1.298056
v -0.008976 -0.327853 -1.297853
v -0.053164 -0.327927 -1.298134
v -0.099554 -0.327984 -1.298327
v -0.147282 -0.328012 -1.298414
v -0.195458 -0.328012 -1.298414
v -0.243186 -0.327984 -1.298327
v -0.289575 -0.327927 -1.298134
v -0.333764 -0.327854 -1.297853
v -0.365310 -0.327897 -1.298056
v -0.393765 -0.304747 -1.298053
v -0.424141 -0.272264 -1.298158
v -0.449845 -0.235961 -1.298378
v -0.470527 -0.196547 -1.299061
v -0.484792 -0.157290 -1.299647
v -0.485076 -0.113053 -1.300210
v -0.485526 -0.066621 -1.300821
v -0.485076 -0.020188 -1.300211
v -0.484792 0.024048 -1.299648
v -0.470527 0.063305 -1.299061
v -0.449845 0.102720 -1.298378
v -0.424141 0.139022 -1.298158
v -0.393765 0.171505 -1.298053
v -0.365310 0.194656 -1.298056
v -0.333764 0.194612 -1.297853
v -0.289576 0.194685 -1.298134
v -0.243186 0.194743 -1.298327
v -0.195458 0.194771 -1.298414
v -0.147282 0.194771 -1.298414
v -0.099554 0.194743 -1.298327
v -0.053164 0.194685 -1.298134
v -0.008976 0.194612 -1.297853
v 0.022571 0.194656 -1.298056
v 0.051025 0.171506 -1.298053
v 0.081401 0.139023 -1.298158
v 0.107105 0.102720 -1.298379
v 0.127787 0.063306 -1.299061
v 0.142053 0.024049 -1.299648
v 0.142336 -0.020188 -1.300211
v 0.142786 -0.066621 -1.300821
v 0.142336 -0.113053 -1.300211
v 0.127787 -0.196547 -1.285243
v 0.142053 -0.157290 -1.284657
v 0.141848 -0.113053 -1.285063
v 0.141718 -0.066621 -1.285389
v 0.141848 -0.020188 -1.285063
v 0.142053 0.024049 -1.284657
v 0.127787 0.063306 -1.285243
v 0.107105 0.102720 -1.285926
v 0.081401 0.139023 -1.286146
v 0.051025 0.171506 -1.286251
v 0.022571 0.194656 -1.286248
v -0.008976 0.194612 -1.286451
v -0.053164 0.194685 -1.286170
v -0.099554 0.194743 -1.285977
v -0.147282 0.194771 -1.285890
v -0.195458 0.194771 -1.285890
v -0.243186 0.194743 -1.285977
v -0.289576 0.194685 -1.286170
v -0.333764 0.194612 -1.286451
v -0.365310 0.194656 -1.286248
v -0.393765 0.171505 -1.286250
v -0.424141 0.139022 -1.286146
v -0.449845 0.102720 -1.285925
v -0.470527 0.063305 -1.285243
v -0.484792 0.024048 -1.284656
v -0.484588 -0.020188 -1.285062
v -0.484458 -0.066621 -1.285389
v -0.484588 -0.113053 -1.285063
v -0.484792 -0.157290 -1.284656
v -0.470527 -0.196547 -1.285243
v -0.449845 -0.235961 -1.285925
v -0.424141 -0.272264 -1.286146
v -0.393765 -0.304747 -1.286250
v -0.365310 -0.327897 -1.286248
v -0.333764 -0.327854 -1.286451
v -0.289575 -0.327927 -1.286170
v -0.243186 -0.327984 -1.285977
v -0.195458 -0.328012 -1.285890
v -0.147282 -0.328012 -1.285890
v -0.099554 -0.327984 -1.285977
v -0.053164 -0.327927 -1.286170
v -0.008976 -0.327853 -1.286451
v 0.022571 -0.327897 -1.286248
v 0.051025 -0.304747 -1.286251
v 0.081401 -0.272264 -1.286146
v 0.107105 -0.235961 -1.285926
vt 0.119442 0.983609
vt 0.117205 0.924595
vt 0.133922 0.930959
vt 0.135084 0.996336
vt 0.104397 0.967501
vt 0.101855 0.916541
vt 0.091686 0.949493
vt 0.088885 0.907537
vt 0.081545 0.929923
vt 0.080999 0.897752
vt 0.074392 0.909794
vt 0.074392 0.887688
vt 0.339903 0.983609
vt 0.324260 0.996336
vt 0.325422 0.930959
vt 0.342140 0.924595
vt 0.354948 0.967501
vt 0.357490 0.916541
vt 0.367658 0.949493
vt 0.370459 0.907537
vt 0.377800 0.929923
vt 0.378345 0.897752
vt 0.384953 0.909794
vt 0.384953 0.887688
vt 0.074392 0.843475
vt 0.080999 0.833411
vt 0.080454 0.865582
vt 0.074392 0.865582
vt 0.088885 0.823626
vt 0.086085 0.865582
vt 0.101855 0.814622
vt 0.099313 0.865582
vt 0.117205 0.806567
vt 0.114968 0.865582
vt 0.133922 0.800204
vt 0.132760 0.865582
vt 0.326584 0.865582
vt 0.325422 0.800204
vt 0.342140 0.806567
vt 0.344376 0.865582
vt 0.357490 0.814622
vt 0.360032 0.865582
vt 0.370459 0.823626
vt 0.373259 0.865582
vt 0.378345 0.833411
vt 0.378890 0.865582
vt 0.384953 0.843475
vt 0.384953 0.865582
vt 0.306987 0.800204
vt 0.306987 0.734827
vt 0.324260 0.734827
vt 0.285950 0.800204
vt 0.285950 0.734827
vt 0.263863 0.800204
vt 0.263863 0.734827
vt 0.241141 0.800204
vt 0.241141 0.734827
vt 0.218204 0.800204
vt 0.218204 0.734827
vt 0.195481 0.800204
vt 0.195481 0.734827
vt 0.173395 0.800204
vt 0.173395 0.734827
vt 0.152357 0.800204
vt 0.152357 0.734827
vt 0.135084 0.734827
vt 0.152357 0.930959
vt 0.152357 0.996336
vt 0.173395 0.930959
vt 0.173395 0.996336
vt 0.195481 0.930959
vt 0.195481 0.996336
vt 0.218204 0.930959
vt 0.218204 0.996336
vt 0.241141 0.930959
vt 0.241141 0.996336
vt 0.263864 0.930959
vt 0.263864 0.996336
vt 0.285950 0.930959
vt 0.285950 0.996336
vt 0.306987 0.930959
vt 0.306987 0.996336
vt 0.074392 0.821369
vt 0.081545 0.801241
vt 0.091686 0.781670
vt 0.104397 0.763663
vt 0.119442 0.747554
vt 0.339903 0.747553
vt 0.354947 0.763662
vt 0.367658 0.781670
vt 0.377800 0.801241
vt 0.384953 0.821369
vt 0.306987 0.865582
vt 0.285950 0.865582
vt 0.263863 0.865582
vt 0.241141 0.865582
vt 0.218204 0.865582
vt 0.195481 0.865582
vt 0.173395 0.865582
vt 0.152357 0.865582
vt 0.669080 0.924067
vt 0.652363 0.917704
vt 0.654600 0.976718
vt 0.670243 0.989444
vt 0.637013 0.909649
vt 0.639556 0.960609
vt 0.624044 0.900646
vt 0.626844 0.942602
vt 0.616158 0.890861
vt 0.616704 0.923031
vt 0.609550 0.880796
vt 0.609550 0.902903
vt 0.875061 0.976718
vt 0.877298 0.917704
vt 0.860581 0.924067
vt 0.859418 0.989444
vt 0.890106 0.960609
vt 0.892648 0.909650
vt 0.902817 0.942602
vt 0.905617 0.900646
vt 0.912958 0.923031
vt 0.913504 0.890861
vt 0.920111 0.902903
vt 0.920111 0.880797
vt 0.615612 0.858690
vt 0.616158 0.826520
vt 0.609550 0.836584
vt 0.609550 0.858690
vt 0.621243 0.858690
vt 0.624044 0.816734
vt 0.634471 0.858690
vt 0.637013 0.807731
vt 0.650126 0.858690
vt 0.652363 0.799676
vt 0.667918 0.858690
vt 0.669080 0.793313
vt 0.861743 0.858690
vt 0.879535 0.858690
vt 0.877298 0.799676
vt 0.860581 0.793313
vt 0.895191 0.858690
vt 0.892648 0.807731
vt 0.908418 0.858690
vt 0.905617 0.816734
vt 0.914049 0.858690
vt 0.913504 0.826520
vt 0.920111 0.858690
vt 0.920111 0.836584
vt 0.842145 0.727936
vt 0.842145 0.793313
vt 0.859419 0.727936
vt 0.821108 0.727936
vt 0.821108 0.793313
vt 0.799022 0.727936
vt 0.799022 0.793313
vt 0.776299 0.727936
vt 0.776299 0.793313
vt 0.753362 0.727936
vt 0.753363 0.793313
vt 0.730639 0.727936
vt 0.730639 0.793313
vt 0.708554 0.727936
vt 0.708554 0.793313
vt 0.687516 0.727936
vt 0.687516 0.793313
vt 0.670243 0.727936
vt 0.687516 0.989444
vt 0.687516 0.924067
vt 0.708554 0.989444
vt 0.708554 0.924067
vt 0.730639 0.989444
vt 0.730639 0.924067
vt 0.753363 0.989444
vt 0.753363 0.924067
vt 0.776299 0.989444
vt 0.776299 0.924067
vt 0.799022 0.989444
vt 0.799022 0.924067
vt 0.821108 0.989444
vt 0.821108 0.924067
vt 0.842146 0.989444
vt 0.842146 0.924067
vt 0.616704 0.794350
vt 0.609550 0.814478
vt 0.626844 0.774778
vt 0.639556 0.756772
vt 0.654600 0.740662
vt 0.875061 0.740662
vt 0.890106 0.756771
vt 0.902817 0.774778
vt 0.912958 0.794349
vt 0.920111 0.814478
vt 0.842145 0.858690
vt 0.821108 0.858690
vt 0.799022 0.858690
vt 0.776299 0.858690
vt 0.753363 0.858690
vt 0.730639 0.858690
vt 0.708554 0.858690
vt 0.687516 0.858690
vt 0.384953 0.909794
vt 0.377800 0.929923
vt 0.367658 0.949493
vt 0.354948 0.967501
vt 0.339903 0.983609
vt 0.324260 0.996336
vt 0.306987 0.996336
vt 0.285950 0.996336
vt 0.263864 0.996336
vt 0.241141 0.996336
vt 0.218204 0.996336
vt 0.195481 0.996336
vt 0.173395 0.996336
vt 0.152357 0.996336
vt 0.135084 0.996336
vt 0.119442 0.983609
vt 0.104397 0.967501
vt 0.091686 0.949493
vt 0.081545 0.929923
vt 0.074392 0.909794
vt 0.074392 0.887688
vt 0.074392 0.865582
vt 0.074392 0.843475
vt 0.074392 0.821369
vt 0.081545 0.801241
vt 0.091686 0.781670
vt 0.104397 0.763663
vt 0.119442 0.747554
vt 0.135084 0.734827
vt 0.152357 0.734827
vt 0.173395 0.734827
vt 0.195481 0.734827
vt 0.218204 0.734827
vt 0.241141 0.734827
vt 0.263863 0.734827
vt 0.285950 0.734827
vt 0.306987 0.734827
vt 0.324260 0.734827
vt 0.339903 0.747553
vt 0.354947 0.763662
vt 0.367658 0.781670
vt 0.377800 0.801241
vt 0.384953 0.821369
vt 0.384953 0.843475
vt 0.384953 0.865582
vt 0.384953 0.887688
vt 0.912958 0.923031
vt 0.920111 0.902903
vt 0.920111 0.880797
vt 0.920111 0.858690
vt 0.920111 0.836584
vt 0.920111 0.814478
vt 0.912958 0.794349
vt 0.902817 0.774778
vt 0.890106 0.756771
vt 0.875061 0.740662
vt 0.859419 0.727936
vt 0.842145 0.727936
vt 0.821108 0.727936
vt 0.799022 0.727936
vt 0.776299 0.727936
vt 0.753362 0.727936
vt 0.730639 0.727936
vt 0.708554 0.727936
vt 0.687516 0.727936
vt 0.670243 0.727936
vt 0.654600 0.740662
vt 0.639556 0.756772
vt 0.626844 0.774778
vt 0.616704 0.794350
vt 0.609550 0.814478
vt 0.609550 0.836584
vt 0.609550 0.858690
vt 0.609550 0.880796
vt 0.609550 0.902903
vt 0.616704 0.923031
vt 0.626844 0.942602
vt 0.639556 0.960609
vt 0.654600 0.976718
vt 0.670243 0.989444
vt 0.687516 0.989444
vt 0.708554 0.989444
vt 0.730639 0.989444
vt 0.753363 0.989444
vt 0.776299 0.989444
vt 0.799022 0.989444
vt 0.821108 0.989444
vt 0.842146 0.989444
vt 0.859418 0.989444
vt 0.875061 0.976718
vt 0.890106 0.960609
vt 0.902817 0.942602
vn -0.3794 -0.4001 -0.8342
vn -0.1113 -0.0595 -0.9920
vn -0.0897 -0.0738 -0.9932
vn -0.2322 -0.4901 -0.8402
vn -0.4335 -0.3513 -0.8298
vn -0.1155 -0.0483 -0.9921
vn -0.4898 -0.3007 -0.8183
vn -0.1325 -0.0406 -0.9904
vn -0.5518 -0.2408 -0.7984
vn -0.0888 -0.0176 -0.9959
vn -0.5964 -0.1201 -0.7937
vn -0.6005 -0.0124 -0.7995
vn 0.3795 -0.4001 -0.8342
vn 0.2322 -0.4901 -0.8402
vn 0.0897 -0.0738 -0.9932
vn 0.1113 -0.0595 -0.9920
vn 0.4335 -0.3513 -0.8298
vn 0.1155 -0.0483 -0.9921
vn 0.4898 -0.3007 -0.8183
vn 0.1325 -0.0406 -0.9904
vn 0.5518 -0.2408 -0.7984
vn 0.0888 -0.0176 -0.9959
vn 0.5963 -0.1201 -0.7937
vn 0.6005 -0.0124 -0.7995
vn -0.6005 0.0124 -0.7995
vn -0.0888 0.0176 -0.9959
vn -0.0982 -0.0000 -0.9952
vn -0.6162 -0.0000 -0.7876
vn -0.1325 0.0406 -0.9904
vn -0.1066 -0.0000 -0.9943
vn -0.1155 0.0483 -0.9921
vn -0.1131 -0.0000 -0.9936
vn -0.1113 0.0595 -0.9920
vn -0.1166 -0.0000 -0.9932
vn -0.0897 0.0738 -0.9932
vn -0.1103 0.0000 -0.9939
vn 0.1103 0.0000 -0.9939
vn 0.0897 0.0738 -0.9932
vn 0.1113 0.0595 -0.9920
vn 0.1166 0.0000 -0.9932
vn 0.1155 0.0483 -0.9921
vn 0.1131 0.0000 -0.9936
vn 0.1325 0.0406 -0.9904
vn 0.1066 0.0000 -0.9943
vn 0.0888 0.0176 -0.9959
vn 0.0982 0.0000 -0.9952
vn 0.6005 0.0124 -0.7995
vn 0.6162 0.0000 -0.7876
vn 0.0652 0.0839 -0.9943
vn 0.0222 0.4469 -0.8943
vn 0.2322 0.4901 -0.8402
vn 0.0488 0.0969 -0.9941
vn 0.0184 0.4626 -0.8864
vn 0.0264 0.1059 -0.9940
vn 0.0099 0.4787 -0.8779
vn 0.0070 0.1101 -0.9939
vn 0.0026 0.4863 -0.8738
vn -0.0070 0.1101 -0.9939
vn -0.0026 0.4863 -0.8738
vn -0.0264 0.1059 -0.9940
vn -0.0099 0.4787 -0.8779
vn -0.0488 0.0969 -0.9941
vn -0.0184 0.4626 -0.8864
vn -0.0652 0.0839 -0.9943
vn -0.0222 0.4469 -0.8943
vn -0.2322 0.4901 -0.8402
vn -0.0652 -0.0839 -0.9943
vn -0.0222 -0.4469 -0.8943
vn -0.0488 -0.0969 -0.9941
vn -0.0184 -0.4626 -0.8864
vn -0.0264 -0.1059 -0.9940
vn -0.0099 -0.4787 -0.8779
vn -0.0070 -0.1101 -0.9939
vn -0.0026 -0.4863 -0.8738
vn 0.0070 -0.1101 -0.9939
vn 0.0026 -0.4863 -0.8738
vn 0.0264 -0.1059 -0.9940
vn 0.0099 -0.4787 -0.8779
vn 0.0488 -0.0969 -0.9941
vn 0.0184 -0.4626 -0.8864
vn 0.0652 -0.0839 -0.9943
vn 0.0222 -0.4469 -0.8943
vn -0.5963 0.1201 -0.7937
vn -0.5518 0.2408 -0.7984
vn -0.4898 0.3007 -0.8183
vn -0.4335 0.3513 -0.8298
vn -0.3794 0.4001 -0.8342
vn 0.3795 0.4001 -0.8342
vn 0.4335 0.3513 -0.8298
vn 0.4898 0.3007 -0.8183
vn 0.5518 0.2408 -0.7984
vn 0.5964 0.1201 -0.7937
vn 0.0877 0.0000 -0.9961
vn 0.0653 -0.0000 -0.9979
vn 0.0355 -0.0000 -0.9994
vn 0.0094 -0.0000 -1.0000
vn -0.0094 -0.0000 -1.0000
vn -0.0355 -0.0000 -0.9994
vn -0.0653 -0.0000 -0.9979
vn -0.0877 -0.0000 -0.9961
vn -0.0897 -0.0738 0.9932
vn -0.1113 -0.0595 0.9920
vn -0.3790 -0.3997 0.8346
vn -0.2320 -0.4895 0.8406
vn -0.1155 -0.0483 0.9921
vn -0.4331 -0.3510 0.8302
vn -0.1272 -0.0386 0.9911
vn -0.4888 -0.3006 0.8190
vn -0.1256 -0.0106 0.9920
vn -0.5482 -0.2418 0.8006
vn -0.5852 0.0090 0.8109
vn -0.6047 -0.1137 0.7883
vn 0.3790 -0.3997 0.8346
vn 0.1113 -0.0595 0.9920
vn 0.0897 -0.0738 0.9932
vn 0.2320 -0.4895 0.8406
vn 0.4331 -0.3510 0.8302
vn 0.1155 -0.0483 0.9921
vn 0.4888 -0.3006 0.8190
vn 0.1272 -0.0386 0.9911
vn 0.5482 -0.2418 0.8006
vn 0.1256 -0.0106 0.9920
vn 0.6047 -0.1137 0.7883
vn 0.5852 0.0090 0.8109
vn -0.1350 -0.0000 0.9908
vn -0.1256 0.0106 0.9920
vn -0.5852 -0.0090 0.8109
vn -0.5780 -0.0000 0.8160
vn -0.1157 -0.0000 0.9933
vn -0.1272 0.0386 0.9911
vn -0.1131 -0.0000 0.9936
vn -0.1155 0.0483 0.9921
vn -0.1166 -0.0000 0.9932
vn -0.1113 0.0595 0.9920
vn -0.1103 -0.0000 0.9939
vn -0.0897 0.0738 0.9932
vn 0.1103 -0.0000 0.9939
vn 0.1166 0.0000 0.9932
vn 0.1113 0.0595 0.9920
vn 0.0897 0.0738 0.9932
vn 0.1131 0.0000 0.9936
vn 0.1155 0.0483 0.9921
vn 0.1157 0.0000 0.9933
vn 0.1272 0.0386 0.9911
vn 0.1350 0.0000 0.9908
vn 0.1256 0.0106 0.9920
vn 0.5780 0.0000 0.8160
vn 0.5852 -0.0090 0.8109
vn 0.0222 0.4462 0.8947
vn 0.0652 0.0839 0.9943
vn 0.2320 0.4895 0.8406
vn 0.0184 0.4619 0.8867
vn 0.0488 0.0969 0.9941
vn 0.0099 0.4781 0.8783
vn 0.0264 0.1059 0.9940
vn 0.0026 0.4856 0.8742
vn 0.0070 0.1101 0.9939
vn -0.0026 0.4856 0.8742
vn -0.0070 0.1101 0.9939
vn -0.0099 0.4781 0.8783
vn -0.0264 0.1059 0.9940
vn -0.0184 0.4619 0.8867
vn -0.0488 0.0969 0.9941
vn -0.0222 0.4462 0.8947
vn -0.0652 0.0839 0.9943
vn -0.2320 0.4895 0.8406
vn -0.0222 -0.4462 0.8947
vn -0.0652 -0.0839 0.9943
vn -0.0184 -0.4619 0.8867
vn -0.0488 -0.0969 0.9941
vn -0.0099 -0.4781 0.8783
vn -0.0264 -0.1059 0.9940
vn -0.0026 -0.4856 0.8742
vn -0.0070 -0.1101 0.9939
vn 0.0026 -0.4856 0.8742
vn 0.0070 -0.1101 0.9939
vn 0.0099 -0.4781 0.8783
vn 0.0264 -0.1059 0.9940
vn 0.0184 -0.4619 0.8867
vn 0.0488 -0.0969 0.9941
vn 0.0222 -0.4462 0.8947
vn 0.0652 -0.0839 0.9943
vn -0.5482 0.2418 0.8006
vn -0.6047 0.1137 0.7883
vn -0.4888 0.3006 0.8190
vn -0.4331 0.3510 0.8302
vn -0.3790 0.3997 0.8346
vn 0.3790 0.3997 0.8346
vn 0.4331 0.3510 0.8302
vn 0.4888 0.3006 0.8190
vn 0.5482 0.2418 0.8006
vn 0.6047 0.1137 0.7883
vn 0.0877 0.0000 0.9961
vn 0.0653 -0.0000 0.9979
vn 0.0355 -0.0000 0.9994
vn 0.0094 -0.0000 1.0000
vn -0.0094 -0.0000 1.0000
vn -0.0355 0.0000 0.9994
vn -0.0653 -0.0000 0.9979
vn -0.0877 -0.0000 0.9961
vn 0.8987 -0.1470 -0.4131
vn 0.8167 -0.3602 -0.4508
vn 0.7374 -0.4520 -0.5019
vn 0.6571 -0.5359 -0.5301
vn 0.5743 -0.6154 -0.5399
vn 0.2082 -0.7195 -0.6626
vn 0.0010 -0.7204 -0.6936
vn 0.0022 -0.7326 -0.6806
vn 0.0013 -0.7446 -0.6675
vn 0.0004 -0.7504 -0.6610
vn -0.0004 -0.7504 -0.6610
vn -0.0013 -0.7446 -0.6675
vn -0.0022 -0.7326 -0.6806
vn -0.0010 -0.7204 -0.6936
vn -0.2082 -0.7195 -0.6626
vn -0.5743 -0.6154 -0.5400
vn -0.6570 -0.5359 -0.5301
vn -0.7374 -0.4521 -0.5019
vn -0.8167 -0.3602 -0.4508
vn -0.8987 -0.1470 -0.4131
vn -0.9305 -0.0062 -0.3663
vn -0.9407 -0.0000 -0.3392
vn -0.9305 0.0062 -0.3663
vn -0.8987 0.1470 -0.4131
vn -0.8167 0.3602 -0.4507
vn -0.7374 0.4521 -0.5019
vn -0.6570 0.5359 -0.5301
vn -0.5743 0.6154 -0.5400
vn -0.2082 0.7195 -0.6626
vn -0.0010 0.7204 -0.6936
vn -0.0022 0.7326 -0.6806
vn -0.0013 0.7446 -0.6675
vn -0.0004 0.7503 -0.6610
vn 0.0004 0.7503 -0.6610
vn 0.0013 0.7446 -0.6675
vn 0.0022 0.7326 -0.6806
vn 0.0010 0.7204 -0.6936
vn 0.2082 0.7195 -0.6626
vn 0.5743 0.6154 -0.5399
vn 0.6571 0.5359 -0.5301
vn 0.7374 0.4520 -0.5019
vn 0.8167 0.3602 -0.4508
vn 0.8987 0.1470 -0.4131
vn 0.9305 0.0062 -0.3663
vn 0.9407 0.0000 -0.3392
vn 0.9305 -0.0062 -0.3663
vn 0.8163 -0.3600 0.4517
vn 0.8867 -0.1418 0.4401
vn 0.8846 0.0035 0.4663
vn 0.8762 0.0000 0.4819
vn 0.8846 -0.0035 0.4663
vn 0.8867 0.1418 0.4401
vn 0.8163 0.3600 0.4517
vn 0.7369 0.4517 0.5029
vn 0.6565 0.5355 0.5313
vn 0.5738 0.6148 0.5411
vn 0.2078 0.7185 0.6637
vn 0.0010 0.7194 0.6946
vn 0.0022 0.7316 0.6817
vn 0.0013 0.7437 0.6685
vn 0.0004 0.7494 0.6621
vn -0.0004 0.7494 0.6621
vn -0.0013 0.7437 0.6685
vn -0.0022 0.7316 0.6817
vn -0.0010 0.7194 0.6946
vn -0.2078 0.7185 0.6637
vn -0.5738 0.6148 0.5411
vn -0.6565 0.5355 0.5313
vn -0.7369 0.4517 0.5029
vn -0.8163 0.3600 0.4517
vn -0.8867 0.1418 0.4401
vn -0.8846 -0.0035 0.4663
vn -0.8762 -0.0000 0.4819
vn -0.8846 0.0035 0.4663
vn -0.8867 -0.1418 0.4401
vn -0.8163 -0.3600 0.4517
vn -0.7369 -0.4517 0.5029
vn -0.6565 -0.5355 0.5313
vn -0.5738 -0.6148 0.5411
vn -0.2078 -0.7185 0.6637
vn -0.0010 -0.7194 0.6946
vn -0.0022 -0.7316 0.6817
vn -0.0013 -0.7437 0.6685
vn -0.0004 -0.7494 0.6621
vn 0.0004 -0.7494 0.6621
vn 0.0013 -0.7437 0.6685
vn 0.0022 -0.7316 0.6817
vn 0.0010 -0.7194 0.6946
vn 0.2078 -0.7185 0.6637
vn 0.5738 -0.6148 0.5411
vn 0.6565 -0.5355 0.5313
vn 0.7369 -0.4517 0.5029
usemtl Glass
s 1
f 2211/3023/2375 2103/3024/2376 2102/3025/2377 2210/3026/2378
f 2212/3027/2379 2104/3028/2380 2103/3024/2376 2211/3023/2375
f 2213/3029/2381 2105/3030/2382 2104/3028/2380 2212/3027/2379
f 2214/3031/2383 2107/3032/2384 2105/3030/2382 2213/3029/2381
f 2215/3033/2385 2216/3034/2386 2107/3032/2384 2214/3031/2383
f 2200/3035/2387 2201/3036/2388 2106/3037/2389 2108/3038/2390
f 2199/3039/2391 2200/3035/2387 2108/3038/2390 2109/3040/2392
f 2198/3041/2393 2199/3039/2391 2109/3040/2392 2110/3042/2394
f 2197/3043/2395 2198/3041/2393 2110/3042/2394 2111/3044/2396
f 2196/3045/2397 2197/3043/2395 2111/3044/2396 2241/3046/2398
f 2218/3047/2399 2112/3048/2400 2042/3049/2401 2217/3050/2402
f 2112/3048/2400 2113/3051/2403 2043/3052/2404 2042/3049/2401
f 2113/3051/2403 2114/3053/2405 2044/3054/2406 2043/3052/2404
f 2114/3053/2405 2115/3055/2407 2045/3056/2408 2044/3054/2406
f 2115/3055/2407 2116/3057/2409 2046/3058/2410 2045/3056/2408
f 2055/3059/2411 2125/3060/2412 2126/3061/2413 2056/3062/2414
f 2056/3062/2414 2126/3061/2413 2127/3063/2415 2057/3064/2416
f 2057/3064/2416 2127/3063/2415 2128/3065/2417 2058/3066/2418
f 2058/3066/2418 2128/3065/2417 2129/3067/2419 2059/3068/2420
f 2059/3068/2420 2129/3067/2419 2239/3069/2421 2240/3070/2422
f 2125/3060/2412 2124/3071/2423 2232/3072/2424 2233/3073/2425
f 2124/3071/2423 2123/3074/2426 2231/3075/2427 2232/3072/2424
f 2123/3074/2426 2122/3076/2428 2230/3077/2429 2231/3075/2427
f 2122/3076/2428 2121/3078/2430 2229/3079/2431 2230/3077/2429
f 2121/3078/2430 2120/3080/2432 2228/3081/2433 2229/3079/2431
f 2120/3080/2432 2119/3082/2434 2227/3083/2435 2228/3081/2433
f 2119/3082/2434 2118/3084/2436 2226/3085/2437 2227/3083/2435
f 2118/3084/2436 2117/3086/2438 2225/3087/2439 2226/3085/2437
f 2117/3086/2438 2116/3057/2409 2224/3088/2440 2225/3087/2439
f 2102/3025/2377 2130/3089/2441 2209/3090/2442 2210/3026/2378
f 2130/3089/2441 2131/3091/2443 2208/3092/2444 2209/3090/2442
f 2131/3091/2443 2132/3093/2445 2207/3094/2446 2208/3092/2444
f 2132/3093/2445 2133/3095/2447 2206/3096/2448 2207/3094/2446
f 2133/3095/2447 2134/3097/2449 2205/3098/2450 2206/3096/2448
f 2134/3097/2449 2135/3099/2451 2204/3100/2452 2205/3098/2450
f 2135/3099/2451 2136/3101/2453 2203/3102/2454 2204/3100/2452
f 2136/3101/2453 2137/3103/2455 2202/3104/2456 2203/3102/2454
f 2137/3103/2455 2106/3037/2389 2201/3036/2388 2202/3104/2456
f 2103/3024/2376 2045/3056/2408 2046/3058/2410 2102/3025/2377
f 2104/3028/2380 2044/3054/2406 2045/3056/2408 2103/3024/2376
f 2105/3030/2382 2043/3052/2404 2044/3054/2406 2104/3028/2380
f 2107/3032/2384 2042/3049/2401 2043/3052/2404 2105/3030/2382
f 2216/3034/2386 2217/3050/2402 2042/3049/2401 2107/3032/2384
f 2055/3059/2411 2056/3062/2414 2108/3038/2390 2106/3037/2389
f 2056/3062/2414 2057/3064/2416 2109/3040/2392 2108/3038/2390
f 2057/3064/2416 2058/3066/2418 2110/3042/2394 2109/3040/2392
f 2058/3066/2418 2059/3068/2420 2111/3044/2396 2110/3042/2394
f 2059/3068/2420 2240/3070/2422 2241/3046/2398 2111/3044/2396
f 2219/3105/2457 2220/3106/2458 2112/3048/2400 2218/3047/2399
f 2220/3106/2458 2221/3107/2459 2113/3051/2403 2112/3048/2400
f 2221/3107/2459 2222/3108/2460 2114/3053/2405 2113/3051/2403
f 2222/3108/2460 2223/3109/2461 2115/3055/2407 2114/3053/2405
f 2223/3109/2461 2224/3088/2440 2116/3057/2409 2115/3055/2407
f 2125/3060/2412 2233/3073/2425 2234/3110/2462 2126/3061/2413
f 2126/3061/2413 2234/3110/2462 2235/3111/2463 2127/3063/2415
f 2127/3063/2415 2235/3111/2463 2236/3112/2464 2128/3065/2417
f 2128/3065/2417 2236/3112/2464 2237/3113/2465 2129/3067/2419
f 2129/3067/2419 2237/3113/2465 2238/3114/2466 2239/3069/2421
f 2055/3059/2411 2054/3115/2467 2124/3071/2423 2125/3060/2412
f 2054/3115/2467 2053/3116/2468 2123/3074/2426 2124/3071/2423
f 2053/3116/2468 2052/3117/2469 2122/3076/2428 2123/3074/2426
f 2052/3117/2469 2051/3118/2470 2121/3078/2430 2122/3076/2428
f 2051/3118/2470 2050/3119/2471 2120/3080/2432 2121/3078/2430
f 2050/3119/2471 2049/3120/2472 2119/3082/2434 2120/3080/2432
f 2049/3120/2472 2048/3121/2473 2118/3084/2436 2119/3082/2434
f 2048/3121/2473 2047/3122/2474 2117/3086/2438 2118/3084/2436
f 2047/3122/2474 2046/3058/2410 2116/3057/2409 2117/3086/2438
f 2046/3058/2410 2047/3122/2474 2130/3089/2441 2102/3025/2377
f 2047/3122/2474 2048/3121/2473 2131/3091/2443 2130/3089/2441
f 2048/3121/2473 2049/3120/2472 2132/3093/2445 2131/3091/2443
f 2049/3120/2472 2050/3119/2471 2133/3095/2447 2132/3093/2445
f 2050/3119/2471 2051/3118/2470 2134/3097/2449 2133/3095/2447
f 2051/3118/2470 2052/3117/2469 2135/3099/2451 2134/3097/2449
f 2052/3117/2469 2053/3116/2468 2136/3101/2453 2135/3099/2451
f 2053/3116/2468 2054/3115/2467 2137/3103/2455 2136/3101/2453
f 2054/3115/2467 2055/3059/2411 2106/3037/2389 2137/3103/2455
f 2160/3123/2475 2161/3124/2476 2274/3125/2477 2275/3126/2478
f 2161/3124/2476 2162/3127/2479 2273/3128/2480 2274/3125/2477
f 2162/3127/2479 2163/3129/2481 2272/3130/2482 2273/3128/2480
f 2163/3129/2481 2165/3131/2483 2271/3132/2484 2272/3130/2482
f 2165/3131/2483 2269/3133/2485 2270/3134/2486 2271/3132/2484
f 2285/3135/2487 2166/3136/2488 2164/3137/2489 2284/3138/2490
f 2286/3139/2491 2167/3140/2492 2166/3136/2488 2285/3135/2487
f 2287/3141/2493 2168/3142/2494 2167/3140/2492 2286/3139/2491
f 2242/3143/2495 2169/3144/2496 2168/3142/2494 2287/3141/2493
f 2243/3145/2497 2244/3146/2498 2169/3144/2496 2242/3143/2495
f 2142/3147/2499 2170/3148/2500 2267/3149/2501 2268/3150/2502
f 2143/3151/2503 2171/3152/2504 2170/3148/2500 2142/3147/2499
f 2144/3153/2505 2172/3154/2506 2171/3152/2504 2143/3151/2503
f 2145/3155/2507 2173/3156/2508 2172/3154/2506 2144/3153/2505
f 2146/3157/2509 2174/3158/2510 2173/3156/2508 2145/3155/2507
f 2155/3159/2511 2156/3160/2512 2184/3161/2513 2183/3162/2514
f 2156/3160/2512 2157/3163/2515 2185/3164/2516 2184/3161/2513
f 2157/3163/2515 2158/3165/2517 2186/3166/2518 2185/3164/2516
f 2158/3165/2517 2159/3167/2519 2187/3168/2520 2186/3166/2518
f 2159/3167/2519 2245/3169/2521 2246/3170/2522 2187/3168/2520
f 2253/3171/2523 2182/3172/2524 2183/3162/2514 2252/3173/2525
f 2254/3174/2526 2181/3175/2527 2182/3172/2524 2253/3171/2523
f 2255/3176/2528 2180/3177/2529 2181/3175/2527 2254/3174/2526
f 2256/3178/2530 2179/3179/2531 2180/3177/2529 2255/3176/2528
f 2257/3180/2532 2178/3181/2533 2179/3179/2531 2256/3178/2530
f 2258/3182/2534 2177/3183/2535 2178/3181/2533 2257/3180/2532
f 2259/3184/2536 2176/3185/2537 2177/3183/2535 2258/3182/2534
f 2260/3186/2538 2175/3187/2539 2176/3185/2537 2259/3184/2536
f 2261/3188/2540 2174/3158/2510 2175/3187/2539 2260/3186/2538
f 2276/3189/2541 2188/3190/2542 2160/3123/2475 2275/3126/2478
f 2277/3191/2543 2189/3192/2544 2188/3190/2542 2276/3189/2541
f 2278/3193/2545 2190/3194/2546 2189/3192/2544 2277/3191/2543
f 2279/3195/2547 2191/3196/2548 2190/3194/2546 2278/3193/2545
f 2280/3197/2549 2192/3198/2550 2191/3196/2548 2279/3195/2547
f 2281/3199/2551 2193/3200/2552 2192/3198/2550 2280/3197/2549
f 2282/3201/2553 2194/3202/2554 2193/3200/2552 2281/3199/2551
f 2283/3203/2555 2195/3204/2556 2194/3202/2554 2282/3201/2553
f 2284/3138/2490 2164/3137/2489 2195/3204/2556 2283/3203/2555
f 2161/3124/2476 2160/3123/2475 2146/3157/2509 2145/3155/2507
f 2162/3127/2479 2161/3124/2476 2145/3155/2507 2144/3153/2505
f 2163/3129/2481 2162/3127/2479 2144/3153/2505 2143/3151/2503
f 2165/3131/2483 2163/3129/2481 2143/3151/2503 2142/3147/2499
f 2269/3133/2485 2165/3131/2483 2142/3147/2499 2268/3150/2502
f 2166/3136/2488 2156/3160/2512 2155/3159/2511 2164/3137/2489
f 2167/3140/2492 2157/3163/2515 2156/3160/2512 2166/3136/2488
f 2168/3142/2494 2158/3165/2517 2157/3163/2515 2167/3140/2492
f 2169/3144/2496 2159/3167/2519 2158/3165/2517 2168/3142/2494
f 2244/3146/2498 2245/3169/2521 2159/3167/2519 2169/3144/2496
f 2170/3148/2500 2265/3205/2557 2266/3206/2558 2267/3149/2501
f 2171/3152/2504 2264/3207/2559 2265/3205/2557 2170/3148/2500
f 2172/3154/2506 2263/3208/2560 2264/3207/2559 2171/3152/2504
f 2173/3156/2508 2262/3209/2561 2263/3208/2560 2172/3154/2506
f 2174/3158/2510 2261/3188/2540 2262/3209/2561 2173/3156/2508
f 2183/3162/2514 2184/3161/2513 2251/3210/2562 2252/3173/2525
f 2184/3161/2513 2185/3164/2516 2250/3211/2563 2251/3210/2562
f 2185/3164/2516 2186/3166/2518 2249/3212/2564 2250/3211/2563
f 2186/3166/2518 2187/3168/2520 2248/3213/2565 2249/3212/2564
f 2187/3168/2520 2246/3170/2522 2247/3214/2566 2248/3213/2565
f 2182/3172/2524 2154/3215/2567 2155/3159/2511 2183/3162/2514
f 2181/3175/2527 2153/3216/2568 2154/3215/2567 2182/3172/2524
f 2180/3177/2529 2152/3217/2569 2153/3216/2568 2181/3175/2527
f 2179/3179/2531 2151/3218/2570 2152/3217/2569 2180/3177/2529
f 2178/3181/2533 2150/3219/2571 2151/3218/2570 2179/3179/2531
f 2177/3183/2535 2149/3220/2572 2150/3219/2571 2178/3181/2533
f 2176/3185/2537 2148/3221/2573 2149/3220/2572 2177/3183/2535
f 2175/3187/2539 2147/3222/2574 2148/3221/2573 2176/3185/2537
f 2174/3158/2510 2146/3157/2509 2147/3222/2574 2175/3187/2539
f 2188/3190/2542 2147/3222/2574 2146/3157/2509 2160/3123/2475
f 2189/3192/2544 2148/3221/2573 2147/3222/2574 2188/3190/2542
f 2190/3194/2546 2149/3220/2572 2148/3221/2573 2189/3192/2544
f 2191/3196/2548 2150/3219/2571 2149/3220/2572 2190/3194/2546
f 2192/3198/2550 2151/3218/2570 2150/3219/2571 2191/3196/2548
f 2193/3200/2552 2152/3217/2569 2151/3218/2570 2192/3198/2550
f 2194/3202/2554 2153/3216/2568 2152/3217/2569 2193/3200/2552
f 2195/3204/2556 2154/3215/2567 2153/3216/2568 2194/3202/2554
f 2164/3137/2489 2155/3159/2511 2154/3215/2567 2195/3204/2556
f 2060/3223/2575 2061/3224/2576 2197/3043/2395 2196/3045/2397
f 2061/3224/2576 2062/3225/2577 2198/3041/2393 2197/3043/2395
f 2062/3225/2577 2063/3226/2578 2199/3039/2391 2198/3041/2393
f 2063/3226/2578 2064/3227/2579 2200/3035/2387 2199/3039/2391
f 2064/3227/2579 2065/3228/2580 2201/3036/2388 2200/3035/2387
f 2065/3228/2580 2066/3229/2581 2202/3104/2456 2201/3036/2388
f 2066/3229/2581 2067/3230/2582 2203/3102/2454 2202/3104/2456
f 2067/3230/2582 2068/3231/2583 2204/3100/2452 2203/3102/2454
f 2068/3231/2583 2069/3232/2584 2205/3098/2450 2204/3100/2452
f 2069/3232/2584 2070/3233/2585 2206/3096/2448 2205/3098/2450
f 2070/3233/2585 2071/3234/2586 2207/3094/2446 2206/3096/2448
f 2071/3234/2586 2072/3235/2587 2208/3092/2444 2207/3094/2446
f 2072/3235/2587 2073/3236/2588 2209/3090/2442 2208/3092/2444
f 2073/3236/2588 2074/3237/2589 2210/3026/2378 2209/3090/2442
f 2074/3237/2589 2075/3238/2590 2211/3023/2375 2210/3026/2378
f 2075/3238/2590 2076/3239/2591 2212/3027/2379 2211/3023/2375
f 2076/3239/2591 2077/3240/2592 2213/3029/2381 2212/3027/2379
f 2077/3240/2592 2078/3241/2593 2214/3031/2383 2213/3029/2381
f 2078/3241/2593 2079/3242/2594 2215/3033/2385 2214/3031/2383
f 2079/3242/2594 2138/3243/2595 2216/3034/2386 2215/3033/2385
f 2138/3243/2595 2080/3244/2596 2217/3050/2402 2216/3034/2386
f 2080/3244/2596 2139/3245/2597 2218/3047/2399 2217/3050/2402
f 2139/3245/2597 2081/3246/2598 2219/3105/2457 2218/3047/2399
f 2081/3246/2598 2082/3247/2599 2220/3106/2458 2219/3105/2457
f 2082/3247/2599 2083/3248/2600 2221/3107/2459 2220/3106/2458
f 2083/3248/2600 2084/3249/2601 2222/3108/2460 2221/3107/2459
f 2084/3249/2601 2085/3250/2602 2223/3109/2461 2222/3108/2460
f 2085/3250/2602 2086/3251/2603 2224/3088/2440 2223/3109/2461
f 2086/3251/2603 2087/3252/2604 2225/3087/2439 2224/3088/2440
f 2087/3252/2604 2088/3253/2605 2226/3085/2437 2225/3087/2439
f 2088/3253/2605 2089/3254/2606 2227/3083/2435 2226/3085/2437
f 2089/3254/2606 2090/3255/2607 2228/3081/2433 2227/3083/2435
f 2090/3255/2607 2091/3256/2608 2229/3079/2431 2228/3081/2433
f 2091/3256/2608 2092/3257/2609 2230/3077/2429 2229/3079/2431
f 2092/3257/2609 2093/3258/2610 2231/3075/2427 2230/3077/2429
f 2093/3258/2610 2094/3259/2611 2232/3072/2424 2231/3075/2427
f 2094/3259/2611 2095/3260/2612 2233/3073/2425 2232/3072/2424
f 2095/3260/2612 2096/3261/2613 2234/3110/2462 2233/3073/2425
f 2096/3261/2613 2097/3262/2614 2235/3111/2463 2234/3110/2462
f 2097/3262/2614 2098/3263/2615 2236/3112/2464 2235/3111/2463
f 2098/3263/2615 2099/3264/2616 2237/3113/2465 2236/3112/2464
f 2099/3264/2616 2100/3265/2617 2238/3114/2466 2237/3113/2465
f 2100/3265/2617 2140/3266/2618 2239/3069/2421 2238/3114/2466
f 2140/3266/2618 2101/3267/2619 2240/3070/2422 2239/3069/2421
f 2101/3267/2619 2141/3268/2620 2241/3046/2398 2240/3070/2422
f 2141/3268/2620 2060/3223/2575 2196/3045/2397 2241/3046/2398
f 2061/3269/2621 2060/3270/2622 2243/3145/2497 2242/3143/2495
f 2060/3270/2622 2141/3271/2623 2244/3146/2498 2243/3145/2497
f 2141/3271/2623 2101/3272/2624 2245/3169/2521 2244/3146/2498
f 2101/3272/2624 2140/3273/2625 2246/3170/2522 2245/3169/2521
f 2140/3273/2625 2100/3274/2626 2247/3214/2566 2246/3170/2522
f 2100/3274/2626 2099/3275/2627 2248/3213/2565 2247/3214/2566
f 2099/3275/2627 2098/3276/2628 2249/3212/2564 2248/3213/2565
f 2098/3276/2628 2097/3277/2629 2250/3211/2563 2249/3212/2564
f 2097/3277/2629 2096/3278/2630 2251/3210/2562 2250/3211/2563
f 2096/3278/2630 2095/3279/2631 2252/3173/2525 2251/3210/2562
f 2095/3279/2631 2094/3280/2632 2253/3171/2523 2252/3173/2525
f 2094/3280/2632 2093/3281/2633 2254/3174/2526 2253/3171/2523
f 2093/3281/2633 2092/3282/2634 2255/3176/2528 2254/3174/2526
f 2092/3282/2634 2091/3283/2635 2256/3178/2530 2255/3176/2528
f 2091/3283/2635 2090/3284/2636 2257/3180/2532 2256/3178/2530
f 2090/3284/2636 2089/3285/2637 2258/3182/2534 2257/3180/2532
f 2089/3285/2637 2088/3286/2638 2259/3184/2536 2258/3182/2534
f 2088/3286/2638 2087/3287/2639 2260/3186/2538 2259/3184/2536
f 2087/3287/2639 2086/3288/2640 2261/3188/2540 2260/3186/2538
f 2086/3288/2640 2085/3289/2641 2262/3209/2561 2261/3188/2540
f 2085/3289/2641 2084/3290/2642 2263/3208/2560 2262/3209/2561
f 2084/3290/2642 2083/3291/2643 2264/3207/2559 2263/3208/2560
f 2083/3291/2643 2082/3292/2644 2265/3205/2557 2264/3207/2559
f 2082/3292/2644 2081/3293/2645 2266/3206/2558 2265/3205/2557
f 2081/3293/2645 2139/3294/2646 2267/3149/2501 2266/3206/2558
f 2139/3294/2646 2080/3295/2647 2268/3150/2502 2267/3149/2501
f 2080/3295/2647 2138/3296/2648 2269/3133/2485 2268/3150/2502
f 2138/3296/2648 2079/3297/2649 2270/3134/2486 2269/3133/2485
f 2079/3297/2649 2078/3298/2650 2271/3132/2484 2270/3134/2486
f 2078/3298/2650 2077/3299/2651 2272/3130/2482 2271/3132/2484
f 2077/3299/2651 2076/3300/2652 2273/3128/2480 2272/3130/2482
f 2076/3300/2652 2075/3301/2653 2274/3125/2477 2273/3128/2480
f 2075/3301/2653 2074/3302/2654 2275/3126/2478 2274/3125/2477
f 2074/3302/2654 2073/3303/2655 2276/3189/2541 2275/3126/2478
f 2073/3303/2655 2072/3304/2656 2277/3191/2543 2276/3189/2541
f 2072/3304/2656 2071/3305/2657 2278/3193/2545 2277/3191/2543
f 2071/3305/2657 2070/3306/2658 2279/3195/2547 2278/3193/2545
f 2070/3306/2658 2069/3307/2659 2280/3197/2549 2279/3195/2547
f 2069/3307/2659 2068/3308/2660 2281/3199/2551 2280/3197/2549
f 2068/3308/2660 2067/3309/2661 2282/3201/2553 2281/3199/2551
f 2067/3309/2661 2066/3310/2662 2283/3203/2555 2282/3201/2553
f 2066/3310/2662 2065/3311/2663 2284/3138/2490 2283/3203/2555
f 2065/3311/2663 2064/3312/2664 2285/3135/2487 2284/3138/2490
f 2064/3312/2664 2063/3313/2665 2286/3139/2491 2285/3135/2487
f 2063/3313/2665 2062/3314/2666 2287/3141/2493 2286/3139/2491
f 2062/3314/2666 2061/3269/2621 2242/3143/2495 2287/3141/2493
o Zoommechanism_Lowpoly_Mesh.006
v 0.315101 0.000244 -1.345601
v 0.319675 -0.066621 -1.345601
v 0.315101 -0.133484 -1.345601
v 0.301466 -0.199103 -1.345601
v 0.279022 -0.262253 -1.345601
v 0.248188 -0.321760 -1.345601
v 0.209539 -0.376513 -1.345601
v 0.163794 -0.425494 -1.345601
v 0.111806 -0.467789 -1.345601
v 0.054543 -0.502612 -1.345601
v -0.006929 -0.529313 -1.345600
v -0.071464 -0.547395 -1.345600
v -0.137860 -0.556520 -1.345600
v -0.204880 -0.556520 -1.345600
v -0.271276 -0.547395 -1.345600
v -0.335811 -0.529313 -1.345600
v -0.397282 -0.502612 -1.345600
v -0.454546 -0.467789 -1.345600
v -0.506534 -0.425494 -1.345600
v -0.552279 -0.376513 -1.345600
v -0.590928 -0.321760 -1.345600
v -0.621762 -0.262253 -1.345600
v -0.644205 -0.199103 -1.345600
v -0.657841 -0.133485 -1.345600
v -0.662415 -0.066621 -1.345600
v -0.657841 0.000243 -1.345600
v -0.644205 0.065862 -1.345600
v -0.621762 0.129012 -1.345600
v -0.590928 0.188518 -1.345600
v -0.552279 0.243272 -1.345600
v -0.506534 0.292252 -1.345600
v -0.454546 0.334548 -1.345600
v -0.397282 0.369371 -1.345600
v -0.335811 0.396072 -1.345600
v -0.271276 0.414154 -1.345600
v -0.204880 0.423279 -1.345600
v -0.137860 0.423279 -1.345600
v -0.071464 0.414154 -1.345600
v -0.006929 0.396072 -1.345600
v 0.054542 0.369371 -1.345600
v 0.111806 0.334548 -1.345601
v 0.163794 0.292253 -1.345601
v 0.209539 0.243272 -1.345601
v 0.248188 0.188519 -1.345601
v 0.279022 0.129012 -1.345601
v 0.301465 0.065862 -1.345601
v 0.225731 -0.012040 -1.345601
v 0.229465 -0.066621 -1.345601
v 0.225731 -0.121201 -1.345601
v 0.214600 -0.174764 -1.345601
v 0.196280 -0.226313 -1.345601
v 0.171111 -0.274888 -1.345601
v 0.139562 -0.319582 -1.345601
v 0.102221 -0.359565 -1.345601
v 0.059783 -0.394090 -1.345601
v 0.013040 -0.422515 -1.345600
v -0.037139 -0.444311 -1.345600
v -0.089818 -0.459071 -1.345600
v -0.144016 -0.466520 -1.345600
v -0.198724 -0.466520 -1.345600
v -0.252922 -0.459071 -1.345600
v -0.305601 -0.444311 -1.345600
v -0.355780 -0.422515 -1.345600
v -0.402523 -0.394090 -1.345600
v -0.444961 -0.359565 -1.345600
v -0.482302 -0.319582 -1.345600
v -0.513851 -0.274888 -1.345600
v -0.539020 -0.226314 -1.345600
v -0.557340 -0.174764 -1.345600
v -0.568471 -0.121201 -1.345600
v -0.572204 -0.066621 -1.345600
v -0.568471 -0.012040 -1.345600
v -0.557340 0.041523 -1.345600
v -0.539020 0.093072 -1.345600
v -0.513851 0.141646 -1.345600
v -0.482302 0.186341 -1.345600
v -0.444961 0.226324 -1.345600
v -0.402523 0.260849 -1.345600
v -0.355780 0.289274 -1.345600
v -0.305601 0.311070 -1.345600
v -0.252922 0.325830 -1.345600
v -0.198724 0.333279 -1.345600
v -0.144016 0.333279 -1.345600
v -0.089818 0.325830 -1.345600
v -0.037139 0.311070 -1.345600
v 0.013040 0.289275 -1.345600
v 0.059783 0.260849 -1.345600
v 0.102221 0.226324 -1.345600
v 0.139562 0.186342 -1.345601
v 0.171111 0.141647 -1.345601
v 0.196280 0.093073 -1.345601
v 0.214600 0.041524 -1.345601
v 0.162008 -0.020799 -1.315435
v 0.165142 -0.066621 -1.315435
v 0.162008 -0.112442 -1.315435
v 0.152663 -0.157410 -1.315435
v 0.137283 -0.200687 -1.315435
v 0.116152 -0.241467 -1.315435
v 0.089666 -0.278989 -1.315435
v 0.058318 -0.312555 -1.315435
v 0.022690 -0.341541 -1.315435
v -0.016552 -0.365404 -1.315435
v -0.058679 -0.383703 -1.315435
v -0.102905 -0.396094 -1.315435
v -0.148405 -0.402348 -1.315435
v -0.194334 -0.402348 -1.315435
v -0.239835 -0.396094 -1.315435
v -0.284061 -0.383703 -1.315435
v -0.326187 -0.365404 -1.315435
v -0.365430 -0.341541 -1.315435
v -0.401057 -0.312556 -1.315435
v -0.432406 -0.278989 -1.315435
v -0.458892 -0.241467 -1.315434
v -0.480022 -0.200687 -1.315435
v -0.495403 -0.157410 -1.315434
v -0.504748 -0.112442 -1.315435
v -0.507882 -0.066621 -1.315434
v -0.504748 -0.020799 -1.315434
v -0.495403 0.024169 -1.315434
v -0.480023 0.067446 -1.315434
v -0.458892 0.108225 -1.315434
v -0.432406 0.145748 -1.315435
v -0.401057 0.179314 -1.315435
v -0.365430 0.208300 -1.315435
v 0.022690 0.208300 -1.315435
v 0.058317 0.179315 -1.315435
v 0.089666 0.145748 -1.315435
v 0.116152 0.108226 -1.315435
v 0.137283 0.067446 -1.315435
v 0.152663 0.024170 -1.315435
v -0.482308 -0.066621 -1.315435
v 0.139568 -0.066621 -1.315435
v -0.016553 0.232164 -1.315435
v -0.058679 0.250462 -1.315435
v -0.102905 0.262853 -1.315435
v -0.148406 0.269107 -1.315435
v -0.194335 0.269107 -1.315435
v -0.239835 0.262853 -1.315435
v -0.284061 0.250462 -1.315435
v -0.326187 0.232164 -1.315435
v 0.139568 -0.155153 -1.315435
v 0.125244 -0.195458 -1.315435
v 0.104938 -0.234647 -1.315435
v 0.079485 -0.270706 -1.315435
v 0.049359 -0.302963 -1.315435
v 0.018036 -0.328446 -1.315435
v -0.016552 -0.328446 -1.315435
v -0.058679 -0.328446 -1.315435
v -0.102905 -0.328446 -1.315435
v -0.148405 -0.328446 -1.315435
v -0.239835 -0.328446 -1.315435
v -0.284061 -0.328446 -1.315435
v -0.326187 -0.328446 -1.315435
v -0.360776 -0.328446 -1.315435
v -0.392098 -0.302963 -1.315435
v -0.422224 -0.270706 -1.315435
v -0.447677 -0.234647 -1.315434
v -0.467983 -0.195458 -1.315435
v -0.482308 -0.155153 -1.315435
v -0.482308 0.021911 -1.315434
v -0.467984 0.062217 -1.315434
v -0.447677 0.101406 -1.315434
v -0.422224 0.137465 -1.315435
v -0.392098 0.169722 -1.315435
v -0.360776 0.195205 -1.315435
v -0.326187 0.195205 -1.315435
v -0.284061 0.195205 -1.315435
v -0.239835 0.195205 -1.315435
v -0.194335 0.195205 -1.315435
v -0.102905 0.195205 -1.315435
v -0.058679 0.195205 -1.315435
v -0.016553 0.195205 -1.315435
v 0.018036 0.195205 -1.315435
v 0.049358 0.169722 -1.315435
v 0.079484 0.137465 -1.315435
v 0.104937 0.101406 -1.315435
v 0.125244 0.062217 -1.315435
v 0.139568 0.021912 -1.315435
v 0.139692 -0.155153 -1.110428
v 0.125367 -0.195458 -1.110428
v 0.105061 -0.234647 -1.110428
v 0.079608 -0.270706 -1.110428
v 0.049482 -0.302963 -1.110428
v 0.018159 -0.328446 -1.110428
v -0.016429 -0.328446 -1.110428
v -0.058555 -0.328446 -1.110428
v -0.102781 -0.328446 -1.110428
v -0.148282 -0.328446 -1.110428
v -0.194211 -0.328446 -1.110428
v -0.239712 -0.328446 -1.110428
v -0.283937 -0.328446 -1.110428
v -0.326064 -0.328446 -1.110428
v -0.360652 -0.328446 -1.110428
v -0.391975 -0.302963 -1.110428
v -0.422101 -0.270706 -1.110428
v -0.447554 -0.234647 -1.110427
v -0.467860 -0.195458 -1.110428
v -0.482185 -0.155153 -1.110428
v -0.482185 -0.066621 -1.110428
v -0.482185 0.021911 -1.110428
v -0.467860 0.062217 -1.110428
v -0.447554 0.101406 -1.110428
v -0.422101 0.137464 -1.110428
v -0.391975 0.169722 -1.110428
v -0.360652 0.195205 -1.110428
v -0.326064 0.195205 -1.110428
v -0.283938 0.195205 -1.110428
v -0.239712 0.195205 -1.110428
v -0.194211 0.195205 -1.110428
v -0.148282 0.195205 -1.110428
v -0.102781 0.195205 -1.110428
v -0.058556 0.195205 -1.110428
v -0.016429 0.195205 -1.110428
v 0.018159 0.195205 -1.110428
v 0.049482 0.169722 -1.110428
v 0.079608 0.137465 -1.110428
v 0.105061 0.101406 -1.110428
v 0.125367 0.062217 -1.110428
v 0.139692 0.021912 -1.110428
v 0.139692 -0.066621 -1.110428
v -0.415727 -0.067000 -1.110428
v -0.412996 -0.103438 -1.110428
v -0.404865 -0.139062 -1.110428
v -0.391516 -0.173076 -1.110428
v -0.373246 -0.204721 -1.110428
v -0.350463 -0.233289 -1.110428
v -0.323678 -0.258143 -1.110428
v -0.293487 -0.278726 -1.110428
v -0.260565 -0.294581 -1.110428
v -0.225649 -0.305351 -1.110428
v -0.189517 -0.310797 -1.110428
v -0.152976 -0.310797 -1.110428
v -0.116844 -0.305351 -1.110428
v -0.081928 -0.294581 -1.110428
v -0.049006 -0.278726 -1.110428
v -0.018815 -0.258143 -1.110428
v 0.007970 -0.233289 -1.110428
v 0.030753 -0.204721 -1.110428
v 0.049023 -0.173076 -1.110428
v 0.062372 -0.139062 -1.110428
v 0.070503 -0.103438 -1.110428
v 0.073234 -0.067000 -1.110428
v 0.070503 -0.030562 -1.110428
v 0.062373 0.005062 -1.110428
v 0.049023 0.039076 -1.110428
v 0.030753 0.070721 -1.110428
v 0.007971 0.099289 -1.110428
v -0.018815 0.124142 -1.110428
v -0.049006 0.144726 -1.110428
v -0.081927 0.160580 -1.110428
v -0.116844 0.171351 -1.110428
v -0.152976 0.176797 -1.110428
v -0.189516 0.176797 -1.110428
v -0.225648 0.171351 -1.110428
v -0.260565 0.160581 -1.110428
v -0.293486 0.144727 -1.110428
v -0.323677 0.124143 -1.110428
v -0.350463 0.099289 -1.110428
v -0.373246 0.070721 -1.110428
v -0.391516 0.039077 -1.110428
v -0.404865 0.005063 -1.110428
v -0.412996 -0.030561 -1.110428
v -0.415727 -0.067000 -0.975535
v -0.412996 -0.103438 -0.975535
v -0.404865 -0.139062 -0.975535
v -0.391516 -0.173076 -0.975535
v -0.373246 -0.204721 -0.975535
v -0.350463 -0.233289 -0.975535
v -0.323678 -0.258143 -0.975535
v -0.293487 -0.278726 -0.975535
v -0.260565 -0.294581 -0.975535
v -0.225648 -0.305351 -0.975535
v -0.189516 -0.310797 -0.975535
v -0.152976 -0.310797 -0.975535
v -0.116844 -0.305351 -0.975535
v -0.081928 -0.294581 -0.975535
v -0.049006 -0.278726 -0.975535
v -0.018815 -0.258143 -0.975535
v 0.007970 -0.233289 -0.975535
v 0.030753 -0.204721 -0.975535
v 0.049023 -0.173076 -0.975535
v 0.062373 -0.139062 -0.975535
v 0.070503 -0.103438 -0.975535
v 0.073234 -0.067000 -0.975535
v 0.070504 -0.030562 -0.975535
v 0.062373 0.005062 -0.975535
v 0.049023 0.039076 -0.975535
v 0.030753 0.070721 -0.975535
v 0.007971 0.099289 -0.975536
v -0.018815 0.124142 -0.975536
v -0.049006 0.144726 -0.975536
v -0.081927 0.160580 -0.975535
v -0.116844 0.171351 -0.975535
v -0.152976 0.176797 -0.975535
v -0.189516 0.176797 -0.975535
v -0.225648 0.171351 -0.975535
v -0.260565 0.160581 -0.975535
v -0.293486 0.144727 -0.975535
v -0.323677 0.124143 -0.975535
v -0.350463 0.099289 -0.975535
v -0.373245 0.070721 -0.975535
v -0.391516 0.039077 -0.975535
v -0.404865 0.005063 -0.975535
v -0.412996 -0.030561 -0.975535
v -0.323758 -0.067000 -0.975535
v -0.322055 -0.089731 -0.975535
v -0.316982 -0.111954 -0.975535
v -0.308655 -0.133172 -0.975535
v -0.297257 -0.152913 -0.975535
v -0.283045 -0.170734 -0.975535
v -0.266336 -0.186238 -0.975535
v -0.247502 -0.199079 -0.975535
v -0.226965 -0.208969 -0.975535
v -0.205183 -0.215688 -0.975535
v -0.182644 -0.219085 -0.975535
v -0.159849 -0.219085 -0.975535
v -0.137309 -0.215688 -0.975535
v -0.115528 -0.208969 -0.975535
v -0.094991 -0.199079 -0.975535
v -0.076157 -0.186238 -0.975535
v -0.059447 -0.170734 -0.975535
v -0.045235 -0.152913 -0.975535
v -0.033838 -0.133172 -0.975535
v -0.025510 -0.111954 -0.975535
v -0.020438 -0.089731 -0.975535
v -0.018735 -0.067000 -0.975535
v -0.020438 -0.044269 -0.975535
v -0.025510 -0.022046 -0.975535
v -0.033838 -0.000828 -0.975535
v -0.045235 0.018913 -0.975535
v -0.059447 0.036734 -0.975536
v -0.076157 0.052238 -0.975536
v -0.094990 0.065079 -0.975535
v -0.115527 0.074969 -0.975535
v -0.137309 0.081688 -0.975535
v -0.159849 0.085085 -0.975535
v -0.182643 0.085085 -0.975535
v -0.205183 0.081688 -0.975535
v -0.226965 0.074969 -0.975535
v -0.247502 0.065079 -0.975535
v -0.266336 0.052239 -0.975535
v -0.283045 0.036735 -0.975535
v -0.297257 0.018913 -0.975535
v -0.308655 -0.000827 -0.975535
v -0.316982 -0.022046 -0.975535
v -0.322055 -0.044269 -0.975535
v -0.323758 -0.067000 -0.877905
v -0.322055 -0.089731 -0.877905
v -0.316982 -0.111954 -0.877905
v -0.308655 -0.133172 -0.877905
v -0.297257 -0.152913 -0.877905
v -0.283045 -0.170734 -0.877905
v -0.266336 -0.186238 -0.877905
v -0.247502 -0.199079 -0.877905
v -0.226965 -0.208969 -0.877905
v -0.205183 -0.215688 -0.877905
v -0.182644 -0.219085 -0.877905
v -0.159849 -0.219085 -0.877905
v -0.137309 -0.215688 -0.877905
v -0.115528 -0.208969 -0.877905
v -0.094991 -0.199079 -0.877905
v -0.076157 -0.186238 -0.877905
v -0.059447 -0.170734 -0.877905
v -0.045235 -0.152913 -0.877905
v -0.033838 -0.133172 -0.877905
v -0.025510 -0.111954 -0.877905
v -0.020438 -0.089731 -0.877905
v -0.018735 -0.067000 -0.877905
v -0.020438 -0.044269 -0.877905
v -0.025510 -0.022046 -0.877905
v -0.033838 -0.000828 -0.877905
v -0.045235 0.018913 -0.877905
v -0.059447 0.036734 -0.877905
v -0.076157 0.052238 -0.877905
v -0.094990 0.065079 -0.877905
v -0.115527 0.074969 -0.877905
v -0.137309 0.081688 -0.877905
v -0.159849 0.085085 -0.877905
v -0.182643 0.085085 -0.877905
v -0.205183 0.081688 -0.877905
v -0.226965 0.074969 -0.877905
v -0.247502 0.065079 -0.877905
v -0.266336 0.052239 -0.877905
v -0.283045 0.036735 -0.877905
v -0.297257 0.018913 -0.877905
v -0.308654 -0.000827 -0.877905
v -0.316982 -0.022046 -0.877905
v -0.322055 -0.044269 -0.877905
v -0.247267 -0.067000 -0.877905
v -0.246417 -0.078330 -0.877905
v -0.243889 -0.089407 -0.877905
v -0.239738 -0.099984 -0.877905
v -0.234057 -0.109824 -0.877905
v -0.226973 -0.118707 -0.877905
v -0.218644 -0.126435 -0.877905
v -0.209256 -0.132835 -0.877905
v -0.199020 -0.137765 -0.877905
v -0.188162 -0.141114 -0.877905
v -0.176927 -0.142808 -0.877905
v -0.165565 -0.142808 -0.877905
v -0.154330 -0.141114 -0.877905
v -0.143473 -0.137765 -0.877905
v -0.133236 -0.132835 -0.877905
v -0.123849 -0.126435 -0.877905
v -0.115520 -0.118707 -0.877905
v -0.108436 -0.109824 -0.877905
v -0.102755 -0.099984 -0.877905
v -0.098604 -0.089407 -0.877905
v -0.096075 -0.078330 -0.877905
v -0.095226 -0.067000 -0.877905
v -0.096075 -0.055670 -0.877905
v -0.098603 -0.044593 -0.877905
v -0.102754 -0.034016 -0.877905
v -0.108435 -0.024176 -0.877905
v -0.115520 -0.015293 -0.877905
v -0.123848 -0.007565 -0.877905
v -0.133236 -0.001165 -0.877905
v -0.143473 0.003765 -0.877905
v -0.154330 0.007114 -0.877905
v -0.165565 0.008808 -0.877905
v -0.176927 0.008808 -0.877905
v -0.188162 0.007114 -0.877905
v -0.199019 0.003765 -0.877905
v -0.209256 -0.001164 -0.877905
v -0.218644 -0.007565 -0.877905
v -0.226973 -0.015293 -0.877905
v -0.234057 -0.024176 -0.877905
v -0.239738 -0.034016 -0.877905
v -0.243889 -0.044592 -0.877905
v -0.246417 -0.055670 -0.877905
v -0.247267 -0.067000 -0.823003
v -0.246417 -0.078330 -0.823003
v -0.243889 -0.089407 -0.823003
v -0.239738 -0.099984 -0.823003
v -0.234057 -0.109824 -0.823003
v -0.226973 -0.118707 -0.823003
v -0.218644 -0.126435 -0.823003
v -0.209256 -0.132835 -0.823003
v -0.199020 -0.137765 -0.823003
v -0.188162 -0.141114 -0.823003
v -0.176927 -0.142808 -0.823003
v -0.165565 -0.142808 -0.823003
v -0.154330 -0.141114 -0.823003
v -0.143473 -0.137765 -0.823003
v -0.133236 -0.132835 -0.823003
v -0.123848 -0.126435 -0.823003
v -0.115520 -0.118707 -0.823003
v -0.108435 -0.109824 -0.823003
v -0.102754 -0.099984 -0.823003
v -0.098603 -0.089407 -0.823003
v -0.096075 -0.078330 -0.823003
v -0.095226 -0.067000 -0.823003
v -0.096075 -0.055670 -0.823003
v -0.098603 -0.044593 -0.823003
v -0.102754 -0.034016 -0.823003
v -0.108435 -0.024176 -0.823003
v -0.115520 -0.015293 -0.823003
v -0.123848 -0.007565 -0.823003
v -0.133236 -0.001165 -0.823003
v -0.143473 0.003765 -0.823003
v -0.154330 0.007114 -0.823003
v -0.165565 0.008808 -0.823003
v -0.176927 0.008808 -0.823003
v -0.188162 0.007114 -0.823003
v -0.199019 0.003765 -0.823003
v -0.209256 -0.001164 -0.823003
v -0.218644 -0.007565 -0.823003
v -0.226973 -0.015293 -0.823003
v -0.234057 -0.024176 -0.823003
v -0.239738 -0.034016 -0.823003
v -0.243889 -0.044592 -0.823003
v -0.246417 -0.055670 -0.823003
v -0.110690 -0.067000 -0.823003
v -0.114151 -0.067000 -0.823003
v -0.118886 -0.067000 -0.823003
v -0.124793 -0.067000 -0.823003
v -0.128505 -0.067000 -0.823003
v -0.133236 -0.067000 -0.823003
v -0.143473 -0.067000 -0.823003
v -0.154330 -0.067000 -0.823003
v -0.165565 -0.067000 -0.823003
v -0.176927 -0.067000 -0.823003
v -0.188162 -0.067000 -0.823003
v -0.199020 -0.067000 -0.823003
v -0.209256 -0.067000 -0.823003
v -0.213988 -0.067000 -0.823003
v -0.217699 -0.067000 -0.823003
v -0.223606 -0.067000 -0.823003
v -0.228342 -0.067000 -0.823003
v -0.231802 -0.067000 -0.823003
v -0.148406 0.195205 -1.315435
v -0.194334 -0.328446 -1.315435
v -0.239286 -0.067000 -0.823003
v -0.103206 -0.067000 -0.823003
v 0.654119 -0.066621 -0.460345
v 0.646431 -0.179025 -0.460345
v 0.623508 -0.289335 -0.460345
v 0.585778 -0.395496 -0.460345
v 0.533944 -0.495531 -0.460345
v 0.468972 -0.587577 -0.460345
v 0.392071 -0.669917 -0.460345
v 0.304674 -0.741020 -0.460345
v 0.208409 -0.799560 -0.460345
v 0.105070 -0.844446 -0.460345
v -0.003419 -0.874844 -0.460345
v -0.115036 -0.890185 -0.460345
v -0.227703 -0.890185 -0.460345
v -0.339320 -0.874844 -0.460345
v -0.447809 -0.844446 -0.460345
v -0.551148 -0.799560 -0.460345
v -0.647413 -0.741020 -0.460344
v -0.734809 -0.669918 -0.460344
v -0.811710 -0.587577 -0.460344
v -0.876683 -0.495531 -0.460344
v -0.928517 -0.395496 -0.460344
v -0.966247 -0.289335 -0.460344
v -0.989170 -0.179025 -0.460344
v -0.996858 -0.066621 -0.460344
v -0.989170 0.045783 -0.460344
v -0.966247 0.156093 -0.460344
v -0.928517 0.262255 -0.460344
v -0.876683 0.362290 -0.460344
v -0.811711 0.454335 -0.460344
v -0.734810 0.536676 -0.460344
v -0.647413 0.607779 -0.460344
v -0.551148 0.666319 -0.460344
v -0.447809 0.711205 -0.460344
v -0.339321 0.741602 -0.460344
v -0.227703 0.756944 -0.460345
v -0.115037 0.756944 -0.460345
v -0.003419 0.741602 -0.460345
v 0.105069 0.711205 -0.460345
v 0.208409 0.666319 -0.460345
v 0.304673 0.607779 -0.460345
v 0.392070 0.536677 -0.460345
v 0.468971 0.454336 -0.460345
v 0.533944 0.362291 -0.460345
v 0.585778 0.262256 -0.460345
v 0.623508 0.156094 -0.460345
v 0.646430 0.045784 -0.460345
v 0.626749 -0.176319 -0.460345
v 0.634253 -0.066621 -0.460345
v 0.626749 0.043079 -0.460345
v 0.604378 0.150734 -0.460345
v 0.567556 0.254341 -0.460345
v 0.516970 0.351968 -0.460345
v 0.453561 0.441798 -0.460345
v 0.378510 0.522158 -0.460345
v 0.293217 0.591549 -0.460345
v 0.199269 0.648680 -0.460345
v 0.098417 0.692486 -0.460345
v -0.007461 0.722152 -0.460345
v -0.116392 0.737124 -0.460345
v -0.226348 0.737124 -0.460345
v -0.335279 0.722151 -0.460344
v -0.441156 0.692486 -0.460344
v -0.542008 0.648679 -0.460344
v -0.635956 0.591549 -0.460344
v -0.721250 0.522157 -0.460344
v -0.796300 0.441798 -0.460344
v -0.859709 0.351968 -0.460344
v -0.910296 0.254340 -0.460344
v -0.947117 0.150733 -0.460344
v -0.969488 0.043078 -0.460344
v -0.976992 -0.066621 -0.460344
v -0.969488 -0.176320 -0.460344
v -0.947117 -0.283975 -0.460344
v -0.910295 -0.387582 -0.460344
v -0.859709 -0.485209 -0.460344
v -0.796300 -0.575039 -0.460344
v -0.721249 -0.655398 -0.460344
v -0.635956 -0.724790 -0.460344
v -0.542008 -0.781921 -0.460345
v -0.441156 -0.825727 -0.460345
v -0.335278 -0.855393 -0.460345
v -0.226347 -0.870365 -0.460345
v -0.116392 -0.870365 -0.460345
v -0.007461 -0.855393 -0.460345
v 0.098417 -0.825727 -0.460345
v 0.199269 -0.781921 -0.460345
v 0.293217 -0.724790 -0.460345
v 0.378511 -0.655398 -0.460345
v 0.453561 -0.575039 -0.460345
v 0.516970 -0.485209 -0.460345
v 0.567556 -0.387581 -0.460345
v 0.604378 -0.283975 -0.460345
v 0.626749 -0.176319 -0.376162
v 0.634253 -0.066621 -0.376162
v 0.626749 0.043079 -0.376162
v 0.604378 0.150734 -0.376162
v 0.567556 0.254341 -0.376162
v 0.516970 0.351968 -0.376162
v 0.453561 0.441798 -0.376162
v 0.378510 0.522158 -0.376162
v 0.293217 0.591549 -0.376162
v 0.199269 0.648680 -0.376162
v 0.098417 0.692486 -0.376162
v -0.007461 0.722152 -0.376162
v -0.116392 0.737124 -0.376161
v -0.226347 0.737124 -0.376161
v -0.335279 0.722151 -0.376161
v -0.441156 0.692486 -0.376161
v -0.542008 0.648679 -0.376161
v -0.635956 0.591549 -0.376161
v -0.721250 0.522157 -0.376161
v -0.796300 0.441798 -0.376161
v -0.859709 0.351968 -0.376161
v -0.910296 0.254340 -0.376161
v -0.947117 0.150733 -0.376161
v -0.969488 0.043078 -0.376161
v -0.976992 -0.066621 -0.376161
v -0.969488 -0.176320 -0.376161
v -0.947117 -0.283975 -0.376161
v -0.910295 -0.387582 -0.376161
v -0.859709 -0.485209 -0.376161
v -0.796300 -0.575039 -0.376161
v -0.721249 -0.655398 -0.376161
v -0.635956 -0.724790 -0.376161
v -0.542008 -0.781921 -0.376161
v -0.441156 -0.825727 -0.376161
v -0.335278 -0.855393 -0.376162
v -0.226347 -0.870365 -0.376162
v -0.116392 -0.870365 -0.376162
v -0.007461 -0.855393 -0.376162
v 0.098417 -0.825727 -0.376162
v 0.199269 -0.781921 -0.376162
v 0.293217 -0.724790 -0.376162
v 0.378511 -0.655398 -0.376162
v 0.453561 -0.575039 -0.376162
v 0.516970 -0.485209 -0.376162
v 0.567556 -0.387581 -0.376162
v 0.604378 -0.283975 -0.376162
v 0.409758 -0.066621 -0.638429
v 0.404345 -0.145751 -0.638429
v 0.388208 -0.223407 -0.638429
v 0.361647 -0.298142 -0.638429
v 0.325157 -0.368565 -0.638429
v 0.279417 -0.433363 -0.638429
v 0.225281 -0.491329 -0.638429
v 0.163755 -0.541384 -0.638429
v 0.095987 -0.582595 -0.638429
v 0.023238 -0.614194 -0.638428
v -0.053136 -0.635593 -0.638428
v -0.131712 -0.646393 -0.638428
v -0.211027 -0.646393 -0.638428
v -0.289603 -0.635593 -0.638428
v -0.365977 -0.614194 -0.638428
v -0.438726 -0.582595 -0.638428
v -0.506494 -0.541384 -0.638428
v -0.568020 -0.491329 -0.638428
v -0.622156 -0.433363 -0.638428
v -0.667896 -0.368565 -0.638428
v -0.704386 -0.298142 -0.638428
v -0.730947 -0.223407 -0.638428
v -0.747084 -0.145751 -0.638428
v -0.752497 -0.066621 -0.638428
v -0.747084 0.012509 -0.638428
v -0.730947 0.090165 -0.638428
v -0.704386 0.164901 -0.638428
v -0.667896 0.235324 -0.638428
v -0.622157 0.300121 -0.638428
v -0.568020 0.358088 -0.638428
v -0.506494 0.408143 -0.638428
v -0.438726 0.449353 -0.638428
v -0.365977 0.480953 -0.638428
v -0.289604 0.502352 -0.638428
v -0.211027 0.513152 -0.638428
v -0.131712 0.513152 -0.638428
v -0.053136 0.502352 -0.638428
v 0.023238 0.480953 -0.638428
v 0.095986 0.449354 -0.638428
v 0.163755 0.408143 -0.638428
v 0.225280 0.358088 -0.638429
v 0.279417 0.300122 -0.638429
v 0.325156 0.235324 -0.638429
v 0.361647 0.164901 -0.638429
v 0.388208 0.090166 -0.638429
v 0.404345 0.012510 -0.638429
v 0.652294 -0.066621 -0.617359
v 0.584400 -0.066621 -0.638428
v 0.644622 -0.178776 -0.617359
v 0.577361 -0.169514 -0.638428
v 0.621750 -0.288842 -0.617359
v 0.556378 -0.270491 -0.638428
v 0.584104 -0.394769 -0.617359
v 0.521841 -0.367671 -0.638428
v 0.532385 -0.494583 -0.617359
v 0.474392 -0.459242 -0.638428
v 0.467556 -0.586425 -0.617359
v 0.414917 -0.543500 -0.638428
v 0.390825 -0.668584 -0.617359
v 0.344522 -0.618874 -0.638428
v 0.303621 -0.739529 -0.617359
v 0.264520 -0.683961 -0.638428
v 0.207569 -0.797939 -0.617359
v 0.176400 -0.737547 -0.638428
v 0.104459 -0.842727 -0.617359
v 0.081804 -0.778636 -0.638428
v -0.003790 -0.873056 -0.617359
v -0.017505 -0.806462 -0.638428
v -0.115161 -0.888364 -0.617358
v -0.119679 -0.820505 -0.638428
v -0.227578 -0.888364 -0.617358
v -0.222813 -0.820505 -0.638428
v -0.338949 -0.873057 -0.617358
v -0.324987 -0.806462 -0.638428
v -0.447197 -0.842727 -0.617358
v -0.424296 -0.778636 -0.638428
v -0.550308 -0.797939 -0.617358
v -0.518892 -0.737548 -0.638428
v -0.646360 -0.739529 -0.617358
v -0.607012 -0.683961 -0.638428
v -0.733564 -0.668584 -0.617358
v -0.687015 -0.618874 -0.638428
v -0.810295 -0.586425 -0.617358
v -0.757409 -0.543500 -0.638428
v -0.875124 -0.494583 -0.617358
v -0.816885 -0.459242 -0.638428
v -0.926843 -0.394769 -0.617358
v -0.864333 -0.367671 -0.638428
v -0.964489 -0.288843 -0.617358
v -0.898871 -0.270492 -0.638428
v -0.987361 -0.178776 -0.617358
v -0.919854 -0.169515 -0.638428
v -0.995033 -0.066621 -0.617358
v -0.926892 -0.066621 -0.638428
v -0.987362 0.045535 -0.617358
v -0.919854 0.036273 -0.638428
v -0.964489 0.155601 -0.617358
v -0.898871 0.137250 -0.638428
v -0.926843 0.261527 -0.617358
v -0.864333 0.234429 -0.638428
v -0.875124 0.361341 -0.617358
v -0.816885 0.326001 -0.638428
v -0.810295 0.453183 -0.617358
v -0.757410 0.410258 -0.638428
v -0.733564 0.535342 -0.617358
v -0.687015 0.485632 -0.638428
v -0.646360 0.606287 -0.617358
v -0.607013 0.550719 -0.638428
v -0.550309 0.664698 -0.617358
v -0.518893 0.604306 -0.638428
v -0.447198 0.709485 -0.617358
v -0.424297 0.645395 -0.638428
v -0.338949 0.739815 -0.617358
v -0.324987 0.673220 -0.638428
v -0.227579 0.755123 -0.617358
v -0.222814 0.687264 -0.638428
v -0.115161 0.755123 -0.617358
v -0.119680 0.687264 -0.638428
v -0.003791 0.739815 -0.617358
v -0.017506 0.673220 -0.638428
v 0.104458 0.709485 -0.617358
v 0.081804 0.645395 -0.638428
v 0.207569 0.664698 -0.617358
v 0.176400 0.604306 -0.638428
v 0.303621 0.606288 -0.617359
v 0.264519 0.550720 -0.638428
v 0.390824 0.535343 -0.617359
v 0.344522 0.485633 -0.638428
v 0.467555 0.453184 -0.617359
v 0.414916 0.410259 -0.638428
v 0.532384 0.361342 -0.617359
v 0.474392 0.326001 -0.638428
v 0.584104 0.261528 -0.617359
v 0.521840 0.234430 -0.638428
v 0.621750 0.155602 -0.617359
v 0.556378 0.137251 -0.638428
v 0.644622 0.045536 -0.617359
v 0.577361 0.036274 -0.638428
v 0.404345 0.012510 -0.961446
v 0.409757 -0.066621 -0.961446
v 0.404345 -0.145751 -0.961446
v 0.388208 -0.223407 -0.961446
v 0.361647 -0.298142 -0.961446
v 0.325157 -0.368565 -0.961446
v 0.279417 -0.433363 -0.961446
v 0.225280 -0.491329 -0.961446
v 0.163755 -0.541384 -0.961446
v 0.095987 -0.582595 -0.961446
v 0.023238 -0.614194 -0.961446
v -0.053136 -0.635593 -0.961446
v -0.131712 -0.646393 -0.961446
v -0.211027 -0.646393 -0.961446
v -0.289603 -0.635593 -0.961446
v -0.365977 -0.614194 -0.961446
v -0.438726 -0.582595 -0.961446
v -0.506494 -0.541384 -0.961446
v -0.568020 -0.491329 -0.961446
v -0.622157 -0.433363 -0.961446
v -0.667896 -0.368565 -0.961446
v -0.704386 -0.298142 -0.961446
v -0.730947 -0.223407 -0.961446
v -0.747084 -0.145751 -0.961446
v -0.752497 -0.066621 -0.961446
v -0.747084 0.012509 -0.961446
v -0.730947 0.090165 -0.961446
v -0.704386 0.164901 -0.961446
v -0.667896 0.235324 -0.961446
v -0.622157 0.300122 -0.961446
v -0.568020 0.358088 -0.961446
v -0.506494 0.408143 -0.961446
v -0.438726 0.449354 -0.961446
v -0.365978 0.480953 -0.961446
v -0.289604 0.502352 -0.961446
v -0.211028 0.513152 -0.961446
v -0.131713 0.513152 -0.961446
v -0.053136 0.502352 -0.961446
v 0.023238 0.480953 -0.961446
v 0.095986 0.449354 -0.961446
v 0.163755 0.408143 -0.961446
v 0.225280 0.358088 -0.961446
v 0.279417 0.300122 -0.961446
v 0.325156 0.235324 -0.961446
v 0.361646 0.164901 -0.961446
v 0.388207 0.090166 -0.961446
v 0.315101 0.000244 -0.961428
v 0.319675 -0.066621 -0.961428
v 0.315101 -0.133484 -0.961428
v 0.301466 -0.199103 -0.961428
v 0.279022 -0.262253 -0.961428
v 0.248188 -0.321760 -0.961428
v 0.209539 -0.376513 -0.961428
v 0.163794 -0.425494 -0.961428
v 0.111806 -0.467789 -0.961428
v 0.054543 -0.502612 -0.961428
v -0.006929 -0.529313 -0.961428
v -0.071464 -0.547395 -0.961428
v -0.137859 -0.556520 -0.961428
v -0.204880 -0.556520 -0.961428
v -0.271276 -0.547395 -0.961428
v -0.335810 -0.529313 -0.961428
v -0.397282 -0.502612 -0.961428
v -0.454545 -0.467789 -0.961428
v -0.506534 -0.425494 -0.961428
v -0.552279 -0.376513 -0.961428
v -0.590928 -0.321760 -0.961428
v -0.621761 -0.262253 -0.961428
v -0.644205 -0.199103 -0.961428
v -0.657841 -0.133485 -0.961428
v -0.662414 -0.066621 -0.961428
v -0.657841 0.000243 -0.961428
v -0.644205 0.065861 -0.961428
v -0.621762 0.129012 -0.961428
v -0.590928 0.188518 -0.961428
v -0.552279 0.243272 -0.961428
v -0.506534 0.292252 -0.961428
v -0.454546 0.334548 -0.961428
v -0.397282 0.369371 -0.961428
v -0.335811 0.396072 -0.961428
v -0.271276 0.414154 -0.961428
v -0.204880 0.423279 -0.961428
v -0.137860 0.423279 -0.961428
v -0.071464 0.414154 -0.961428
v -0.006929 0.396072 -0.961428
v 0.054543 0.369371 -0.961428
v 0.111806 0.334548 -0.961428
v 0.163794 0.292253 -0.961428
v 0.209539 0.243272 -0.961428
v 0.248188 0.188519 -0.961428
v 0.279022 0.129012 -0.961428
v 0.301466 0.065862 -0.961428
v 0.567556 -0.066621 -0.376162
v 0.516970 -0.066621 -0.376162
v 0.453561 -0.066621 -0.376162
v 0.378510 -0.066621 -0.376162
v 0.293217 -0.066621 -0.376162
v 0.199269 -0.066621 -0.376162
v 0.098417 -0.066621 -0.376162
v -0.007461 -0.066621 -0.376162
v -0.116392 -0.066621 -0.376162
v -0.226347 -0.066621 -0.376162
v -0.335278 -0.066621 -0.376161
v -0.441156 -0.066621 -0.376161
v -0.542008 -0.066621 -0.376161
v -0.635956 -0.066621 -0.376161
v -0.721250 -0.066621 -0.376161
v -0.796300 -0.066621 -0.376161
v -0.859709 -0.066621 -0.376161
v -0.910295 -0.066621 -0.376161
v -0.947117 -0.066621 -0.376161
v 0.604378 -0.066621 -0.376162
vt 0.328710 0.345011
vt 0.318770 0.345011
vt 0.318770 0.287904
vt 0.328710 0.287904
vt 0.338649 0.345011
vt 0.338649 0.287904
vt 0.348403 0.345011
vt 0.348403 0.287904
vt 0.357791 0.345011
vt 0.357791 0.287904
vt 0.366636 0.345011
vt 0.366636 0.287904
vt 0.374775 0.345011
vt 0.374776 0.287904
vt 0.382057 0.345011
vt 0.382057 0.287904
vt 0.389785 0.345011
vt 0.389785 0.287904
vt 0.398297 0.345011
vt 0.398297 0.287904
vt 0.407435 0.345011
vt 0.407435 0.287904
vt 0.417028 0.345011
vt 0.417028 0.287904
vt 0.426898 0.345011
vt 0.426898 0.287904
vt 0.436860 0.345011
vt 0.436860 0.287904
vt 0.446730 0.345011
vt 0.446730 0.287904
vt 0.456323 0.345011
vt 0.456323 0.287904
vt 0.465461 0.345011
vt 0.465461 0.287904
vt 0.473973 0.345011
vt 0.473973 0.287904
vt 0.481701 0.345011
vt 0.481701 0.287904
vt 0.488983 0.345011
vt 0.488983 0.287904
vt 0.497122 0.345011
vt 0.497122 0.287904
vt 0.505967 0.345011
vt 0.505967 0.287904
vt 0.515355 0.345011
vt 0.515355 0.287904
vt 0.525109 0.345011
vt 0.525109 0.287904
vt 0.535048 0.345011
vt 0.535048 0.287904
vt 0.544988 0.345011
vt 0.544988 0.287904
vt 0.554742 0.345011
vt 0.554742 0.287904
vt 0.564129 0.345011
vt 0.564129 0.287904
vt 0.572975 0.345011
vt 0.572975 0.287904
vt 0.581114 0.345011
vt 0.581114 0.287904
vt 0.588395 0.345011
vt 0.588395 0.287904
vt 0.183446 0.345011
vt 0.175718 0.345011
vt 0.175718 0.287904
vt 0.183446 0.287904
vt 0.191958 0.345011
vt 0.191958 0.287904
vt 0.201096 0.345011
vt 0.201096 0.287904
vt 0.210689 0.345011
vt 0.210689 0.287904
vt 0.220559 0.345011
vt 0.220559 0.287904
vt 0.230521 0.345011
vt 0.230521 0.287904
vt 0.240391 0.345011
vt 0.240391 0.287904
vt 0.249985 0.345011
vt 0.249985 0.287904
vt 0.259122 0.345011
vt 0.259122 0.287904
vt 0.267635 0.345011
vt 0.267635 0.287904
vt 0.275363 0.345011
vt 0.275363 0.287904
vt 0.282644 0.345011
vt 0.282644 0.287904
vt 0.290783 0.345011
vt 0.290783 0.287904
vt 0.299629 0.345011
vt 0.299629 0.287904
vt 0.309016 0.345011
vt 0.309016 0.287904
vt 0.429894 0.505374
vt 0.419337 0.505374
vt 0.418900 0.498987
vt 0.429359 0.497549
vt 0.429359 0.513199
vt 0.418900 0.511761
vt 0.427763 0.520878
vt 0.417598 0.518030
vt 0.425136 0.528268
vt 0.415454 0.524062
vt 0.421528 0.535232
vt 0.412508 0.529747
vt 0.417005 0.541639
vt 0.408816 0.534977
vt 0.411652 0.547371
vt 0.404446 0.539656
vt 0.405568 0.552321
vt 0.399480 0.543696
vt 0.398867 0.556396
vt 0.394010 0.547023
vt 0.391673 0.559521
vt 0.388138 0.549574
vt 0.384121 0.561637
vt 0.381973 0.551301
vt 0.376351 0.562705
vt 0.375630 0.552173
vt 0.368508 0.562705
vt 0.369228 0.552173
vt 0.360738 0.561637
vt 0.362886 0.551301
vt 0.353186 0.559521
vt 0.356721 0.549574
vt 0.345992 0.556396
vt 0.350849 0.547023
vt 0.339290 0.552321
vt 0.345379 0.543696
vt 0.333207 0.547371
vt 0.340412 0.539656
vt 0.327853 0.541639
vt 0.336042 0.534977
vt 0.323330 0.535232
vt 0.332350 0.529747
vt 0.319722 0.528268
vt 0.329405 0.524062
vt 0.317096 0.520878
vt 0.327261 0.518030
vt 0.315500 0.513199
vt 0.325958 0.511761
vt 0.314965 0.505374
vt 0.325521 0.505374
vt 0.315500 0.497549
vt 0.325958 0.498987
vt 0.317095 0.489870
vt 0.327261 0.492719
vt 0.319722 0.482480
vt 0.329405 0.486686
vt 0.323330 0.475516
vt 0.332350 0.481002
vt 0.327853 0.469109
vt 0.336042 0.475771
vt 0.333207 0.463377
vt 0.340412 0.471092
vt 0.339290 0.458427
vt 0.345379 0.467052
vt 0.345992 0.454352
vt 0.350849 0.463725
vt 0.353185 0.451227
vt 0.356721 0.461175
vt 0.360738 0.449111
vt 0.362886 0.459447
vt 0.368508 0.448043
vt 0.369228 0.458576
vt 0.376351 0.448043
vt 0.375630 0.458576
vt 0.384121 0.449111
vt 0.381973 0.459447
vt 0.391673 0.451227
vt 0.388138 0.461175
vt 0.398867 0.454352
vt 0.394010 0.463725
vt 0.405568 0.458427
vt 0.399480 0.467052
vt 0.411652 0.463377
vt 0.404446 0.471092
vt 0.417005 0.469109
vt 0.408816 0.475771
vt 0.421528 0.475516
vt 0.412508 0.481002
vt 0.425136 0.482480
vt 0.415454 0.486686
vt 0.427763 0.489870
vt 0.417598 0.492718
vt 0.411810 0.505374
vt 0.411443 0.500012
vt 0.411443 0.510736
vt 0.410349 0.515999
vt 0.408549 0.521063
vt 0.406077 0.525836
vt 0.402977 0.530227
vt 0.399308 0.534155
vt 0.395139 0.537547
vt 0.390547 0.540339
vt 0.385617 0.542481
vt 0.380441 0.543931
vt 0.375117 0.544663
vt 0.369742 0.544663
vt 0.364417 0.543931
vt 0.359242 0.542481
vt 0.354312 0.540339
vt 0.349719 0.537547
vt 0.345550 0.534155
vt 0.341881 0.530227
vt 0.338782 0.525836
vt 0.336309 0.521063
vt 0.334509 0.515999
vt 0.333416 0.510736
vt 0.333049 0.505374
vt 0.333416 0.500012
vt 0.334509 0.494749
vt 0.336309 0.489685
vt 0.338782 0.484913
vt 0.341881 0.480522
vt 0.345550 0.476593
vt 0.349719 0.473202
vt 0.354312 0.470409
vt 0.359242 0.468267
vt 0.364417 0.466817
vt 0.369742 0.466085
vt 0.375117 0.466085
vt 0.380441 0.466817
vt 0.385617 0.468267
vt 0.390547 0.470409
vt 0.395139 0.473201
vt 0.399308 0.476593
vt 0.402977 0.480522
vt 0.406077 0.484913
vt 0.408549 0.489685
vt 0.410349 0.494749
vt 0.407141 0.520451
vt 0.408817 0.515735
vt 0.404764 0.525038
vt 0.401786 0.529257
vt 0.398260 0.533032
vt 0.394594 0.536014
vt 0.390547 0.536014
vt 0.346599 0.533032
vt 0.350264 0.536014
vt 0.343073 0.529257
vt 0.340094 0.525038
vt 0.337718 0.520451
vt 0.336042 0.515735
vt 0.336042 0.505374
vt 0.336042 0.495014
vt 0.337718 0.490297
vt 0.340094 0.485711
vt 0.343073 0.481491
vt 0.346599 0.477716
vt 0.350264 0.474734
vt 0.354312 0.474734
vt 0.398260 0.477716
vt 0.394594 0.474734
vt 0.401786 0.481491
vt 0.404764 0.485711
vt 0.407141 0.490297
vt 0.408817 0.495014
vt 0.408817 0.505374
vt 0.282950 0.386634
vt 0.276965 0.386634
vt 0.276965 0.356191
vt 0.282950 0.356191
vt 0.288770 0.386634
vt 0.288770 0.356191
vt 0.294125 0.386634
vt 0.294125 0.356191
vt 0.298910 0.386634
vt 0.298919 0.356191
vt 0.303557 0.386634
vt 0.303575 0.356191
vt 0.308693 0.386634
vt 0.308712 0.356191
vt 0.314949 0.386634
vt 0.314967 0.356191
vt 0.321517 0.386634
vt 0.321535 0.356191
vt 0.328273 0.386634
vt 0.328292 0.356191
vt 0.335094 0.386634
vt 0.335112 0.356191
vt 0.341851 0.386634
vt 0.341869 0.356191
vt 0.348418 0.386634
vt 0.348436 0.356191
vt 0.354674 0.386634
vt 0.354692 0.356191
vt 0.359810 0.386634
vt 0.359828 0.356191
vt 0.364461 0.386634
vt 0.364480 0.356191
vt 0.369252 0.386637
vt 0.369270 0.356194
vt 0.374606 0.386640
vt 0.374624 0.356197
vt 0.380426 0.386644
vt 0.380444 0.356201
vt 0.386411 0.386647
vt 0.386429 0.356204
vt 0.399558 0.386655
vt 0.399576 0.356212
vt 0.412705 0.386663
vt 0.412723 0.356220
vt 0.418690 0.386667
vt 0.418708 0.356224
vt 0.424509 0.386670
vt 0.424528 0.356227
vt 0.429864 0.386674
vt 0.429882 0.356230
vt 0.434654 0.386677
vt 0.434673 0.356233
vt 0.439306 0.386682
vt 0.439324 0.356239
vt 0.172963 0.386634
vt 0.167827 0.386634
vt 0.167808 0.356191
vt 0.172945 0.356191
vt 0.179219 0.386634
vt 0.179200 0.356191
vt 0.185786 0.386634
vt 0.185768 0.356191
vt 0.192543 0.386634
vt 0.192525 0.356191
vt 0.199363 0.386634
vt 0.199345 0.356191
vt 0.206120 0.386634
vt 0.206102 0.356191
vt 0.212688 0.386634
vt 0.212669 0.356191
vt 0.218943 0.386634
vt 0.218925 0.356191
vt 0.224080 0.386634
vt 0.224061 0.356191
vt 0.228726 0.386634
vt 0.228717 0.356191
vt 0.233512 0.386634
vt 0.233512 0.356191
vt 0.238867 0.386634
vt 0.238867 0.356191
vt 0.244686 0.386634
vt 0.244686 0.356191
vt 0.250671 0.386634
vt 0.250671 0.356191
vt 0.263818 0.386634
vt 0.263818 0.356191
vt 0.357624 0.424478
vt 0.357624 0.444662
vt 0.352172 0.444662
vt 0.352172 0.424478
vt 0.346842 0.444662
vt 0.346842 0.424478
vt 0.341752 0.444662
vt 0.341752 0.424478
vt 0.337017 0.444662
vt 0.337017 0.424478
vt 0.332743 0.444662
vt 0.332743 0.424478
vt 0.328735 0.444662
vt 0.328735 0.424478
vt 0.324218 0.444662
vt 0.324218 0.424478
vt 0.319292 0.444662
vt 0.319292 0.424478
vt 0.314067 0.444662
vt 0.314067 0.424478
vt 0.308661 0.444662
vt 0.308661 0.424478
vt 0.303194 0.444662
vt 0.303194 0.424478
vt 0.297787 0.444662
vt 0.297787 0.424478
vt 0.292563 0.444662
vt 0.292563 0.424478
vt 0.287637 0.444662
vt 0.287637 0.424478
vt 0.283119 0.444662
vt 0.283119 0.424478
vt 0.279112 0.444662
vt 0.279112 0.424478
vt 0.274837 0.444662
vt 0.274837 0.424478
vt 0.270102 0.444662
vt 0.270102 0.424478
vt 0.265013 0.444662
vt 0.265013 0.424478
vt 0.259682 0.444662
vt 0.259682 0.424478
vt 0.254230 0.444662
vt 0.254230 0.424478
vt 0.248778 0.444662
vt 0.248778 0.424478
vt 0.243448 0.444662
vt 0.243448 0.424478
vt 0.238358 0.444662
vt 0.238358 0.424478
vt 0.233624 0.444662
vt 0.233624 0.424478
vt 0.229349 0.444662
vt 0.229349 0.424478
vt 0.225341 0.444662
vt 0.225341 0.424478
vt 0.220824 0.444662
vt 0.220824 0.424478
vt 0.215898 0.444662
vt 0.215898 0.424478
vt 0.210673 0.444662
vt 0.210673 0.424478
vt 0.205267 0.444662
vt 0.205267 0.424478
vt 0.199800 0.444662
vt 0.199800 0.424478
vt 0.194393 0.444662
vt 0.194393 0.424478
vt 0.189169 0.444662
vt 0.189169 0.424478
vt 0.184243 0.444662
vt 0.184243 0.424478
vt 0.179726 0.444662
vt 0.179726 0.424478
vt 0.175718 0.444662
vt 0.175718 0.424478
vt 0.382505 0.424478
vt 0.382505 0.444662
vt 0.378231 0.444662
vt 0.378231 0.424478
vt 0.373496 0.444662
vt 0.373496 0.424478
vt 0.368407 0.444662
vt 0.368407 0.424478
vt 0.363076 0.444662
vt 0.363076 0.424478
vt 0.471151 0.596311
vt 0.459863 0.583702
vt 0.467930 0.580835
vt 0.478281 0.594684
vt 0.464343 0.598983
vt 0.452019 0.587767
vt 0.458009 0.602640
vt 0.444801 0.592861
vt 0.452290 0.607200
vt 0.438345 0.598891
vt 0.447316 0.612561
vt 0.433244 0.605160
vt 0.443196 0.618604
vt 0.433244 0.612084
vt 0.440023 0.625194
vt 0.433244 0.620515
vt 0.437867 0.632182
vt 0.433244 0.629367
vt 0.436777 0.639414
vt 0.433244 0.638475
vt 0.436777 0.646728
vt 0.433244 0.647668
vt 0.437867 0.653960
vt 0.433244 0.656775
vt 0.440023 0.660949
vt 0.433244 0.665627
vt 0.443196 0.667538
vt 0.433244 0.674059
vt 0.447316 0.673581
vt 0.433244 0.680982
vt 0.452290 0.678942
vt 0.438345 0.687251
vt 0.458009 0.683503
vt 0.444801 0.693281
vt 0.464343 0.687159
vt 0.452019 0.698376
vt 0.471151 0.689831
vt 0.459863 0.702440
vt 0.478281 0.691459
vt 0.467930 0.705307
vt 0.485574 0.692006
vt 0.485650 0.705307
vt 0.492868 0.691459
vt 0.503370 0.705307
vt 0.499998 0.689831
vt 0.511438 0.702440
vt 0.506806 0.687159
vt 0.519282 0.698376
vt 0.513140 0.683503
vt 0.526499 0.693281
vt 0.518858 0.678942
vt 0.532956 0.687251
vt 0.523833 0.673581
vt 0.538056 0.680982
vt 0.527953 0.667538
vt 0.538056 0.674059
vt 0.531126 0.660949
vt 0.538056 0.665627
vt 0.533282 0.653960
vt 0.538056 0.656775
vt 0.534372 0.646728
vt 0.538056 0.647668
vt 0.534372 0.639414
vt 0.538056 0.638475
vt 0.533282 0.632182
vt 0.538056 0.629367
vt 0.531126 0.625194
vt 0.538056 0.620515
vt 0.527953 0.618604
vt 0.538056 0.612084
vt 0.523833 0.612561
vt 0.538056 0.605160
vt 0.518858 0.607200
vt 0.532956 0.598891
vt 0.513140 0.602640
vt 0.526499 0.592861
vt 0.506806 0.598983
vt 0.519282 0.587767
vt 0.499998 0.596311
vt 0.511438 0.583702
vt 0.492868 0.594684
vt 0.503370 0.580835
vt 0.485574 0.594137
vt 0.485650 0.580835
vt 0.462311 0.629060
vt 0.460547 0.632723
vt 0.445275 0.626730
vt 0.448103 0.620857
vt 0.459348 0.636609
vt 0.443354 0.632958
vt 0.458742 0.640630
vt 0.442382 0.639404
vt 0.458742 0.644696
vt 0.442382 0.645922
vt 0.459348 0.648716
vt 0.443354 0.652367
vt 0.460547 0.652602
vt 0.445275 0.658596
vt 0.462311 0.656266
vt 0.448103 0.664468
vt 0.464602 0.659625
vt 0.451775 0.669854
vt 0.467367 0.662606
vt 0.456208 0.674632
vt 0.470546 0.665141
vt 0.461305 0.678696
vt 0.474068 0.667174
vt 0.466949 0.681955
vt 0.477853 0.668660
vt 0.473017 0.684337
vt 0.481817 0.669565
vt 0.479371 0.685787
vt 0.485872 0.669868
vt 0.485872 0.686274
vt 0.489927 0.669565
vt 0.492372 0.685787
vt 0.493891 0.668660
vt 0.498726 0.684337
vt 0.497676 0.667174
vt 0.504794 0.681955
vt 0.501197 0.665141
vt 0.510439 0.678696
vt 0.504376 0.662606
vt 0.515535 0.674632
vt 0.507142 0.659625
vt 0.519969 0.669854
vt 0.509433 0.656266
vt 0.523640 0.664469
vt 0.511197 0.652602
vt 0.526469 0.658596
vt 0.512395 0.648716
vt 0.528390 0.652367
vt 0.513001 0.644696
vt 0.529361 0.645922
vt 0.513001 0.640630
vt 0.529361 0.639404
vt 0.512395 0.636609
vt 0.528390 0.632958
vt 0.511197 0.632723
vt 0.526469 0.626730
vt 0.509433 0.629060
vt 0.523640 0.620857
vt 0.507142 0.625700
vt 0.519969 0.615472
vt 0.504376 0.622720
vt 0.515535 0.610693
vt 0.501197 0.620185
vt 0.510439 0.606629
vt 0.497676 0.618151
vt 0.504794 0.603370
vt 0.493891 0.616666
vt 0.498727 0.600989
vt 0.489927 0.615761
vt 0.492372 0.599538
vt 0.485872 0.615457
vt 0.485872 0.599051
vt 0.481817 0.615761
vt 0.479372 0.599538
vt 0.477853 0.616666
vt 0.473017 0.600989
vt 0.474068 0.618151
vt 0.466949 0.603370
vt 0.470546 0.620184
vt 0.461305 0.606629
vt 0.467367 0.622720
vt 0.456208 0.610693
vt 0.464602 0.625700
vt 0.451775 0.615471
vt 0.902438 0.951560
vt 0.902438 0.948166
vt 0.917011 0.948166
vt 0.917011 0.951560
vt 0.902438 0.944849
vt 0.917011 0.944849
vt 0.902438 0.941682
vt 0.917011 0.941682
vt 0.902438 0.938736
vt 0.917011 0.938736
vt 0.902438 0.936076
vt 0.917011 0.936076
vt 0.902438 0.933581
vt 0.917011 0.933581
vt 0.902438 0.930770
vt 0.917011 0.930770
vt 0.902438 0.927705
vt 0.917011 0.927705
vt 0.902438 0.924454
vt 0.917011 0.924454
vt 0.902438 0.921089
vt 0.917011 0.921089
vt 0.902438 0.917687
vt 0.917011 0.917687
vt 0.902438 0.914323
vt 0.917011 0.914323
vt 0.902438 0.911071
vt 0.917011 0.911071
vt 0.902438 0.908006
vt 0.917011 0.908006
vt 0.902438 0.905195
vt 0.917011 0.905195
vt 0.902438 0.902701
vt 0.917011 0.902701
vt 0.902438 0.900040
vt 0.917011 0.900040
vt 0.902438 0.897094
vt 0.917011 0.897094
vt 0.902438 0.893927
vt 0.917011 0.893927
vt 0.902438 0.890610
vt 0.917011 0.890610
vt 0.902438 0.887217
vt 0.917011 0.887217
vt 0.902438 0.883824
vt 0.917011 0.883824
vt 0.902438 0.880507
vt 0.917011 0.880507
vt 0.902438 0.877340
vt 0.917011 0.877340
vt 0.902438 0.874393
vt 0.917011 0.874393
vt 0.902438 0.871733
vt 0.917011 0.871733
vt 0.902438 0.869239
vt 0.917011 0.869239
vt 0.902438 0.866428
vt 0.917011 0.866428
vt 0.902438 0.863362
vt 0.917011 0.863362
vt 0.902438 0.860111
vt 0.917011 0.860111
vt 0.902438 0.856747
vt 0.917011 0.856747
vt 0.902438 0.853344
vt 0.917011 0.853344
vt 0.902438 0.849980
vt 0.917011 0.849980
vt 0.902438 0.846729
vt 0.917011 0.846729
vt 0.902438 0.843663
vt 0.917011 0.843663
vt 0.902438 0.840852
vt 0.917011 0.840852
vt 0.902438 0.838358
vt 0.917011 0.838358
vt 0.902438 0.967043
vt 0.902438 0.964383
vt 0.917011 0.964383
vt 0.917011 0.967043
vt 0.902438 0.961437
vt 0.917011 0.961437
vt 0.902438 0.958269
vt 0.917011 0.958269
vt 0.902438 0.954952
vt 0.917011 0.954952
vt 0.239929 0.501398
vt 0.236082 0.501686
vt 0.232211 0.476003
vt 0.239929 0.475425
vt 0.232321 0.502544
vt 0.224665 0.477725
vt 0.228729 0.503954
vt 0.217460 0.480553
vt 0.225388 0.505883
vt 0.210757 0.484423
vt 0.222372 0.508288
vt 0.204706 0.489249
vt 0.219747 0.511117
vt 0.199441 0.494923
vt 0.217574 0.514304
vt 0.195081 0.501318
vt 0.215901 0.517780
vt 0.191723 0.508291
vt 0.214763 0.521467
vt 0.189442 0.515687
vt 0.214188 0.525282
vt 0.188288 0.523341
vt 0.214188 0.529140
vt 0.188288 0.531081
vt 0.214763 0.532954
vt 0.189442 0.538734
vt 0.215901 0.536641
vt 0.191723 0.546130
vt 0.217574 0.540117
vt 0.195081 0.553104
vt 0.219747 0.543305
vt 0.199441 0.559499
vt 0.222372 0.546133
vt 0.204706 0.565172
vt 0.225388 0.548538
vt 0.210757 0.569998
vt 0.228729 0.550467
vt 0.217460 0.573868
vt 0.232320 0.551877
vt 0.224665 0.576696
vt 0.236082 0.552735
vt 0.232211 0.578418
vt 0.239929 0.553024
vt 0.239929 0.578996
vt 0.243776 0.552735
vt 0.247647 0.578418
vt 0.247538 0.551877
vt 0.255193 0.576696
vt 0.251129 0.550467
vt 0.262398 0.573868
vt 0.254470 0.548538
vt 0.269101 0.569998
vt 0.257486 0.546133
vt 0.275152 0.565172
vt 0.260110 0.543305
vt 0.280417 0.559499
vt 0.262284 0.540117
vt 0.284777 0.553104
vt 0.263958 0.536641
vt 0.288135 0.546130
vt 0.265095 0.532954
vt 0.290416 0.538734
vt 0.265670 0.529140
vt 0.291570 0.531081
vt 0.265670 0.525282
vt 0.291570 0.523341
vt 0.265095 0.521467
vt 0.290416 0.515687
vt 0.263958 0.517780
vt 0.288135 0.508291
vt 0.262284 0.514304
vt 0.284777 0.501318
vt 0.260110 0.511117
vt 0.280417 0.494923
vt 0.257486 0.508288
vt 0.275152 0.489249
vt 0.254470 0.505883
vt 0.269101 0.484423
vt 0.251129 0.503954
vt 0.262398 0.480553
vt 0.247538 0.502544
vt 0.255193 0.477725
vt 0.243776 0.501686
vt 0.247648 0.476003
vt 0.429632 0.608203
vt 0.429632 0.610259
vt 0.419669 0.610259
vt 0.419669 0.608203
vt 0.429632 0.612269
vt 0.419669 0.612269
vt 0.429632 0.614189
vt 0.419669 0.614189
vt 0.429632 0.615974
vt 0.419669 0.615974
vt 0.429632 0.617586
vt 0.419669 0.617586
vt 0.429632 0.619098
vt 0.419669 0.619098
vt 0.429632 0.620802
vt 0.419669 0.620802
vt 0.429632 0.622659
vt 0.419669 0.622659
vt 0.429632 0.624630
vt 0.419669 0.624630
vt 0.429632 0.626669
vt 0.419669 0.626669
vt 0.429632 0.628731
vt 0.419669 0.628731
vt 0.429632 0.630769
vt 0.419669 0.630769
vt 0.429632 0.632740
vt 0.419669 0.632740
vt 0.429632 0.634598
vt 0.419669 0.634598
vt 0.429632 0.636301
vt 0.419669 0.636301
vt 0.429632 0.637813
vt 0.419669 0.637813
vt 0.429632 0.639425
vt 0.419669 0.639425
vt 0.429632 0.641211
vt 0.419669 0.641211
vt 0.429632 0.643130
vt 0.419669 0.643130
vt 0.429632 0.645140
vt 0.419669 0.645140
vt 0.429632 0.647197
vt 0.419669 0.647197
vt 0.429632 0.649253
vt 0.419669 0.649253
vt 0.429632 0.651263
vt 0.419669 0.651263
vt 0.429632 0.653182
vt 0.419669 0.653182
vt 0.429632 0.654968
vt 0.419669 0.654968
vt 0.429632 0.656580
vt 0.419669 0.656580
vt 0.429632 0.658092
vt 0.419669 0.658092
vt 0.429632 0.659795
vt 0.419669 0.659795
vt 0.429632 0.661653
vt 0.419669 0.661653
vt 0.429632 0.663624
vt 0.419669 0.663624
vt 0.429632 0.665662
vt 0.419669 0.665662
vt 0.429632 0.667724
vt 0.419669 0.667724
vt 0.429632 0.669763
vt 0.419669 0.669763
vt 0.429632 0.671734
vt 0.419669 0.671734
vt 0.429632 0.673591
vt 0.419669 0.673591
vt 0.429632 0.675295
vt 0.419669 0.675295
vt 0.429632 0.676807
vt 0.419669 0.676807
vt 0.429632 0.598819
vt 0.429632 0.600431
vt 0.419669 0.600431
vt 0.419669 0.598819
vt 0.429632 0.602217
vt 0.419669 0.602217
vt 0.429632 0.604136
vt 0.419669 0.604136
vt 0.429632 0.606147
vt 0.419669 0.606147
vt 0.235021 0.547796
vt 0.231378 0.541885
vt 0.231850 0.541068
vt 0.238085 0.548257
vt 0.232495 0.539950
vt 0.241184 0.548257
vt 0.233301 0.538555
vt 0.244248 0.547796
vt 0.233807 0.537678
vt 0.247208 0.546882
vt 0.234452 0.536561
vt 0.250000 0.545538
vt 0.235848 0.534143
vt 0.252560 0.543792
vt 0.237328 0.531579
vt 0.254831 0.541685
vt 0.238860 0.528926
vt 0.256763 0.539262
vt 0.240409 0.526242
vt 0.258312 0.536579
vt 0.259445 0.533695
vt 0.241941 0.523589
vt 0.260134 0.530674
vt 0.243421 0.521025
vt 0.260365 0.527584
vt 0.244817 0.518607
vt 0.260134 0.524494
vt 0.245462 0.517490
vt 0.259445 0.521474
vt 0.245969 0.516614
vt 0.258312 0.518589
vt 0.246774 0.515218
vt 0.256763 0.515906
vt 0.247420 0.514100
vt 0.254831 0.513483
vt 0.247891 0.513283
vt 0.230357 0.543653
vt 0.226709 0.543792
vt 0.224438 0.541685
vt 0.244248 0.507373
vt 0.247208 0.508286
vt 0.248912 0.511515
vt 0.222506 0.539262
vt 0.220957 0.536579
vt 0.219825 0.533695
vt 0.219135 0.530674
vt 0.218904 0.527584
vt 0.219135 0.524494
vt 0.219825 0.521473
vt 0.220957 0.518589
vt 0.222506 0.515906
vt 0.224438 0.513483
vt 0.226709 0.511376
vt 0.229269 0.509631
vt 0.232061 0.508286
vt 0.235021 0.507373
vt 0.238085 0.506911
vt 0.241184 0.506911
vt 0.252560 0.511376
vt 0.232061 0.546882
vt 0.250000 0.509631
vt 0.229269 0.545538
vt 0.390547 0.474734
vt 0.385617 0.474734
vt 0.380441 0.474734
vt 0.375117 0.474734
vt 0.369742 0.474734
vt 0.364417 0.474734
vt 0.359242 0.474734
vt 0.385617 0.536014
vt 0.380441 0.536014
vt 0.375117 0.536014
vt 0.369742 0.536014
vt 0.364417 0.536014
vt 0.359242 0.536014
vt 0.354312 0.536014
vt 0.772872 0.981277
vt 0.756806 0.982376
vt 0.756806 0.978001
vt 0.788638 0.978001
vt 0.950953 0.749231
vt 0.926876 0.749193
vt 0.926876 0.731994
vt 0.950953 0.731994
vt 0.950953 0.766146
vt 0.926876 0.766071
vt 0.950953 0.782425
vt 0.926876 0.782314
vt 0.950953 0.797765
vt 0.926876 0.797620
vt 0.950953 0.811880
vt 0.926876 0.811703
vt 0.950953 0.824506
vt 0.926876 0.824302
vt 0.984921 0.823116
vt 0.961020 0.823277
vt 0.961020 0.810002
vt 0.984921 0.809813
vt 0.984921 0.837770
vt 0.961020 0.837898
vt 0.984921 0.853501
vt 0.961020 0.853594
vt 0.984921 0.870016
vt 0.961020 0.870072
vt 0.984921 0.887007
vt 0.961020 0.887026
vt 0.984921 0.904157
vt 0.961020 0.904138
vt 0.984921 0.921148
vt 0.961020 0.921092
vt 0.984921 0.937663
vt 0.961020 0.937570
vt 0.984921 0.953394
vt 0.961020 0.953266
vt 0.984921 0.968047
vt 0.961020 0.967887
vt 0.984921 0.981351
vt 0.961020 0.981161
vt 0.985097 0.627333
vt 0.961020 0.627509
vt 0.961020 0.614911
vt 0.985097 0.614706
vt 0.985097 0.641448
vt 0.961020 0.641593
vt 0.985097 0.656787
vt 0.961020 0.656899
vt 0.985097 0.673067
vt 0.961020 0.673142
vt 0.985097 0.689982
vt 0.961020 0.690020
vt 0.985097 0.707219
vt 0.961020 0.707219
vt 0.985097 0.724455
vt 0.961020 0.724417
vt 0.985097 0.741371
vt 0.961020 0.741295
vt 0.985097 0.757650
vt 0.961020 0.757538
vt 0.985097 0.772990
vt 0.961020 0.772844
vt 0.985097 0.787104
vt 0.961020 0.786928
vt 0.985097 0.799731
vt 0.961020 0.799526
vt 0.916634 0.667419
vt 0.892733 0.667580
vt 0.892733 0.654305
vt 0.916634 0.654115
vt 0.916634 0.682073
vt 0.892733 0.682201
vt 0.916634 0.697804
vt 0.892733 0.697897
vt 0.916634 0.714319
vt 0.892733 0.714375
vt 0.916634 0.731310
vt 0.892733 0.731329
vt 0.916634 0.748461
vt 0.892733 0.748442
vt 0.916634 0.765452
vt 0.892733 0.765395
vt 0.916634 0.781967
vt 0.892733 0.781874
vt 0.916634 0.797697
vt 0.892733 0.797570
vt 0.916634 0.812351
vt 0.892733 0.812191
vt 0.916634 0.825655
vt 0.892733 0.825466
vt 0.950953 0.652109
vt 0.926876 0.652286
vt 0.926876 0.639687
vt 0.950953 0.639482
vt 0.950953 0.666223
vt 0.926876 0.666369
vt 0.950953 0.681563
vt 0.926876 0.681675
vt 0.950953 0.697842
vt 0.926876 0.697918
vt 0.950953 0.714758
vt 0.926876 0.714796
vt 0.523506 0.993363
vt 0.505524 0.994593
vt 0.505524 0.991415
vt 0.523073 0.990214
vt 0.487542 0.993363
vt 0.487975 0.990214
vt 0.469896 0.989696
vt 0.470753 0.986636
vt 0.452913 0.983660
vt 0.454179 0.980745
vt 0.436910 0.975368
vt 0.438561 0.972653
vt 0.422185 0.964974
vt 0.424191 0.962509
vt 0.409013 0.952672
vt 0.411335 0.950503
vt 0.397638 0.938691
vt 0.400235 0.936858
vt 0.388273 0.923291
vt 0.391095 0.921829
vt 0.381093 0.906760
vt 0.384088 0.905696
vt 0.376230 0.889405
vt 0.379342 0.888758
vt 0.373776 0.871549
vt 0.376947 0.871332
vt 0.373776 0.853525
vt 0.376947 0.853742
vt 0.376230 0.835669
vt 0.379342 0.836316
vt 0.381093 0.818314
vt 0.384088 0.819378
vt 0.388274 0.801783
vt 0.391095 0.803245
vt 0.397638 0.786383
vt 0.400235 0.788215
vt 0.409013 0.772402
vt 0.411336 0.774571
vt 0.422185 0.760099
vt 0.424191 0.762565
vt 0.436910 0.749706
vt 0.438561 0.752421
vt 0.452913 0.741414
vt 0.454179 0.744329
vt 0.469896 0.735378
vt 0.470753 0.738438
vt 0.487543 0.731711
vt 0.487975 0.734859
vt 0.505524 0.730481
vt 0.505524 0.733659
vt 0.523506 0.731711
vt 0.523073 0.734859
vt 0.541152 0.735378
vt 0.540295 0.738438
vt 0.558135 0.741414
vt 0.556869 0.744329
vt 0.574138 0.749706
vt 0.572487 0.752421
vt 0.588863 0.760100
vt 0.586857 0.762565
vt 0.602035 0.772402
vt 0.599713 0.774571
vt 0.613410 0.786383
vt 0.610813 0.788215
vt 0.622775 0.801783
vt 0.619953 0.803245
vt 0.629955 0.818314
vt 0.626960 0.819378
vt 0.634818 0.835669
vt 0.631706 0.836316
vt 0.637272 0.853525
vt 0.634101 0.853742
vt 0.637272 0.871549
vt 0.634101 0.871332
vt 0.634818 0.889405
vt 0.631706 0.888758
vt 0.629955 0.906760
vt 0.626960 0.905696
vt 0.622775 0.923291
vt 0.619953 0.921829
vt 0.613410 0.938691
vt 0.610813 0.936858
vt 0.602035 0.952672
vt 0.599713 0.950503
vt 0.588863 0.964974
vt 0.586857 0.962509
vt 0.574138 0.975368
vt 0.572487 0.972653
vt 0.558135 0.983660
vt 0.556869 0.980745
vt 0.541152 0.989696
vt 0.540295 0.986636
vt 0.437671 0.005000
vt 0.454697 0.005000
vt 0.454697 0.018065
vt 0.437671 0.018065
vt 0.471722 0.005000
vt 0.471722 0.018065
vt 0.488430 0.005000
vt 0.488430 0.018065
vt 0.504510 0.005000
vt 0.504510 0.018065
vt 0.519661 0.005000
vt 0.519661 0.018065
vt 0.533603 0.005000
vt 0.533603 0.018065
vt 0.546075 0.005000
vt 0.546075 0.018065
vt 0.559313 0.005000
vt 0.559313 0.018065
vt 0.573893 0.005000
vt 0.573893 0.018065
vt 0.589546 0.005000
vt 0.589546 0.018065
vt 0.605978 0.005000
vt 0.605978 0.018065
vt 0.622884 0.005000
vt 0.622884 0.018065
vt 0.639949 0.005000
vt 0.639949 0.018065
vt 0.656855 0.005000
vt 0.656855 0.018065
vt 0.673288 0.005000
vt 0.673288 0.018065
vt 0.688940 0.005000
vt 0.688940 0.018065
vt 0.703521 0.005000
vt 0.703521 0.018065
vt 0.716758 0.005000
vt 0.716758 0.018065
vt 0.009878 0.005000
vt 0.022349 0.005000
vt 0.022349 0.018065
vt 0.009878 0.018065
vt 0.036291 0.005000
vt 0.036291 0.018065
vt 0.051443 0.005000
vt 0.051443 0.018065
vt 0.067523 0.005000
vt 0.067523 0.018065
vt 0.084231 0.005000
vt 0.084231 0.018065
vt 0.101256 0.005000
vt 0.101256 0.018065
vt 0.118281 0.005000
vt 0.118281 0.018065
vt 0.134989 0.005000
vt 0.134989 0.018065
vt 0.151069 0.005000
vt 0.151069 0.018065
vt 0.166221 0.005000
vt 0.166221 0.018065
vt 0.180163 0.005000
vt 0.180163 0.018065
vt 0.192634 0.005000
vt 0.192634 0.018065
vt 0.205872 0.005000
vt 0.205872 0.018065
vt 0.220453 0.005000
vt 0.220453 0.018065
vt 0.236105 0.005000
vt 0.236105 0.018065
vt 0.252537 0.005000
vt 0.252537 0.018065
vt 0.269444 0.005000
vt 0.269444 0.018065
vt 0.286509 0.005000
vt 0.286509 0.018065
vt 0.303415 0.005000
vt 0.303415 0.018065
vt 0.319847 0.005000
vt 0.319847 0.018065
vt 0.335500 0.005000
vt 0.335500 0.018065
vt 0.350080 0.005000
vt 0.350080 0.018065
vt 0.363318 0.005000
vt 0.363318 0.018065
vt 0.375790 0.005000
vt 0.375790 0.018065
vt 0.389732 0.005000
vt 0.389732 0.018065
vt 0.404883 0.005000
vt 0.404883 0.018065
vt 0.420963 0.005000
vt 0.420963 0.018065
vt 0.616111 0.878022
vt 0.590589 0.874516
vt 0.591388 0.862844
vt 0.617149 0.862844
vt 0.613016 0.892917
vt 0.588209 0.885971
vt 0.607921 0.907252
vt 0.584291 0.896996
vt 0.600922 0.920760
vt 0.578908 0.907384
vt 0.592149 0.933189
vt 0.572161 0.916942
vt 0.581765 0.944307
vt 0.564175 0.925493
vt 0.569963 0.953909
vt 0.555099 0.932877
vt 0.556965 0.961813
vt 0.545103 0.938956
vt 0.543011 0.967874
vt 0.534372 0.943617
vt 0.528361 0.971979
vt 0.523106 0.946774
vt 0.513290 0.974050
vt 0.511515 0.948367
vt 0.498076 0.974050
vt 0.499815 0.948367
vt 0.483004 0.971979
vt 0.488224 0.946774
vt 0.468355 0.967874
vt 0.476958 0.943617
vt 0.454401 0.961813
vt 0.466226 0.938956
vt 0.441402 0.953909
vt 0.456230 0.932877
vt 0.429601 0.944308
vt 0.447154 0.925493
vt 0.419217 0.933189
vt 0.439168 0.916943
vt 0.410444 0.920760
vt 0.432421 0.907384
vt 0.403444 0.907252
vt 0.427039 0.896996
vt 0.398350 0.892917
vt 0.423120 0.885972
vt 0.395254 0.878022
vt 0.420740 0.874516
vt 0.394216 0.862844
vt 0.419942 0.862844
vt 0.395254 0.847666
vt 0.420740 0.851171
vt 0.398350 0.832770
vt 0.423120 0.839716
vt 0.403444 0.818435
vt 0.427039 0.828692
vt 0.410444 0.804928
vt 0.432421 0.818303
vt 0.419217 0.792499
vt 0.439168 0.808745
vt 0.429601 0.781380
vt 0.447154 0.800194
vt 0.441402 0.771779
vt 0.456230 0.792811
vt 0.454401 0.763874
vt 0.466227 0.786732
vt 0.468355 0.757813
vt 0.476958 0.782070
vt 0.483004 0.753709
vt 0.488224 0.778914
vt 0.498076 0.751637
vt 0.499815 0.777321
vt 0.513290 0.751637
vt 0.511515 0.777321
vt 0.528361 0.753709
vt 0.523105 0.778914
vt 0.543011 0.757813
vt 0.534372 0.782070
vt 0.556965 0.763874
vt 0.545103 0.786731
vt 0.569963 0.771779
vt 0.555099 0.792810
vt 0.581765 0.781380
vt 0.564175 0.800194
vt 0.592149 0.792499
vt 0.572161 0.808745
vt 0.600922 0.804927
vt 0.578908 0.818303
vt 0.607921 0.818435
vt 0.584291 0.828692
vt 0.613016 0.832770
vt 0.588209 0.839716
vt 0.616111 0.847666
vt 0.590589 0.851171
vt 0.627165 0.862844
vt 0.626033 0.879388
vt 0.622659 0.895624
vt 0.617106 0.911250
vt 0.609477 0.925973
vt 0.599914 0.939521
vt 0.588595 0.951640
vt 0.575731 0.962106
vt 0.561563 0.970722
vt 0.546352 0.977328
vt 0.530384 0.981802
vt 0.513956 0.984060
vt 0.497373 0.984060
vt 0.480945 0.981802
vt 0.464977 0.977328
vt 0.449767 0.970722
vt 0.435598 0.962106
vt 0.422735 0.951640
vt 0.411416 0.939521
vt 0.401853 0.925973
vt 0.394224 0.911250
vt 0.388670 0.895624
vt 0.385296 0.879388
vt 0.384165 0.862844
vt 0.385296 0.846300
vt 0.388670 0.830064
vt 0.394224 0.814438
vt 0.401853 0.799714
vt 0.411416 0.786167
vt 0.422734 0.774047
vt 0.435598 0.763582
vt 0.449767 0.754966
vt 0.464977 0.748359
vt 0.480945 0.743885
vt 0.497373 0.741627
vt 0.513956 0.741627
vt 0.530384 0.743885
vt 0.546352 0.748359
vt 0.561562 0.754966
vt 0.575731 0.763582
vt 0.588595 0.774047
vt 0.599914 0.786166
vt 0.609477 0.799714
vt 0.617106 0.814438
vt 0.622659 0.830063
vt 0.626033 0.846299
vt 0.053254 0.199519
vt 0.053254 0.211340
vt 0.005000 0.211340
vt 0.005000 0.199519
vt 0.053254 0.223161
vt 0.005000 0.223161
vt 0.053254 0.234761
vt 0.005000 0.234761
vt 0.053254 0.245926
vt 0.005000 0.245926
vt 0.053254 0.256446
vt 0.005000 0.256446
vt 0.053254 0.266126
vt 0.005000 0.266126
vt 0.053254 0.274785
vt 0.005000 0.274785
vt 0.053254 0.283976
vt 0.005000 0.283976
vt 0.053254 0.294099
vt 0.005000 0.294099
vt 0.053254 0.304967
vt 0.005000 0.304967
vt 0.053254 0.316376
vt 0.005000 0.316376
vt 0.053254 0.328114
vt 0.005000 0.328114
vt 0.053254 0.339962
vt 0.005000 0.339962
vt 0.053254 0.351701
vt 0.005000 0.351701
vt 0.053254 0.363109
vt 0.005000 0.363109
vt 0.053254 0.373977
vt 0.005000 0.373977
vt 0.053254 0.384101
vt 0.005000 0.384101
vt 0.053254 0.393292
vt 0.005000 0.393292
vt 0.053254 0.401951
vt 0.005000 0.401951
vt 0.053254 0.411631
vt 0.005000 0.411631
vt 0.053254 0.422151
vt 0.005000 0.422151
vt 0.053254 0.433315
vt 0.005000 0.433315
vt 0.053254 0.444916
vt 0.005000 0.444916
vt 0.053254 0.456736
vt 0.005000 0.456736
vt 0.053254 0.468557
vt 0.005000 0.468557
vt 0.053254 0.480158
vt 0.005000 0.480158
vt 0.053254 0.491322
vt 0.005000 0.491322
vt 0.053254 0.501842
vt 0.005000 0.501842
vt 0.053254 0.511522
vt 0.005000 0.511522
vt 0.053254 0.520181
vt 0.005000 0.520181
vt 0.053254 0.029388
vt 0.053254 0.038579
vt 0.005000 0.038579
vt 0.005000 0.029388
vt 0.053254 0.048703
vt 0.005000 0.048703
vt 0.053254 0.059570
vt 0.005000 0.059570
vt 0.053254 0.070979
vt 0.005000 0.070979
vt 0.053254 0.082717
vt 0.005000 0.082717
vt 0.053254 0.094566
vt 0.005000 0.094566
vt 0.053254 0.106304
vt 0.005000 0.106304
vt 0.053254 0.117713
vt 0.005000 0.117713
vt 0.053254 0.128581
vt 0.005000 0.128581
vt 0.053254 0.138704
vt 0.005000 0.138704
vt 0.053254 0.147895
vt 0.005000 0.147895
vt 0.053254 0.156554
vt 0.005000 0.156554
vt 0.053254 0.166234
vt 0.005000 0.166234
vt 0.053254 0.176754
vt 0.005000 0.176754
vt 0.053254 0.187918
vt 0.005000 0.187919
vt 0.588392 0.610722
vt 0.589358 0.624837
vt 0.573288 0.624837
vt 0.572473 0.612910
vt 0.588392 0.638953
vt 0.572473 0.636765
vt 0.585513 0.652806
vt 0.570040 0.648470
vt 0.580776 0.666137
vt 0.566037 0.659735
vt 0.574266 0.678699
vt 0.560536 0.670350
vt 0.566107 0.690258
vt 0.553642 0.680117
vt 0.556450 0.700598
vt 0.545482 0.688855
vt 0.545475 0.709528
vt 0.536208 0.696399
vt 0.533386 0.716879
vt 0.525993 0.702611
vt 0.520409 0.722516
vt 0.515028 0.707374
vt 0.506785 0.726333
vt 0.503516 0.710600
vt 0.492768 0.728260
vt 0.491672 0.712228
vt 0.478620 0.728260
vt 0.479716 0.712228
vt 0.464603 0.726333
vt 0.467872 0.710600
vt 0.450979 0.722516
vt 0.456360 0.707374
vt 0.438002 0.716879
vt 0.445395 0.702611
vt 0.425913 0.709528
vt 0.435180 0.696400
vt 0.414938 0.700598
vt 0.425906 0.688855
vt 0.405281 0.690258
vt 0.417746 0.680117
vt 0.397122 0.678699
vt 0.410851 0.670350
vt 0.390612 0.666137
vt 0.405351 0.659735
vt 0.385874 0.652806
vt 0.401348 0.648470
vt 0.382996 0.638953
vt 0.398915 0.636765
vt 0.382030 0.624837
vt 0.398100 0.624837
vt 0.382996 0.610722
vt 0.398915 0.612910
vt 0.385874 0.596869
vt 0.401348 0.601205
vt 0.390612 0.583537
vt 0.405351 0.589940
vt 0.397122 0.570975
vt 0.410851 0.579325
vt 0.405281 0.559417
vt 0.417746 0.569558
vt 0.414938 0.549076
vt 0.425906 0.560820
vt 0.425913 0.540147
vt 0.435180 0.553275
vt 0.438002 0.532796
vt 0.445395 0.547064
vt 0.450979 0.527159
vt 0.456360 0.542300
vt 0.464603 0.523342
vt 0.467872 0.539075
vt 0.478620 0.521415
vt 0.479716 0.537447
vt 0.492768 0.521415
vt 0.491672 0.537447
vt 0.506785 0.523342
vt 0.503516 0.539075
vt 0.520409 0.527159
vt 0.515028 0.542300
vt 0.533386 0.532796
vt 0.525993 0.547064
vt 0.545475 0.540147
vt 0.536208 0.553275
vt 0.556450 0.549076
vt 0.545482 0.560820
vt 0.566107 0.559416
vt 0.553642 0.569558
vt 0.574266 0.570975
vt 0.560536 0.579325
vt 0.580776 0.583537
vt 0.566037 0.589940
vt 0.585513 0.596869
vt 0.570040 0.601205
vt 0.872325 0.840385
vt 0.874518 0.856338
vt 0.756806 0.856338
vt 0.756806 0.840385
vt 0.874518 0.872441
vt 0.756806 0.872441
vt 0.872325 0.888395
vt 0.756806 0.888395
vt 0.867980 0.903901
vt 0.756806 0.903901
vt 0.867980 0.824878
vt 0.756806 0.824878
vt 0.861565 0.810108
vt 0.756806 0.810108
vt 0.853198 0.796349
vt 0.756806 0.796349
vt 0.861565 0.918671
vt 0.756806 0.918671
vt 0.853197 0.932430
vt 0.756806 0.932430
vt 0.843035 0.783858
vt 0.756806 0.783858
vt 0.843035 0.944922
vt 0.756806 0.944922
vt 0.831266 0.772866
vt 0.756806 0.772866
vt 0.818110 0.763580
vt 0.756806 0.763580
vt 0.803812 0.756171
vt 0.756806 0.756171
vt 0.788639 0.750778
vt 0.756806 0.750778
vt 0.831266 0.955913
vt 0.756806 0.955913
vt 0.818110 0.965199
vt 0.756806 0.965199
vt 0.803812 0.972608
vt 0.756806 0.972608
vt 0.772872 0.747502
vt 0.756806 0.746403
vt 0.740740 0.981277
vt 0.724974 0.978001
vt 0.709800 0.972608
vt 0.695502 0.965199
vt 0.682346 0.955913
vt 0.670577 0.944922
vt 0.660415 0.932430
vt 0.652048 0.918671
vt 0.645632 0.903901
vt 0.641287 0.888395
vt 0.639095 0.872441
vt 0.639095 0.856338
vt 0.641287 0.840384
vt 0.645632 0.824878
vt 0.652048 0.810108
vt 0.660415 0.796349
vt 0.670578 0.783858
vt 0.682346 0.772866
vt 0.695502 0.763580
vt 0.709800 0.756171
vt 0.724974 0.750778
vt 0.740740 0.747502
vn 1.0000 0.0000 -0.0000
vn 0.9907 0.1362 -0.0000
vn 0.9907 -0.1362 -0.0000
vn 0.9629 -0.2698 -0.0000
vn 0.9172 -0.3984 -0.0000
vn 0.8544 -0.5196 -0.0000
vn 0.7757 -0.6311 -0.0000
vn 0.6826 -0.7308 -0.0000
vn 0.5767 -0.8170 -0.0000
vn 0.4601 -0.8879 -0.0000
vn 0.3349 -0.9423 -0.0000
vn 0.2035 -0.9791 -0.0000
vn 0.0682 -0.9977 -0.0000
vn -0.0682 -0.9977 -0.0000
vn -0.2035 -0.9791 -0.0000
vn -0.3349 -0.9423 0.0000
vn -0.4601 -0.8879 0.0000
vn -0.5767 -0.8170 0.0000
vn -0.6826 -0.7308 0.0000
vn -0.7757 -0.6311 0.0000
vn -0.8544 -0.5196 0.0000
vn -0.9172 -0.3984 0.0000
vn -0.9629 -0.2698 0.0000
vn -0.9907 -0.1362 0.0000
vn -1.0000 -0.0000 0.0000
vn -0.9907 0.1362 0.0000
vn -0.9629 0.2698 0.0000
vn -0.9172 0.3984 0.0000
vn -0.8544 0.5196 0.0000
vn -0.7757 0.6311 0.0000
vn -0.6826 0.7308 0.0000
vn -0.5767 0.8170 0.0000
vn -0.4601 0.8879 0.0000
vn -0.3349 0.9423 0.0000
vn -0.2035 0.9791 0.0000
vn -0.0682 0.9977 0.0000
vn 0.0682 0.9977 0.0000
vn 0.2035 0.9791 0.0000
vn 0.3349 0.9423 0.0000
vn 0.4601 0.8879 -0.0000
vn 0.5767 0.8170 -0.0000
vn 0.6826 0.7308 -0.0000
vn 0.7757 0.6311 -0.0000
vn 0.8544 0.5196 -0.0000
vn 0.9172 0.3984 -0.0000
vn 0.9629 0.2698 -0.0000
vn -0.0000 -0.0000 -1.0000
vn -0.2085 0.0000 -0.9780
vn -0.2065 -0.0284 -0.9780
vn -0.2065 0.0284 -0.9780
vn -0.2007 0.0562 -0.9780
vn -0.1912 0.0831 -0.9780
vn -0.1781 0.1083 -0.9780
vn -0.1617 0.1316 -0.9780
vn -0.1423 0.1524 -0.9780
vn -0.1202 0.1703 -0.9780
vn -0.0959 0.1851 -0.9780
vn -0.0698 0.1964 -0.9780
vn -0.0424 0.2041 -0.9780
vn -0.0142 0.2080 -0.9780
vn 0.0142 0.2080 -0.9780
vn 0.0424 0.2041 -0.9780
vn 0.0698 0.1964 -0.9780
vn 0.0959 0.1851 -0.9780
vn 0.1202 0.1703 -0.9780
vn 0.1423 0.1524 -0.9780
vn 0.1617 0.1316 -0.9780
vn 0.1781 0.1083 -0.9780
vn 0.1912 0.0831 -0.9780
vn 0.2007 0.0562 -0.9780
vn 0.2065 0.0284 -0.9780
vn 0.2085 0.0000 -0.9780
vn 0.2065 -0.0284 -0.9780
vn 0.2007 -0.0562 -0.9780
vn 0.1912 -0.0831 -0.9780
vn 0.1781 -0.1083 -0.9780
vn 0.1617 -0.1316 -0.9780
vn 0.1423 -0.1524 -0.9780
vn 0.1202 -0.1703 -0.9780
vn 0.0959 -0.1851 -0.9780
vn 0.0698 -0.1964 -0.9780
vn 0.0424 -0.2041 -0.9780
vn 0.0142 -0.2080 -0.9780
vn -0.0142 -0.2080 -0.9780
vn -0.0424 -0.2041 -0.9780
vn -0.0698 -0.1964 -0.9780
vn -0.0959 -0.1851 -0.9780
vn -0.1202 -0.1703 -0.9780
vn -0.1423 -0.1524 -0.9780
vn -0.1617 -0.1316 -0.9780
vn -0.1781 -0.1083 -0.9780
vn -0.1912 -0.0831 -0.9780
vn -0.2007 -0.0562 -0.9780
vn -0.2265 0.0000 -0.9740
vn -0.2244 -0.0308 -0.9740
vn -0.2244 0.0308 -0.9740
vn -0.2181 0.0611 -0.9740
vn -0.2077 0.0902 -0.9740
vn -0.1935 0.1177 -0.9740
vn -0.1757 0.1429 -0.9740
vn -0.1546 0.1655 -0.9740
vn -0.1306 0.1850 -0.9740
vn -0.1042 0.2011 -0.9740
vn -0.0758 0.2134 -0.9740
vn -0.0461 0.2217 -0.9740
vn -0.0155 0.2260 -0.9740
vn 0.0155 0.2260 -0.9740
vn 0.0461 0.2217 -0.9740
vn 0.0758 0.2134 -0.9740
vn 0.1042 0.2011 -0.9740
vn 0.1306 0.1850 -0.9740
vn 0.1546 0.1655 -0.9740
vn 0.1757 0.1429 -0.9740
vn 0.1935 0.1177 -0.9740
vn 0.2077 0.0902 -0.9740
vn 0.2181 0.0611 -0.9740
vn 0.2244 0.0308 -0.9740
vn 0.2265 0.0000 -0.9740
vn 0.2244 -0.0308 -0.9740
vn 0.2181 -0.0611 -0.9740
vn 0.2077 -0.0902 -0.9740
vn 0.1935 -0.1177 -0.9740
vn 0.1757 -0.1429 -0.9740
vn 0.1546 -0.1655 -0.9740
vn 0.1306 -0.1850 -0.9740
vn 0.1042 -0.2011 -0.9740
vn 0.0758 -0.2134 -0.9740
vn 0.0461 -0.2217 -0.9740
vn 0.0155 -0.2260 -0.9740
vn -0.0155 -0.2260 -0.9740
vn -0.0461 -0.2217 -0.9740
vn -0.0758 -0.2134 -0.9740
vn -0.1042 -0.2011 -0.9740
vn -0.1306 -0.1850 -0.9740
vn -0.1546 -0.1655 -0.9740
vn -0.1757 -0.1429 -0.9740
vn -0.1935 -0.1177 -0.9740
vn -0.2077 -0.0902 -0.9740
vn -0.2181 -0.0611 -0.9740
vn -0.9172 0.3984 0.0006
vn -0.9855 0.1699 0.0006
vn -0.8544 0.5196 0.0005
vn -0.7757 0.6311 0.0005
vn -0.6826 0.7308 0.0004
vn -0.6825 0.7308 0.0004
vn -0.3350 0.9422 0.0002
vn -0.3348 0.9423 0.0002
vn 0.0000 1.0000 0.0000
vn 0.3348 0.9423 -0.0002
vn 0.3350 0.9422 -0.0002
vn 0.6825 0.7308 -0.0004
vn 0.6826 0.7308 -0.0004
vn 0.7757 0.6311 -0.0005
vn 0.8544 0.5196 -0.0005
vn 0.9172 0.3984 -0.0006
vn 0.9855 0.1699 -0.0006
vn 1.0000 0.0000 -0.0006
vn 0.9855 -0.1699 -0.0006
vn 0.9172 -0.3984 -0.0006
vn 0.8544 -0.5196 -0.0005
vn 0.7757 -0.6311 -0.0005
vn 0.6825 -0.7308 -0.0004
vn 0.6826 -0.7308 -0.0004
vn 0.3348 -0.9423 -0.0002
vn 0.3350 -0.9422 -0.0002
vn 0.0000 -1.0000 -0.0000
vn -0.3350 -0.9422 0.0002
vn -0.3348 -0.9423 0.0002
vn -0.6826 -0.7308 0.0004
vn -0.6825 -0.7308 0.0004
vn -0.7757 -0.6311 0.0005
vn -0.8544 -0.5196 0.0005
vn -0.9172 -0.3984 0.0006
vn -0.9855 -0.1699 0.0006
vn -1.0000 -0.0000 0.0006
vn 0.9888 0.1490 -0.0000
vn 0.9556 0.2948 -0.0000
vn 0.9010 0.4339 -0.0000
vn 0.8262 0.5633 -0.0000
vn 0.7331 0.6802 -0.0000
vn 0.6235 0.7818 -0.0000
vn 0.5000 0.8660 -0.0000
vn 0.3653 0.9309 -0.0000
vn 0.2225 0.9749 -0.0000
vn 0.0747 0.9972 0.0000
vn -0.0747 0.9972 0.0000
vn -0.2225 0.9749 0.0000
vn -0.3653 0.9309 0.0000
vn -0.5000 0.8660 0.0000
vn -0.6235 0.7818 0.0000
vn -0.7331 0.6802 0.0000
vn -0.8262 0.5633 0.0000
vn -0.9010 0.4339 0.0000
vn -0.9556 0.2948 0.0000
vn -0.9888 0.1490 0.0000
vn -0.9888 -0.1490 0.0000
vn -0.9556 -0.2948 0.0000
vn -0.9010 -0.4339 0.0000
vn -0.8262 -0.5633 0.0000
vn -0.7331 -0.6802 0.0000
vn -0.6235 -0.7818 0.0000
vn -0.5000 -0.8660 0.0000
vn -0.3653 -0.9309 -0.0000
vn -0.2225 -0.9749 -0.0000
vn -0.0747 -0.9972 -0.0000
vn 0.0747 -0.9972 -0.0000
vn 0.2225 -0.9749 -0.0000
vn 0.3653 -0.9309 -0.0000
vn 0.5000 -0.8660 -0.0000
vn 0.6235 -0.7818 -0.0000
vn 0.7331 -0.6802 -0.0000
vn 0.8262 -0.5633 -0.0000
vn 0.9010 -0.4339 -0.0000
vn 0.9556 -0.2948 -0.0000
vn 0.9888 -0.1490 -0.0000
vn 0.0000 -0.0000 1.0000
vn 0.9906 -0.1362 -0.0116
vn 0.9999 0.0000 -0.0116
vn 0.9629 -0.2698 -0.0116
vn 0.9171 -0.3984 -0.0116
vn 0.8544 -0.5195 -0.0116
vn 0.7757 -0.6310 -0.0116
vn 0.6825 -0.7308 -0.0116
vn 0.5766 -0.8169 -0.0116
vn 0.4600 -0.8878 -0.0116
vn 0.3349 -0.9422 -0.0116
vn 0.2034 -0.9790 -0.0116
vn 0.0682 -0.9976 -0.0116
vn -0.0682 -0.9976 -0.0116
vn -0.2034 -0.9790 -0.0116
vn -0.3349 -0.9422 -0.0116
vn -0.4600 -0.8878 -0.0116
vn -0.5766 -0.8169 -0.0116
vn -0.6825 -0.7308 -0.0116
vn -0.7757 -0.6310 -0.0116
vn -0.8544 -0.5195 -0.0116
vn -0.9171 -0.3984 -0.0116
vn -0.9629 -0.2698 -0.0116
vn -0.9906 -0.1362 -0.0116
vn -0.9999 -0.0000 -0.0116
vn -0.9906 0.1362 -0.0116
vn -0.9629 0.2698 -0.0116
vn -0.9171 0.3984 -0.0116
vn -0.8544 0.5195 -0.0116
vn -0.7757 0.6310 -0.0116
vn -0.6825 0.7308 -0.0116
vn -0.5766 0.8169 -0.0116
vn -0.4600 0.8878 -0.0116
vn -0.3349 0.9422 -0.0116
vn -0.2034 0.9790 -0.0116
vn -0.0682 0.9976 -0.0116
vn 0.0682 0.9976 -0.0116
vn 0.2034 0.9790 -0.0116
vn 0.3349 0.9422 -0.0116
vn 0.4600 0.8878 -0.0116
vn 0.5766 0.8169 -0.0116
vn 0.6825 0.7308 -0.0116
vn 0.7757 0.6310 -0.0116
vn 0.8544 0.5195 -0.0116
vn 0.9171 0.3984 -0.0116
vn 0.9629 0.2698 -0.0116
vn 0.9906 0.1362 -0.0116
vn 0.1548 -0.0213 -0.9877
vn 0.1562 0.0000 -0.9877
vn 0.1504 -0.0421 -0.9877
vn 0.1433 -0.0622 -0.9877
vn 0.1335 -0.0812 -0.9877
vn 0.1212 -0.0986 -0.9877
vn 0.1066 -0.1141 -0.9877
vn 0.0900 -0.1276 -0.9877
vn 0.0718 -0.1386 -0.9877
vn 0.0523 -0.1471 -0.9877
vn 0.0318 -0.1528 -0.9878
vn 0.0107 -0.1556 -0.9878
vn -0.0106 -0.1556 -0.9878
vn -0.0317 -0.1527 -0.9878
vn -0.0522 -0.1469 -0.9878
vn -0.0717 -0.1384 -0.9878
vn -0.0899 -0.1273 -0.9878
vn -0.1063 -0.1139 -0.9878
vn -0.1208 -0.0983 -0.9878
vn -0.1331 -0.0809 -0.9878
vn -0.1428 -0.0621 -0.9878
vn -0.1500 -0.0420 -0.9878
vn -0.1543 -0.0212 -0.9878
vn -0.1557 -0.0000 -0.9878
vn -0.1543 0.0212 -0.9878
vn -0.1500 0.0420 -0.9878
vn -0.1428 0.0621 -0.9878
vn -0.1331 0.0809 -0.9878
vn -0.1208 0.0983 -0.9878
vn -0.1063 0.1139 -0.9878
vn -0.0899 0.1273 -0.9878
vn -0.0717 0.1384 -0.9878
vn -0.0522 0.1469 -0.9878
vn -0.0317 0.1527 -0.9878
vn -0.0106 0.1556 -0.9878
vn 0.0107 0.1556 -0.9878
vn 0.0318 0.1528 -0.9878
vn 0.0523 0.1471 -0.9877
vn 0.0718 0.1386 -0.9877
vn 0.0900 0.1276 -0.9877
vn 0.1066 0.1141 -0.9877
vn 0.1212 0.0986 -0.9877
vn 0.1335 0.0812 -0.9877
vn 0.1433 0.0622 -0.9877
vn 0.1504 0.0421 -0.9877
vn 0.1548 0.0213 -0.9877
vn 0.2964 0.0000 -0.9551
vn 0.2936 -0.0404 -0.9551
vn 0.2854 -0.0800 -0.9551
vn 0.2718 -0.1181 -0.9551
vn 0.2532 -0.1540 -0.9551
vn 0.2298 -0.1870 -0.9551
vn 0.2022 -0.2165 -0.9551
vn 0.1708 -0.2420 -0.9551
vn 0.1362 -0.2629 -0.9551
vn 0.0991 -0.2790 -0.9552
vn 0.0602 -0.2898 -0.9552
vn 0.0202 -0.2952 -0.9552
vn -0.0202 -0.2952 -0.9552
vn -0.0602 -0.2896 -0.9553
vn -0.0991 -0.2787 -0.9553
vn -0.1360 -0.2625 -0.9553
vn -0.1705 -0.2415 -0.9553
vn -0.2017 -0.2160 -0.9553
vn -0.2292 -0.1865 -0.9553
vn -0.2525 -0.1535 -0.9553
vn -0.2710 -0.1177 -0.9554
vn -0.2845 -0.0797 -0.9554
vn -0.2927 -0.0402 -0.9554
vn -0.2954 -0.0000 -0.9554
vn -0.2927 0.0402 -0.9554
vn -0.2845 0.0797 -0.9554
vn -0.2710 0.1177 -0.9554
vn -0.2525 0.1535 -0.9553
vn -0.2292 0.1865 -0.9553
vn -0.2017 0.2160 -0.9553
vn -0.1705 0.2415 -0.9553
vn -0.1360 0.2625 -0.9553
vn -0.0991 0.2787 -0.9553
vn -0.0602 0.2896 -0.9553
vn -0.0202 0.2952 -0.9552
vn 0.0202 0.2952 -0.9552
vn 0.0602 0.2898 -0.9552
vn 0.0991 0.2790 -0.9552
vn 0.1362 0.2629 -0.9551
vn 0.1708 0.2420 -0.9551
vn 0.2022 0.2165 -0.9551
vn 0.2298 0.1870 -0.9551
vn 0.2532 0.1540 -0.9551
vn 0.2718 0.1181 -0.9551
vn 0.2854 0.0800 -0.9551
vn 0.2936 0.0404 -0.9551
vn -0.0002 -0.0000 -1.0000
vn -0.0002 0.0001 -1.0000
vn 0.0001 -0.0001 -1.0000
vn -0.0001 0.0001 -1.0000
vn -0.0001 0.0002 -1.0000
vn -0.0000 0.0002 -1.0000
vn -0.0000 -0.0001 -1.0000
vn 0.0001 0.0002 -1.0000
vn 0.0001 0.0001 -1.0000
vn 0.0002 0.0001 -1.0000
vn 0.0002 0.0000 -1.0000
vn -0.0001 -0.0000 -1.0000
vn 0.0002 -0.0001 -1.0000
vn 0.0001 -0.0002 -1.0000
vn -0.0000 0.0001 -1.0000
vn 0.0000 -0.0002 -1.0000
vn -0.0001 -0.0002 -1.0000
vn -0.0001 -0.0001 -1.0000
vn -0.0002 -0.0001 -1.0000
usemtl Camera
s 1
f 2289/3315/2667 2288/3316/2668 3104/3317/2668 3105/3318/2667
f 2290/3319/2669 2289/3315/2667 3105/3318/2667 3106/3320/2669
f 2291/3321/2670 2290/3319/2669 3106/3320/2669 3107/3322/2670
f 2292/3323/2671 2291/3321/2670 3107/3322/2670 3108/3324/2671
f 2293/3325/2672 2292/3323/2671 3108/3324/2671 3109/3326/2672
f 2294/3327/2673 2293/3325/2672 3109/3326/2672 3110/3328/2673
f 2295/3329/2674 2294/3327/2673 3110/3328/2673 3111/3330/2674
f 2296/3331/2675 2295/3329/2674 3111/3330/2674 3112/3332/2675
f 2297/3333/2676 2296/3331/2675 3112/3332/2675 3113/3334/2676
f 2298/3335/2677 2297/3333/2676 3113/3334/2676 3114/3336/2677
f 2299/3337/2678 2298/3335/2677 3114/3336/2677 3115/3338/2678
f 2300/3339/2679 2299/3337/2678 3115/3338/2678 3116/3340/2679
f 2301/3341/2680 2300/3339/2679 3116/3340/2679 3117/3342/2680
f 2302/3343/2681 2301/3341/2680 3117/3342/2680 3118/3344/2681
f 2303/3345/2682 2302/3343/2681 3118/3344/2681 3119/3346/2682
f 2304/3347/2683 2303/3345/2682 3119/3346/2682 3120/3348/2683
f 2305/3349/2684 2304/3347/2683 3120/3348/2683 3121/3350/2684
f 2306/3351/2685 2305/3349/2684 3121/3350/2684 3122/3352/2685
f 2307/3353/2686 2306/3351/2685 3122/3352/2685 3123/3354/2686
f 2308/3355/2687 2307/3353/2686 3123/3354/2686 3124/3356/2687
f 2309/3357/2688 2308/3355/2687 3124/3356/2687 3125/3358/2688
f 2310/3359/2689 2309/3357/2688 3125/3358/2688 3126/3360/2689
f 2311/3361/2690 2310/3359/2689 3126/3360/2689 3127/3362/2690
f 2312/3363/2691 2311/3361/2690 3127/3362/2690 3128/3364/2691
f 2313/3365/2692 2312/3363/2691 3128/3364/2691 3129/3366/2692
f 2314/3367/2693 2313/3365/2692 3129/3366/2692 3130/3368/2693
f 2315/3369/2694 2314/3367/2693 3130/3368/2693 3131/3370/2694
f 2316/3371/2695 2315/3369/2694 3131/3370/2694 3132/3372/2695
f 2317/3373/2696 2316/3371/2695 3132/3372/2695 3133/3374/2696
f 2318/3375/2697 2317/3373/2696 3133/3374/2696 3134/3376/2697
f 2319/3377/2698 2318/3378/2697 3134/3379/2697 3135/3380/2698
f 2320/3381/2699 2319/3377/2698 3135/3380/2698 3136/3382/2699
f 2321/3383/2700 2320/3381/2699 3136/3382/2699 3137/3384/2700
f 2322/3385/2701 2321/3383/2700 3137/3384/2700 3138/3386/2701
f 2323/3387/2702 2322/3385/2701 3138/3386/2701 3139/3388/2702
f 2324/3389/2703 2323/3387/2702 3139/3388/2702 3140/3390/2703
f 2325/3391/2704 2324/3389/2703 3140/3390/2703 3141/3392/2704
f 2326/3393/2705 2325/3391/2704 3141/3392/2704 3142/3394/2705
f 2327/3395/2706 2326/3393/2705 3142/3394/2705 3143/3396/2706
f 2328/3397/2707 2327/3395/2706 3143/3396/2706 3144/3398/2707
f 2329/3399/2708 2328/3397/2707 3144/3398/2707 3145/3400/2708
f 2330/3401/2709 2329/3399/2708 3145/3400/2708 3146/3402/2709
f 2331/3403/2710 2330/3401/2709 3146/3402/2709 3147/3404/2710
f 2332/3405/2711 2331/3403/2710 3147/3404/2710 3148/3406/2711
f 2333/3407/2712 2332/3405/2711 3148/3406/2711 3149/3408/2712
f 2288/3316/2668 2333/3407/2712 3149/3408/2712 3104/3317/2668
f 2289/3409/2713 2335/3410/2714 2334/3411/2715 2288/3412/2713
f 2290/3413/2713 2336/3414/2716 2335/3410/2714 2289/3409/2713
f 2291/3415/2713 2337/3416/2717 2336/3414/2716 2290/3413/2713
f 2292/3417/2713 2338/3418/2718 2337/3416/2717 2291/3415/2713
f 2293/3419/2713 2339/3420/2719 2338/3418/2718 2292/3417/2713
f 2294/3421/2713 2340/3422/2720 2339/3420/2719 2293/3419/2713
f 2295/3423/2713 2341/3424/2721 2340/3422/2720 2294/3421/2713
f 2296/3425/2713 2342/3426/2722 2341/3424/2721 2295/3423/2713
f 2297/3427/2713 2343/3428/2723 2342/3426/2722 2296/3425/2713
f 2298/3429/2713 2344/3430/2724 2343/3428/2723 2297/3427/2713
f 2299/3431/2713 2345/3432/2725 2344/3430/2724 2298/3429/2713
f 2300/3433/2713 2346/3434/2726 2345/3432/2725 2299/3431/2713
f 2301/3435/2713 2347/3436/2727 2346/3434/2726 2300/3433/2713
f 2302/3437/2713 2348/3438/2728 2347/3436/2727 2301/3435/2713
f 2303/3439/2713 2349/3440/2729 2348/3438/2728 2302/3437/2713
f 2304/3441/2713 2350/3442/2730 2349/3440/2729 2303/3439/2713
f 2305/3443/2713 2351/3444/2731 2350/3442/2730 2304/3441/2713
f 2306/3445/2713 2352/3446/2732 2351/3444/2731 2305/3443/2713
f 2307/3447/2713 2353/3448/2733 2352/3446/2732 2306/3445/2713
f 2308/3449/2713 2354/3450/2734 2353/3448/2733 2307/3447/2713
f 2309/3451/2713 2355/3452/2735 2354/3450/2734 2308/3449/2713
f 2310/3453/2713 2356/3454/2736 2355/3452/2735 2309/3451/2713
f 2311/3455/2713 2357/3456/2737 2356/3454/2736 2310/3453/2713
f 2312/3457/2713 2358/3458/2738 2357/3456/2737 2311/3455/2713
f 2313/3459/2713 2359/3460/2739 2358/3458/2738 2312/3457/2713
f 2314/3461/2713 2360/3462/2740 2359/3460/2739 2313/3459/2713
f 2315/3463/2713 2361/3464/2741 2360/3462/2740 2314/3461/2713
f 2316/3465/2713 2362/3466/2742 2361/3464/2741 2315/3463/2713
f 2317/3467/2713 2363/3468/2743 2362/3466/2742 2316/3465/2713
f 2318/3469/2713 2364/3470/2744 2363/3468/2743 2317/3467/2713
f 2319/3471/2713 2365/3472/2745 2364/3470/2744 2318/3469/2713
f 2320/3473/2713 2366/3474/2746 2365/3472/2745 2319/3471/2713
f 2321/3475/2713 2367/3476/2747 2366/3474/2746 2320/3473/2713
f 2322/3477/2713 2368/3478/2748 2367/3476/2747 2321/3475/2713
f 2323/3479/2713 2369/3480/2749 2368/3478/2748 2322/3477/2713
f 2324/3481/2713 2370/3482/2750 2369/3480/2749 2323/3479/2713
f 2325/3483/2713 2371/3484/2751 2370/3482/2750 2324/3481/2713
f 2326/3485/2713 2372/3486/2752 2371/3484/2751 2325/3483/2713
f 2327/3487/2713 2373/3488/2753 2372/3486/2752 2326/3485/2713
f 2328/3489/2713 2374/3490/2754 2373/3488/2753 2327/3487/2713
f 2329/3491/2713 2375/3492/2755 2374/3490/2754 2328/3489/2713
f 2330/3493/2713 2376/3494/2756 2375/3492/2755 2329/3491/2713
f 2331/3495/2713 2377/3496/2757 2376/3494/2756 2330/3493/2713
f 2332/3497/2713 2378/3498/2758 2377/3496/2757 2331/3495/2713
f 2333/3499/2713 2379/3500/2759 2378/3498/2758 2332/3497/2713
f 2288/3412/2713 2334/3411/2715 2379/3500/2759 2333/3499/2713
f 2335/3410/2714 2381/3501/2760 2380/3502/2761 2334/3411/2715
f 2336/3414/2716 2382/3503/2762 2381/3501/2760 2335/3410/2714
f 2337/3416/2717 2383/3504/2763 2382/3503/2762 2336/3414/2716
f 2338/3418/2718 2384/3505/2764 2383/3504/2763 2337/3416/2717
f 2339/3420/2719 2385/3506/2765 2384/3505/2764 2338/3418/2718
f 2340/3422/2720 2386/3507/2766 2385/3506/2765 2339/3420/2719
f 2341/3424/2721 2387/3508/2767 2386/3507/2766 2340/3422/2720
f 2342/3426/2722 2388/3509/2768 2387/3508/2767 2341/3424/2721
f 2343/3428/2723 2389/3510/2769 2388/3509/2768 2342/3426/2722
f 2344/3430/2724 2390/3511/2770 2389/3510/2769 2343/3428/2723
f 2345/3432/2725 2391/3512/2771 2390/3511/2770 2344/3430/2724
f 2346/3434/2726 2392/3513/2772 2391/3512/2771 2345/3432/2725
f 2347/3436/2727 2393/3514/2773 2392/3513/2772 2346/3434/2726
f 2348/3438/2728 2394/3515/2774 2393/3514/2773 2347/3436/2727
f 2349/3440/2729 2395/3516/2775 2394/3515/2774 2348/3438/2728
f 2350/3442/2730 2396/3517/2776 2395/3516/2775 2349/3440/2729
f 2351/3444/2731 2397/3518/2777 2396/3517/2776 2350/3442/2730
f 2352/3446/2732 2398/3519/2778 2397/3518/2777 2351/3444/2731
f 2353/3448/2733 2399/3520/2779 2398/3519/2778 2352/3446/2732
f 2354/3450/2734 2400/3521/2780 2399/3520/2779 2353/3448/2733
f 2355/3452/2735 2401/3522/2781 2400/3521/2780 2354/3450/2734
f 2356/3454/2736 2402/3523/2782 2401/3522/2781 2355/3452/2735
f 2357/3456/2737 2403/3524/2783 2402/3523/2782 2356/3454/2736
f 2358/3458/2738 2404/3525/2784 2403/3524/2783 2357/3456/2737
f 2359/3460/2739 2405/3526/2785 2404/3525/2784 2358/3458/2738
f 2360/3462/2740 2406/3527/2786 2405/3526/2785 2359/3460/2739
f 2361/3464/2741 2407/3528/2787 2406/3527/2786 2360/3462/2740
f 2362/3466/2742 2408/3529/2788 2407/3528/2787 2361/3464/2741
f 2363/3468/2743 2409/3530/2789 2408/3529/2788 2362/3466/2742
f 2364/3470/2744 2410/3531/2790 2409/3530/2789 2363/3468/2743
f 2365/3472/2745 2411/3532/2791 2410/3531/2790 2364/3470/2744
f 2366/3474/2746 2427/3533/2792 2411/3532/2791 2365/3472/2745
f 2367/3476/2747 2426/3534/2793 2427/3533/2792 2366/3474/2746
f 2368/3478/2748 2425/3535/2794 2426/3534/2793 2367/3476/2747
f 2369/3480/2749 2424/3536/2795 2425/3535/2794 2368/3478/2748
f 2370/3482/2750 2423/3537/2796 2424/3536/2795 2369/3480/2749
f 2371/3484/2751 2422/3538/2797 2423/3537/2796 2370/3482/2750
f 2372/3486/2752 2421/3539/2798 2422/3538/2797 2371/3484/2751
f 2373/3488/2753 2420/3540/2799 2421/3539/2798 2372/3486/2752
f 2374/3490/2754 2412/3541/2800 2420/3540/2799 2373/3488/2753
f 2375/3492/2755 2413/3542/2801 2412/3541/2800 2374/3490/2754
f 2376/3494/2756 2414/3543/2802 2413/3542/2801 2375/3492/2755
f 2377/3496/2757 2415/3544/2803 2414/3543/2802 2376/3494/2756
f 2378/3498/2758 2416/3545/2804 2415/3544/2803 2377/3496/2757
f 2379/3500/2759 2417/3546/2805 2416/3545/2804 2378/3498/2758
f 2334/3411/2715 2380/3502/2761 2417/3546/2805 2379/3500/2759
f 2383/3504/2763 2384/3505/2764 2429/3547/2713 2428/3548/2713
f 2384/3505/2764 2385/3506/2765 2430/3549/2713 2429/3547/2713
f 2385/3506/2765 2386/3507/2766 2431/3550/2713 2430/3549/2713
f 2386/3507/2766 2387/3508/2767 2432/3551/2713 2431/3550/2713
f 2387/3508/2767 2388/3509/2768 2433/3552/2713 2432/3551/2713
f 2388/3509/2768 2389/3510/2769 2434/3553/2713 2433/3552/2713
f 2397/3518/2777 2398/3519/2778 2442/3554/2713 2441/3555/2713
f 2398/3519/2778 2399/3520/2779 2443/3556/2713 2442/3554/2713
f 2399/3520/2779 2400/3521/2780 2444/3557/2713 2443/3556/2713
f 2400/3521/2780 2401/3522/2781 2445/3558/2713 2444/3557/2713
f 2401/3522/2781 2402/3523/2782 2446/3559/2713 2445/3558/2713
f 2402/3523/2782 2403/3524/2783 2418/3560/2713 2446/3559/2713
f 2418/3560/2713 2405/3526/2785 2406/3527/2786 2447/3561/2713
f 2406/3527/2786 2407/3528/2787 2448/3562/2713 2447/3561/2713
f 2407/3528/2787 2408/3529/2788 2449/3563/2713 2448/3562/2713
f 2408/3529/2788 2409/3530/2789 2450/3564/2713 2449/3563/2713
f 2409/3530/2789 2410/3531/2790 2451/3565/2713 2450/3564/2713
f 2410/3531/2790 2411/3532/2791 2452/3566/2713 2451/3565/2713
f 2411/3532/2791 2427/3533/2792 2453/3567/2713 2452/3566/2713
f 2412/3541/2800 2413/3542/2801 2461/3568/2713 2460/3569/2713
f 2413/3542/2801 2414/3543/2802 2462/3570/2713 2461/3568/2713
f 2414/3543/2802 2415/3544/2803 2463/3571/2713 2462/3570/2713
f 2415/3544/2803 2416/3545/2804 2464/3572/2713 2463/3571/2713
f 2416/3545/2804 2417/3546/2805 2465/3573/2713 2464/3572/2713
f 2380/3502/2761 2419/3574/2713 2465/3573/2713 2417/3546/2805
f 2382/3503/2762 2383/3504/2763 2428/3548/2713 2419/3574/2713
f 2467/3575/2806 2466/3576/2807 2428/3577/2807 2429/3578/2806
f 2468/3579/2808 2467/3575/2806 2429/3578/2806 2430/3580/2808
f 2469/3581/2809 2468/3579/2808 2430/3580/2808 2431/3582/2809
f 2470/3583/2810 2469/3581/2809 2431/3582/2809 2432/3584/2811
f 2471/3585/2812 2470/3583/2810 2432/3584/2811 2433/3586/2813
f 2472/3587/2814 2471/3585/2812 2433/3586/2813 2434/3588/2814
f 2473/3589/2814 2472/3587/2814 2434/3588/2814 2435/3590/2814
f 2474/3591/2814 2473/3589/2814 2435/3590/2814 2436/3592/2814
f 2475/3593/2814 2474/3591/2814 2436/3592/2814 2437/3594/2814
f 2476/3595/2814 2475/3593/2814 2437/3594/2814 2779/3596/2814
f 2477/3597/2814 2476/3595/2814 2779/3596/2814 2438/3598/2814
f 2478/3599/2814 2477/3597/2814 2438/3598/2814 2439/3600/2814
f 2479/3601/2814 2478/3599/2814 2439/3600/2814 2440/3602/2814
f 2480/3603/2815 2479/3601/2814 2440/3602/2814 2441/3604/2816
f 2481/3605/2817 2480/3603/2815 2441/3604/2816 2442/3606/2818
f 2482/3607/2819 2481/3605/2817 2442/3606/2818 2443/3608/2819
f 2483/3609/2820 2482/3607/2819 2443/3608/2819 2444/3610/2820
f 2484/3611/2821 2483/3609/2820 2444/3610/2820 2445/3612/2821
f 2485/3613/2822 2484/3611/2821 2445/3612/2821 2446/3614/2822
f 2486/3615/2823 2485/3613/2822 2446/3614/2822 2418/3616/2823
f 2487/3617/2824 2486/3615/2823 2418/3616/2823 2447/3618/2824
f 2488/3619/2825 2487/3617/2824 2447/3618/2824 2448/3620/2825
f 2489/3621/2826 2488/3619/2825 2448/3620/2825 2449/3622/2826
f 2490/3623/2827 2489/3621/2826 2449/3622/2826 2450/3624/2827
f 2491/3625/2828 2490/3623/2827 2450/3624/2827 2451/3626/2829
f 2492/3627/2830 2491/3625/2828 2451/3626/2829 2452/3628/2831
f 2493/3629/2832 2492/3630/2830 2452/3631/2831 2453/3632/2832
f 2494/3633/2832 2493/3629/2832 2453/3632/2832 2454/3634/2832
f 2495/3635/2832 2494/3633/2832 2454/3634/2832 2455/3636/2832
f 2496/3637/2832 2495/3635/2832 2455/3636/2832 2456/3638/2832
f 2497/3639/2832 2496/3637/2832 2456/3638/2832 2778/3640/2832
f 2498/3641/2832 2497/3639/2832 2778/3640/2832 2457/3642/2832
f 2499/3643/2832 2498/3641/2832 2457/3642/2832 2458/3644/2832
f 2500/3645/2832 2499/3643/2832 2458/3644/2832 2459/3646/2832
f 2501/3647/2833 2500/3645/2832 2459/3646/2832 2460/3648/2834
f 2502/3649/2835 2501/3647/2833 2460/3648/2834 2461/3650/2836
f 2503/3651/2837 2502/3649/2835 2461/3650/2836 2462/3652/2837
f 2504/3653/2838 2503/3651/2837 2462/3652/2837 2463/3654/2838
f 2505/3655/2839 2504/3653/2838 2463/3654/2838 2464/3656/2839
f 2506/3657/2840 2505/3655/2839 2464/3656/2839 2465/3658/2840
f 2507/3659/2841 2506/3657/2840 2465/3658/2840 2419/3660/2841
f 2466/3576/2807 2507/3659/2841 2419/3660/2841 2428/3577/2807
f 2508/3661/2667 2550/3662/2667 2551/3663/2842 2509/3664/2842
f 2509/3664/2842 2551/3663/2842 2552/3665/2843 2510/3666/2843
f 2510/3666/2843 2552/3665/2843 2553/3667/2844 2511/3668/2844
f 2511/3668/2844 2553/3667/2844 2554/3669/2845 2512/3670/2845
f 2512/3670/2845 2554/3669/2845 2555/3671/2846 2513/3672/2846
f 2513/3672/2846 2555/3671/2846 2556/3673/2847 2514/3674/2847
f 2514/3674/2847 2556/3673/2847 2557/3675/2848 2515/3676/2848
f 2515/3676/2848 2557/3675/2848 2558/3677/2849 2516/3678/2849
f 2516/3678/2849 2558/3677/2849 2559/3679/2850 2517/3680/2850
f 2517/3680/2850 2559/3679/2850 2560/3681/2851 2518/3682/2851
f 2518/3682/2851 2560/3681/2851 2561/3683/2852 2519/3684/2852
f 2519/3684/2852 2561/3683/2852 2562/3685/2853 2520/3686/2853
f 2520/3686/2853 2562/3685/2853 2563/3687/2854 2521/3688/2854
f 2521/3688/2854 2563/3687/2854 2564/3689/2855 2522/3690/2855
f 2522/3690/2855 2564/3689/2855 2565/3691/2856 2523/3692/2856
f 2523/3692/2856 2565/3691/2856 2566/3693/2857 2524/3694/2857
f 2524/3694/2857 2566/3693/2857 2567/3695/2858 2525/3696/2858
f 2525/3696/2858 2567/3695/2858 2568/3697/2859 2526/3698/2859
f 2526/3698/2859 2568/3697/2859 2569/3699/2860 2527/3700/2860
f 2527/3700/2860 2569/3699/2860 2570/3701/2861 2528/3702/2861
f 2528/3702/2861 2570/3701/2861 2571/3703/2691 2529/3704/2691
f 2529/3704/2691 2571/3703/2691 2572/3705/2862 2530/3706/2862
f 2530/3706/2862 2572/3705/2862 2573/3707/2863 2531/3708/2863
f 2531/3708/2863 2573/3707/2863 2574/3709/2864 2532/3710/2864
f 2532/3710/2864 2574/3709/2864 2575/3711/2865 2533/3712/2865
f 2533/3712/2865 2575/3711/2865 2576/3713/2866 2534/3714/2866
f 2534/3714/2866 2576/3713/2866 2577/3715/2867 2535/3716/2867
f 2535/3716/2867 2577/3715/2867 2578/3717/2868 2536/3718/2868
f 2536/3718/2868 2578/3717/2868 2579/3719/2869 2537/3720/2869
f 2537/3720/2869 2579/3719/2869 2580/3721/2870 2538/3722/2870
f 2538/3722/2870 2580/3721/2870 2581/3723/2871 2539/3724/2871
f 2539/3724/2871 2581/3723/2871 2582/3725/2872 2540/3726/2872
f 2540/3726/2872 2582/3725/2872 2583/3727/2873 2541/3728/2873
f 2541/3728/2873 2583/3727/2873 2584/3729/2874 2542/3730/2874
f 2542/3730/2874 2584/3729/2874 2585/3731/2875 2543/3732/2875
f 2543/3732/2875 2585/3731/2875 2586/3733/2876 2544/3734/2876
f 2544/3734/2876 2586/3733/2876 2587/3735/2877 2545/3736/2877
f 2545/3737/2877 2587/3738/2877 2588/3739/2878 2546/3740/2878
f 2546/3740/2878 2588/3739/2878 2589/3741/2879 2547/3742/2879
f 2547/3742/2879 2589/3741/2879 2590/3743/2880 2548/3744/2880
f 2548/3744/2880 2590/3743/2880 2591/3745/2881 2549/3746/2881
f 2549/3746/2881 2591/3745/2881 2550/3662/2667 2508/3661/2667
f 2510/3747/2713 2484/3748/2713 2485/3749/2713 2509/3750/2713
f 2511/3751/2713 2483/3752/2713 2484/3748/2713 2510/3747/2713
f 2512/3753/2713 2482/3754/2713 2483/3752/2713 2511/3751/2713
f 2513/3755/2713 2481/3756/2713 2482/3754/2713 2512/3753/2713
f 2514/3757/2713 2480/3758/2713 2481/3756/2713 2513/3755/2713
f 2514/3757/2713 2515/3759/2713 2479/3760/2713 2480/3758/2713
f 2515/3759/2713 2516/3761/2713 2478/3762/2713 2479/3760/2713
f 2516/3761/2713 2517/3763/2713 2477/3764/2713 2478/3762/2713
f 2517/3763/2713 2518/3765/2713 2476/3766/2713 2477/3764/2713
f 2518/3765/2713 2519/3767/2713 2475/3768/2713 2476/3766/2713
f 2520/3769/2713 2474/3770/2713 2475/3768/2713 2519/3767/2713
f 2521/3771/2713 2473/3772/2713 2474/3770/2713 2520/3769/2713
f 2522/3773/2713 2472/3774/2713 2473/3772/2713 2521/3771/2713
f 2523/3775/2713 2471/3776/2713 2472/3774/2713 2522/3773/2713
f 2523/3775/2713 2524/3777/2713 2470/3778/2713 2471/3776/2713
f 2524/3777/2713 2525/3779/2713 2469/3780/2713 2470/3778/2713
f 2525/3779/2713 2526/3781/2713 2468/3782/2713 2469/3780/2713
f 2526/3781/2713 2527/3783/2713 2467/3784/2713 2468/3782/2713
f 2527/3783/2713 2528/3785/2713 2466/3786/2713 2467/3784/2713
f 2528/3785/2713 2529/3787/2713 2507/3788/2713 2466/3786/2713
f 2530/3789/2713 2506/3790/2713 2507/3788/2713 2529/3787/2713
f 2531/3791/2713 2505/3792/2713 2506/3790/2713 2530/3789/2713
f 2532/3793/2713 2504/3794/2713 2505/3792/2713 2531/3791/2713
f 2533/3795/2713 2503/3796/2713 2504/3794/2713 2532/3793/2713
f 2534/3797/2713 2502/3798/2713 2503/3796/2713 2533/3795/2713
f 2535/3799/2713 2501/3800/2713 2502/3798/2713 2534/3797/2713
f 2535/3799/2713 2536/3801/2713 2500/3802/2713 2501/3800/2713
f 2536/3801/2713 2537/3803/2713 2499/3804/2713 2500/3802/2713
f 2537/3803/2713 2538/3805/2713 2498/3806/2713 2499/3804/2713
f 2538/3805/2713 2539/3807/2713 2497/3808/2713 2498/3806/2713
f 2539/3807/2713 2540/3809/2713 2496/3810/2713 2497/3808/2713
f 2541/3811/2713 2495/3812/2713 2496/3810/2713 2540/3809/2713
f 2542/3813/2713 2494/3814/2713 2495/3812/2713 2541/3811/2713
f 2543/3815/2713 2493/3816/2713 2494/3814/2713 2542/3813/2713
f 2544/3817/2713 2492/3818/2713 2493/3816/2713 2543/3815/2713
f 2544/3817/2713 2545/3819/2713 2491/3820/2713 2492/3818/2713
f 2545/3819/2713 2546/3821/2713 2490/3822/2713 2491/3820/2713
f 2546/3821/2713 2547/3823/2713 2489/3824/2713 2490/3822/2713
f 2547/3823/2713 2548/3825/2713 2488/3826/2713 2489/3824/2713
f 2548/3825/2713 2549/3827/2713 2487/3828/2713 2488/3826/2713
f 2549/3827/2713 2508/3829/2713 2486/3830/2713 2487/3828/2713
f 2509/3750/2713 2485/3749/2713 2486/3830/2713 2508/3829/2713
f 2592/3831/2713 2593/3832/2713 2551/3833/2713 2550/3834/2713
f 2593/3832/2713 2594/3835/2713 2552/3836/2713 2551/3833/2713
f 2594/3835/2713 2595/3837/2713 2553/3838/2713 2552/3836/2713
f 2595/3837/2713 2596/3839/2713 2554/3840/2713 2553/3838/2713
f 2596/3839/2713 2597/3841/2713 2555/3842/2713 2554/3840/2713
f 2597/3841/2713 2598/3843/2713 2556/3844/2713 2555/3842/2713
f 2598/3843/2713 2599/3845/2713 2557/3846/2713 2556/3844/2713
f 2599/3845/2713 2600/3847/2713 2558/3848/2713 2557/3846/2713
f 2600/3847/2713 2601/3849/2713 2559/3850/2713 2558/3848/2713
f 2601/3849/2713 2602/3851/2713 2560/3852/2713 2559/3850/2713
f 2602/3851/2713 2603/3853/2713 2561/3854/2713 2560/3852/2713
f 2603/3853/2713 2604/3855/2713 2562/3856/2713 2561/3854/2713
f 2604/3855/2713 2605/3857/2713 2563/3858/2713 2562/3856/2713
f 2605/3857/2713 2606/3859/2713 2564/3860/2713 2563/3858/2713
f 2606/3859/2713 2607/3861/2713 2565/3862/2713 2564/3860/2713
f 2607/3861/2713 2608/3863/2713 2566/3864/2713 2565/3862/2713
f 2608/3863/2713 2609/3865/2713 2567/3866/2713 2566/3864/2713
f 2609/3865/2713 2610/3867/2713 2568/3868/2713 2567/3866/2713
f 2610/3867/2713 2611/3869/2713 2569/3870/2713 2568/3868/2713
f 2611/3869/2713 2612/3871/2713 2570/3872/2713 2569/3870/2713
f 2612/3871/2713 2613/3873/2713 2571/3874/2713 2570/3872/2713
f 2613/3873/2713 2614/3875/2713 2572/3876/2713 2571/3874/2713
f 2614/3875/2713 2615/3877/2713 2573/3878/2713 2572/3876/2713
f 2615/3877/2713 2616/3879/2713 2574/3880/2713 2573/3878/2713
f 2616/3879/2713 2617/3881/2713 2575/3882/2713 2574/3880/2713
f 2617/3881/2713 2618/3883/2713 2576/3884/2713 2575/3882/2713
f 2618/3883/2713 2619/3885/2713 2577/3886/2713 2576/3884/2713
f 2619/3885/2713 2620/3887/2713 2578/3888/2713 2577/3886/2713
f 2620/3887/2713 2621/3889/2713 2579/3890/2713 2578/3888/2713
f 2621/3889/2713 2622/3891/2713 2580/3892/2713 2579/3890/2713
f 2622/3891/2713 2623/3893/2713 2581/3894/2713 2580/3892/2713
f 2623/3893/2713 2624/3895/2713 2582/3896/2713 2581/3894/2713
f 2624/3895/2713 2625/3897/2713 2583/3898/2713 2582/3896/2713
f 2625/3897/2713 2626/3899/2713 2584/3900/2713 2583/3898/2713
f 2626/3899/2713 2627/3901/2713 2585/3902/2713 2584/3900/2713
f 2627/3901/2713 2628/3903/2713 2586/3904/2713 2585/3902/2713
f 2628/3903/2713 2629/3905/2713 2587/3906/2713 2586/3904/2713
f 2629/3905/2713 2630/3907/2713 2588/3908/2713 2587/3906/2713
f 2630/3907/2713 2631/3909/2713 2589/3910/2713 2588/3908/2713
f 2631/3909/2713 2632/3911/2713 2590/3912/2713 2589/3910/2713
f 2632/3911/2713 2633/3913/2713 2591/3914/2713 2590/3912/2713
f 2633/3913/2713 2592/3831/2713 2550/3834/2713 2591/3914/2713
f 2634/3915/2667 2635/3916/2842 2593/3917/2842 2592/3918/2667
f 2635/3916/2842 2636/3919/2843 2594/3920/2843 2593/3917/2842
f 2636/3919/2843 2637/3921/2844 2595/3922/2844 2594/3920/2843
f 2637/3921/2844 2638/3923/2845 2596/3924/2845 2595/3922/2844
f 2638/3923/2845 2639/3925/2846 2597/3926/2846 2596/3924/2845
f 2639/3925/2846 2640/3927/2847 2598/3928/2847 2597/3926/2846
f 2640/3927/2847 2641/3929/2848 2599/3930/2848 2598/3928/2847
f 2641/3929/2848 2642/3931/2849 2600/3932/2849 2599/3930/2848
f 2642/3931/2849 2643/3933/2850 2601/3934/2850 2600/3932/2849
f 2643/3933/2850 2644/3935/2851 2602/3936/2851 2601/3934/2850
f 2644/3935/2851 2645/3937/2852 2603/3938/2852 2602/3936/2851
f 2645/3937/2852 2646/3939/2853 2604/3940/2853 2603/3938/2852
f 2646/3939/2853 2647/3941/2854 2605/3942/2854 2604/3940/2853
f 2647/3941/2854 2648/3943/2855 2606/3944/2855 2605/3942/2854
f 2648/3943/2855 2649/3945/2856 2607/3946/2856 2606/3944/2855
f 2649/3945/2856 2650/3947/2857 2608/3948/2857 2607/3946/2856
f 2650/3947/2857 2651/3949/2858 2609/3950/2858 2608/3948/2857
f 2651/3949/2858 2652/3951/2859 2610/3952/2859 2609/3950/2858
f 2652/3951/2859 2653/3953/2860 2611/3954/2860 2610/3952/2859
f 2653/3953/2860 2654/3955/2861 2612/3956/2861 2611/3954/2860
f 2654/3955/2861 2655/3957/2691 2613/3958/2691 2612/3956/2861
f 2655/3957/2691 2656/3959/2862 2614/3960/2862 2613/3958/2691
f 2656/3959/2862 2657/3961/2863 2615/3962/2863 2614/3960/2862
f 2657/3961/2863 2658/3963/2864 2616/3964/2864 2615/3962/2863
f 2658/3963/2864 2659/3965/2865 2617/3966/2865 2616/3964/2864
f 2659/3965/2865 2660/3967/2866 2618/3968/2866 2617/3966/2865
f 2660/3967/2866 2661/3969/2867 2619/3970/2867 2618/3968/2866
f 2661/3969/2867 2662/3971/2868 2620/3972/2868 2619/3970/2867
f 2662/3971/2868 2663/3973/2869 2621/3974/2869 2620/3972/2868
f 2663/3973/2869 2664/3975/2870 2622/3976/2870 2621/3974/2869
f 2664/3975/2870 2665/3977/2871 2623/3978/2871 2622/3976/2870
f 2665/3977/2871 2666/3979/2872 2624/3980/2872 2623/3978/2871
f 2666/3979/2872 2667/3981/2873 2625/3982/2873 2624/3980/2872
f 2667/3981/2873 2668/3983/2874 2626/3984/2874 2625/3982/2873
f 2668/3983/2874 2669/3985/2875 2627/3986/2875 2626/3984/2874
f 2669/3985/2875 2670/3987/2876 2628/3988/2876 2627/3986/2875
f 2670/3987/2876 2671/3989/2877 2629/3990/2877 2628/3988/2876
f 2671/3991/2877 2672/3992/2878 2630/3993/2878 2629/3994/2877
f 2672/3992/2878 2673/3995/2879 2631/3996/2879 2630/3993/2878
f 2673/3995/2879 2674/3997/2880 2632/3998/2880 2631/3996/2879
f 2674/3997/2880 2675/3999/2881 2633/4000/2881 2632/3998/2880
f 2675/3999/2881 2634/3915/2667 2592/3918/2667 2633/4000/2881
f 2676/4001/2713 2677/4002/2713 2635/4003/2713 2634/4004/2713
f 2677/4002/2713 2678/4005/2713 2636/4006/2713 2635/4003/2713
f 2678/4005/2713 2679/4007/2713 2637/4008/2713 2636/4006/2713
f 2679/4007/2713 2680/4009/2713 2638/4010/2713 2637/4008/2713
f 2680/4009/2713 2681/4011/2713 2639/4012/2713 2638/4010/2713
f 2681/4011/2713 2682/4013/2713 2640/4014/2713 2639/4012/2713
f 2682/4013/2713 2683/4015/2713 2641/4016/2713 2640/4014/2713
f 2683/4015/2713 2684/4017/2713 2642/4018/2713 2641/4016/2713
f 2684/4017/2713 2685/4019/2713 2643/4020/2713 2642/4018/2713
f 2685/4019/2713 2686/4021/2713 2644/4022/2713 2643/4020/2713
f 2686/4021/2713 2687/4023/2713 2645/4024/2713 2644/4022/2713
f 2687/4023/2713 2688/4025/2713 2646/4026/2713 2645/4024/2713
f 2688/4025/2713 2689/4027/2713 2647/4028/2713 2646/4026/2713
f 2689/4027/2713 2690/4029/2713 2648/4030/2713 2647/4028/2713
f 2690/4029/2713 2691/4031/2713 2649/4032/2713 2648/4030/2713
f 2691/4031/2713 2692/4033/2713 2650/4034/2713 2649/4032/2713
f 2692/4033/2713 2693/4035/2713 2651/4036/2713 2650/4034/2713
f 2693/4035/2713 2694/4037/2713 2652/4038/2713 2651/4036/2713
f 2694/4037/2713 2695/4039/2713 2653/4040/2713 2652/4038/2713
f 2695/4039/2713 2696/4041/2713 2654/4042/2713 2653/4040/2713
f 2696/4041/2713 2697/4043/2713 2655/4044/2713 2654/4042/2713
f 2697/4043/2713 2698/4045/2713 2656/4046/2713 2655/4044/2713
f 2698/4045/2713 2699/4047/2713 2657/4048/2713 2656/4046/2713
f 2699/4047/2713 2700/4049/2713 2658/4050/2713 2657/4048/2713
f 2700/4049/2713 2701/4051/2713 2659/4052/2713 2658/4050/2713
f 2701/4051/2713 2702/4053/2713 2660/4054/2713 2659/4052/2713
f 2702/4053/2713 2703/4055/2713 2661/4056/2713 2660/4054/2713
f 2703/4055/2713 2704/4057/2713 2662/4058/2713 2661/4056/2713
f 2704/4057/2713 2705/4059/2713 2663/4060/2713 2662/4058/2713
f 2705/4059/2713 2706/4061/2713 2664/4062/2713 2663/4060/2713
f 2706/4061/2713 2707/4063/2713 2665/4064/2713 2664/4062/2713
f 2707/4063/2713 2708/4065/2713 2666/4066/2713 2665/4064/2713
f 2708/4065/2713 2709/4067/2713 2667/4068/2713 2666/4066/2713
f 2709/4067/2713 2710/4069/2713 2668/4070/2713 2667/4068/2713
f 2710/4069/2713 2711/4071/2713 2669/4072/2713 2668/4070/2713
f 2711/4071/2713 2712/4073/2713 2670/4074/2713 2669/4072/2713
f 2712/4073/2713 2713/4075/2713 2671/4076/2713 2670/4074/2713
f 2713/4075/2713 2714/4077/2713 2672/4078/2713 2671/4076/2713
f 2714/4077/2713 2715/4079/2713 2673/4080/2713 2672/4078/2713
f 2715/4079/2713 2716/4081/2713 2674/4082/2713 2673/4080/2713
f 2716/4081/2713 2717/4083/2713 2675/4084/2713 2674/4082/2713
f 2717/4083/2713 2676/4001/2713 2634/4004/2713 2675/4084/2713
f 2718/4085/2667 2719/4086/2842 2677/4087/2842 2676/4088/2667
f 2719/4086/2842 2720/4089/2843 2678/4090/2843 2677/4087/2842
f 2720/4089/2843 2721/4091/2844 2679/4092/2844 2678/4090/2843
f 2721/4091/2844 2722/4093/2845 2680/4094/2845 2679/4092/2844
f 2722/4093/2845 2723/4095/2846 2681/4096/2846 2680/4094/2845
f 2723/4095/2846 2724/4097/2847 2682/4098/2847 2681/4096/2846
f 2724/4097/2847 2725/4099/2848 2683/4100/2848 2682/4098/2847
f 2725/4099/2848 2726/4101/2849 2684/4102/2849 2683/4100/2848
f 2726/4101/2849 2727/4103/2850 2685/4104/2850 2684/4102/2849
f 2727/4103/2850 2728/4105/2851 2686/4106/2851 2685/4104/2850
f 2728/4105/2851 2729/4107/2852 2687/4108/2852 2686/4106/2851
f 2729/4107/2852 2730/4109/2853 2688/4110/2853 2687/4108/2852
f 2730/4109/2853 2731/4111/2854 2689/4112/2854 2688/4110/2853
f 2731/4111/2854 2732/4113/2855 2690/4114/2855 2689/4112/2854
f 2732/4113/2855 2733/4115/2856 2691/4116/2856 2690/4114/2855
f 2733/4115/2856 2734/4117/2857 2692/4118/2857 2691/4116/2856
f 2734/4117/2857 2735/4119/2858 2693/4120/2858 2692/4118/2857
f 2735/4119/2858 2736/4121/2859 2694/4122/2859 2693/4120/2858
f 2736/4121/2859 2737/4123/2860 2695/4124/2860 2694/4122/2859
f 2737/4123/2860 2738/4125/2861 2696/4126/2861 2695/4124/2860
f 2738/4125/2861 2739/4127/2691 2697/4128/2691 2696/4126/2861
f 2739/4127/2691 2740/4129/2862 2698/4130/2862 2697/4128/2691
f 2740/4129/2862 2741/4131/2863 2699/4132/2863 2698/4130/2862
f 2741/4131/2863 2742/4133/2864 2700/4134/2864 2699/4132/2863
f 2742/4133/2864 2743/4135/2865 2701/4136/2865 2700/4134/2864
f 2743/4135/2865 2744/4137/2866 2702/4138/2866 2701/4136/2865
f 2744/4137/2866 2745/4139/2867 2703/4140/2867 2702/4138/2866
f 2745/4139/2867 2746/4141/2868 2704/4142/2868 2703/4140/2867
f 2746/4141/2868 2747/4143/2869 2705/4144/2869 2704/4142/2868
f 2747/4143/2869 2748/4145/2870 2706/4146/2870 2705/4144/2869
f 2748/4145/2870 2749/4147/2871 2707/4148/2871 2706/4146/2870
f 2749/4147/2871 2750/4149/2872 2708/4150/2872 2707/4148/2871
f 2750/4149/2872 2751/4151/2873 2709/4152/2873 2708/4150/2872
f 2751/4151/2873 2752/4153/2874 2710/4154/2874 2709/4152/2873
f 2752/4153/2874 2753/4155/2875 2711/4156/2875 2710/4154/2874
f 2753/4155/2875 2754/4157/2876 2712/4158/2876 2711/4156/2875
f 2754/4157/2876 2755/4159/2877 2713/4160/2877 2712/4158/2876
f 2755/4161/2877 2756/4162/2878 2714/4163/2878 2713/4164/2877
f 2756/4162/2878 2757/4165/2879 2715/4166/2879 2714/4163/2878
f 2757/4165/2879 2758/4167/2880 2716/4168/2880 2715/4166/2879
f 2758/4167/2880 2759/4169/2881 2717/4170/2881 2716/4168/2880
f 2759/4169/2881 2718/4085/2667 2676/4088/2667 2717/4170/2881
f 2741/4171/2713 2760/4172/2713 2761/4173/2713 2742/4174/2713
f 2742/4174/2713 2761/4173/2713 2762/4175/2713 2743/4176/2713
f 2743/4176/2713 2762/4175/2713 2763/4177/2713 2744/4178/2713
f 2744/4178/2713 2763/4177/2713 2764/4179/2713 2745/4180/2713
f 2745/4180/2713 2764/4179/2713 2765/4181/2713 2746/4182/2713
f 2746/4182/2713 2765/4181/2713 2766/4183/2713 2747/4184/2713
f 2747/4184/2713 2766/4183/2713 2767/4185/2713 2748/4186/2713
f 2748/4186/2713 2767/4185/2713 2768/4187/2713 2749/4188/2713
f 2749/4188/2713 2768/4187/2713 2769/4189/2713 2750/4190/2713
f 2751/4191/2713 2750/4190/2713 2769/4189/2713 2770/4192/2713
f 2752/4193/2713 2751/4191/2713 2770/4192/2713 2771/4194/2713
f 2753/4195/2713 2752/4193/2713 2771/4194/2713 2772/4196/2713
f 2754/4197/2713 2753/4195/2713 2772/4196/2713 2773/4198/2713
f 2755/4199/2713 2754/4197/2713 2773/4198/2713 2774/4200/2713
f 2756/4201/2713 2755/4199/2713 2774/4200/2713 2775/4202/2713
f 2757/4203/2713 2756/4201/2713 2775/4202/2713 2776/4204/2713
f 2758/4205/2713 2757/4203/2713 2776/4204/2713 2777/4206/2713
f 2760/4172/2713 2781/4207/2713 2738/4208/2713 2737/4209/2713
f 2777/4206/2713 2720/4210/2713 2719/4211/2713 2780/4212/2713
f 2737/4209/2713 2736/4213/2713 2761/4173/2713 2760/4172/2713
f 2736/4213/2713 2735/4214/2713 2762/4175/2713 2761/4173/2713
f 2735/4214/2713 2734/4215/2713 2763/4177/2713 2762/4175/2713
f 2734/4215/2713 2733/4216/2713 2764/4179/2713 2763/4177/2713
f 2733/4216/2713 2732/4217/2713 2765/4181/2713 2764/4179/2713
f 2732/4217/2713 2731/4218/2713 2766/4183/2713 2765/4181/2713
f 2731/4218/2713 2730/4219/2713 2767/4185/2713 2766/4183/2713
f 2730/4219/2713 2729/4220/2713 2768/4187/2713 2767/4185/2713
f 2729/4220/2713 2728/4221/2713 2769/4189/2713 2768/4187/2713
f 2769/4189/2713 2728/4221/2713 2727/4222/2713 2770/4192/2713
f 2770/4192/2713 2727/4222/2713 2726/4223/2713 2771/4194/2713
f 2771/4194/2713 2726/4223/2713 2725/4224/2713 2772/4196/2713
f 2772/4196/2713 2725/4224/2713 2724/4225/2713 2773/4198/2713
f 2773/4198/2713 2724/4225/2713 2723/4226/2713 2774/4200/2713
f 2774/4200/2713 2723/4226/2713 2722/4227/2713 2775/4202/2713
f 2775/4202/2713 2722/4227/2713 2721/4228/2713 2776/4204/2713
f 2776/4204/2713 2721/4228/2713 2720/4210/2713 2777/4206/2713
f 2759/4229/2713 2758/4205/2713 2777/4206/2713 2780/4212/2713
f 2760/4172/2713 2741/4171/2713 2740/4230/2713 2781/4207/2713
f 2719/4211/2713 2718/4231/2713 2780/4212/2713
f 2718/4231/2713 2759/4229/2713 2780/4212/2713
f 2740/4230/2713 2739/4232/2713 2781/4207/2713
f 2739/4232/2713 2738/4208/2713 2781/4207/2713
f 2412/3541/2800 2460/3569/2713 2459/4233/2713 2420/3540/2799
f 2420/3540/2799 2459/4233/2713 2458/4234/2713 2421/3539/2798
f 2421/3539/2798 2458/4234/2713 2457/4235/2713 2422/3538/2797
f 2422/3538/2797 2457/4235/2713 2778/4236/2713 2423/3537/2796
f 2424/3536/2795 2423/3537/2796 2778/4236/2713 2456/4237/2713
f 2425/3535/2794 2424/3536/2795 2456/4237/2713 2455/4238/2713
f 2426/3534/2793 2425/3535/2794 2455/4238/2713 2454/4239/2713
f 2427/3533/2792 2426/3534/2793 2454/4239/2713 2453/3567/2713
f 2389/3510/2769 2390/3511/2770 2435/4240/2713 2434/3553/2713
f 2390/3511/2770 2391/3512/2771 2436/4241/2713 2435/4240/2713
f 2391/3512/2771 2392/3513/2772 2437/4242/2713 2436/4241/2713
f 2392/3513/2772 2393/3514/2773 2779/4243/2713 2437/4242/2713
f 2394/3515/2774 2438/4244/2713 2779/4243/2713 2393/3514/2773
f 2395/3516/2775 2439/4245/2713 2438/4244/2713 2394/3515/2774
f 2396/3517/2776 2440/4246/2713 2439/4245/2713 2395/3516/2775
f 2397/3518/2777 2441/3555/2713 2440/4246/2713 2396/3517/2776
f 2380/3502/2761 2381/3501/2760 2419/3574/2713
f 2419/3574/2713 2381/3501/2760 2382/3503/2762
f 2403/3524/2783 2404/3525/2784 2418/3560/2713
f 2418/3560/2713 2404/3525/2784 2405/3526/2785
f 2874/4247/2882 2875/4248/2882 3169/4249/2882 2919/4250/2882
f 2783/4251/2883 2968/4252/2883 2966/4253/2884 2782/4254/2884
f 2784/4255/2885 2970/4256/2885 2968/4252/2883 2783/4251/2883
f 2785/4257/2886 2972/4258/2886 2970/4256/2885 2784/4255/2885
f 2786/4259/2887 2974/4260/2887 2972/4258/2886 2785/4257/2886
f 2787/4261/2888 2976/4262/2888 2974/4260/2887 2786/4259/2887
f 2788/4263/2889 2978/4264/2889 2976/4262/2888 2787/4261/2888
f 2789/4265/2890 2980/4266/2890 2978/4267/2889 2788/4268/2889
f 2790/4269/2891 2982/4270/2891 2980/4266/2890 2789/4265/2890
f 2791/4271/2892 2984/4272/2892 2982/4270/2891 2790/4269/2891
f 2792/4273/2893 2986/4274/2893 2984/4272/2892 2791/4271/2892
f 2793/4275/2894 2988/4276/2894 2986/4274/2893 2792/4273/2893
f 2794/4277/2895 2990/4278/2895 2988/4276/2894 2793/4275/2894
f 2795/4279/2896 2992/4280/2896 2990/4278/2895 2794/4277/2895
f 2796/4281/2897 2994/4282/2897 2992/4280/2896 2795/4279/2896
f 2797/4283/2898 2996/4284/2898 2994/4282/2897 2796/4281/2897
f 2798/4285/2899 2998/4286/2899 2996/4284/2898 2797/4283/2898
f 2799/4287/2900 3000/4288/2900 2998/4286/2899 2798/4285/2899
f 2800/4289/2901 3002/4290/2901 3000/4291/2900 2799/4292/2900
f 2801/4293/2902 3004/4294/2902 3002/4290/2901 2800/4289/2901
f 2802/4295/2903 3006/4296/2903 3004/4294/2902 2801/4293/2902
f 2803/4297/2904 3008/4298/2904 3006/4296/2903 2802/4295/2903
f 2804/4299/2905 3010/4300/2905 3008/4298/2904 2803/4297/2904
f 2805/4301/2906 3012/4302/2906 3010/4300/2905 2804/4299/2905
f 2806/4303/2907 3014/4304/2907 3012/4302/2906 2805/4301/2906
f 2807/4305/2908 3016/4306/2908 3014/4304/2907 2806/4303/2907
f 2808/4307/2909 3018/4308/2909 3016/4306/2908 2807/4305/2908
f 2809/4309/2910 3020/4310/2910 3018/4308/2909 2808/4307/2909
f 2810/4311/2911 3022/4312/2911 3020/4310/2910 2809/4309/2910
f 2811/4313/2912 3024/4314/2912 3022/4312/2911 2810/4311/2911
f 2812/4315/2913 3026/4316/2913 3024/4317/2912 2811/4318/2912
f 2813/4319/2914 3028/4320/2914 3026/4316/2913 2812/4315/2913
f 2814/4321/2915 3030/4322/2915 3028/4320/2914 2813/4319/2914
f 2815/4323/2916 3032/4324/2916 3030/4322/2915 2814/4321/2915
f 2816/4325/2917 3034/4326/2917 3032/4324/2916 2815/4323/2916
f 2817/4327/2918 3036/4328/2918 3034/4326/2917 2816/4325/2917
f 2818/4329/2919 3038/4330/2919 3036/4328/2918 2817/4327/2918
f 2819/4331/2920 3040/4332/2920 3038/4330/2919 2818/4329/2919
f 2820/4333/2921 3042/4334/2921 3040/4332/2920 2819/4331/2920
f 2821/4335/2922 3044/4336/2922 3042/4334/2921 2820/4333/2921
f 2822/4337/2923 3046/4338/2923 3044/4336/2922 2821/4335/2922
f 2823/4339/2924 3048/4340/2924 3046/4341/2923 2822/4342/2923
f 2824/4343/2925 3050/4344/2925 3048/4340/2924 2823/4339/2924
f 2825/4345/2926 3052/4346/2926 3050/4344/2925 2824/4343/2925
f 2826/4347/2927 3054/4348/2927 3052/4346/2926 2825/4345/2926
f 2827/4349/2928 3056/4350/2928 3054/4348/2927 2826/4347/2927
f 2782/4254/2884 2966/4253/2884 3056/4350/2928 2827/4349/2928
f 2783/4351/2882 2782/4352/2882 2829/4353/2882 2828/4354/2882
f 2782/4352/2882 2827/4355/2882 2830/4356/2882 2829/4353/2882
f 2827/4355/2882 2826/4357/2882 2831/4358/2882 2830/4356/2882
f 2826/4357/2882 2825/4359/2882 2832/4360/2882 2831/4358/2882
f 2825/4359/2882 2824/4361/2882 2833/4362/2882 2832/4360/2882
f 2824/4361/2882 2823/4363/2882 2834/4364/2882 2833/4362/2882
f 2823/4363/2882 2822/4365/2882 2835/4366/2882 2834/4364/2882
f 2822/4365/2882 2821/4367/2882 2836/4368/2882 2835/4366/2882
f 2821/4367/2882 2820/4369/2882 2837/4370/2882 2836/4368/2882
f 2820/4369/2882 2819/4371/2882 2838/4372/2882 2837/4370/2882
f 2819/4371/2882 2818/4373/2882 2839/4374/2882 2838/4372/2882
f 2818/4373/2882 2817/4375/2882 2840/4376/2882 2839/4374/2882
f 2817/4375/2882 2816/4377/2882 2841/4378/2882 2840/4376/2882
f 2816/4377/2882 2815/4379/2882 2842/4380/2882 2841/4378/2882
f 2815/4379/2882 2814/4381/2882 2843/4382/2882 2842/4380/2882
f 2814/4381/2882 2813/4383/2882 2844/4384/2882 2843/4382/2882
f 2813/4383/2882 2812/4385/2882 2845/4386/2882 2844/4384/2882
f 2812/4385/2882 2811/4387/2882 2846/4388/2882 2845/4386/2882
f 2811/4387/2882 2810/4389/2882 2847/4390/2882 2846/4388/2882
f 2810/4389/2882 2809/4391/2882 2848/4392/2882 2847/4390/2882
f 2809/4391/2882 2808/4393/2882 2849/4394/2882 2848/4392/2882
f 2808/4393/2882 2807/4395/2882 2850/4396/2882 2849/4394/2882
f 2807/4395/2882 2806/4397/2882 2851/4398/2882 2850/4396/2882
f 2806/4397/2882 2805/4399/2882 2852/4400/2882 2851/4398/2882
f 2805/4399/2882 2804/4401/2882 2853/4402/2882 2852/4400/2882
f 2804/4401/2882 2803/4403/2882 2854/4404/2882 2853/4402/2882
f 2803/4403/2882 2802/4405/2882 2855/4406/2882 2854/4404/2882
f 2802/4405/2882 2801/4407/2882 2856/4408/2882 2855/4406/2882
f 2801/4407/2882 2800/4409/2882 2857/4410/2882 2856/4408/2882
f 2800/4409/2882 2799/4411/2882 2858/4412/2882 2857/4410/2882
f 2799/4411/2882 2798/4413/2882 2859/4414/2882 2858/4412/2882
f 2798/4413/2882 2797/4415/2882 2860/4416/2882 2859/4414/2882
f 2797/4415/2882 2796/4417/2882 2861/4418/2882 2860/4416/2882
f 2796/4417/2882 2795/4419/2882 2862/4420/2882 2861/4418/2882
f 2795/4419/2882 2794/4421/2882 2863/4422/2882 2862/4420/2882
f 2794/4421/2882 2793/4423/2882 2864/4424/2882 2863/4422/2882
f 2793/4423/2882 2792/4425/2882 2865/4426/2882 2864/4424/2882
f 2792/4425/2882 2791/4427/2882 2866/4428/2882 2865/4426/2882
f 2791/4427/2882 2790/4429/2882 2867/4430/2882 2866/4428/2882
f 2790/4429/2882 2789/4431/2882 2868/4432/2882 2867/4430/2882
f 2789/4431/2882 2788/4433/2882 2869/4434/2882 2868/4432/2882
f 2788/4433/2882 2787/4435/2882 2870/4436/2882 2869/4434/2882
f 2787/4435/2882 2786/4437/2882 2871/4438/2882 2870/4436/2882
f 2786/4437/2882 2785/4439/2882 2872/4440/2882 2871/4438/2882
f 2785/4439/2882 2784/4441/2882 2873/4442/2882 2872/4440/2882
f 2784/4441/2882 2783/4351/2882 2828/4354/2882 2873/4442/2882
f 2828/4443/2669 2829/4444/2667 2875/4445/2667 2874/4446/2669
f 2829/4444/2667 2830/4447/2668 2876/4448/2668 2875/4445/2667
f 2830/4447/2668 2831/4449/2712 2877/4450/2712 2876/4448/2668
f 2831/4449/2712 2832/4451/2711 2878/4452/2711 2877/4450/2712
f 2832/4451/2711 2833/4453/2710 2879/4454/2710 2878/4452/2711
f 2833/4453/2710 2834/4455/2709 2880/4456/2709 2879/4454/2710
f 2834/4455/2709 2835/4457/2708 2881/4458/2708 2880/4456/2709
f 2835/4457/2708 2836/4459/2707 2882/4460/2707 2881/4458/2708
f 2836/4459/2707 2837/4461/2706 2883/4462/2706 2882/4460/2707
f 2837/4461/2706 2838/4463/2705 2884/4464/2705 2883/4462/2706
f 2838/4463/2705 2839/4465/2704 2885/4466/2704 2884/4464/2705
f 2839/4465/2704 2840/4467/2703 2886/4468/2703 2885/4466/2704
f 2840/4467/2703 2841/4469/2702 2887/4470/2702 2886/4468/2703
f 2841/4469/2702 2842/4471/2701 2888/4472/2701 2887/4470/2702
f 2842/4471/2701 2843/4473/2700 2889/4474/2700 2888/4472/2701
f 2843/4473/2700 2844/4475/2699 2890/4476/2699 2889/4474/2700
f 2844/4475/2699 2845/4477/2698 2891/4478/2698 2890/4476/2699
f 2845/4477/2698 2846/4479/2697 2892/4480/2697 2891/4478/2698
f 2846/4481/2697 2847/4482/2696 2893/4483/2696 2892/4484/2697
f 2847/4482/2696 2848/4485/2695 2894/4486/2695 2893/4483/2696
f 2848/4485/2695 2849/4487/2694 2895/4488/2694 2894/4486/2695
f 2849/4487/2694 2850/4489/2693 2896/4490/2693 2895/4488/2694
f 2850/4489/2693 2851/4491/2692 2897/4492/2692 2896/4490/2693
f 2851/4491/2692 2852/4493/2691 2898/4494/2691 2897/4492/2692
f 2852/4493/2691 2853/4495/2690 2899/4496/2690 2898/4494/2691
f 2853/4495/2690 2854/4497/2689 2900/4498/2689 2899/4496/2690
f 2854/4497/2689 2855/4499/2688 2901/4500/2688 2900/4498/2689
f 2855/4499/2688 2856/4501/2687 2902/4502/2687 2901/4500/2688
f 2856/4501/2687 2857/4503/2686 2903/4504/2686 2902/4502/2687
f 2857/4503/2686 2858/4505/2685 2904/4506/2685 2903/4504/2686
f 2858/4505/2685 2859/4507/2684 2905/4508/2684 2904/4506/2685
f 2859/4507/2684 2860/4509/2683 2906/4510/2683 2905/4508/2684
f 2860/4509/2683 2861/4511/2682 2907/4512/2682 2906/4510/2683
f 2861/4511/2682 2862/4513/2681 2908/4514/2681 2907/4512/2682
f 2862/4513/2681 2863/4515/2680 2909/4516/2680 2908/4514/2681
f 2863/4515/2680 2864/4517/2679 2910/4518/2679 2909/4516/2680
f 2864/4517/2679 2865/4519/2678 2911/4520/2678 2910/4518/2679
f 2865/4519/2678 2866/4521/2677 2912/4522/2677 2911/4520/2678
f 2866/4521/2677 2867/4523/2676 2913/4524/2676 2912/4522/2677
f 2867/4523/2676 2868/4525/2675 2914/4526/2675 2913/4524/2676
f 2868/4525/2675 2869/4527/2674 2915/4528/2674 2914/4526/2675
f 2869/4527/2674 2870/4529/2673 2916/4530/2673 2915/4528/2674
f 2870/4529/2673 2871/4531/2672 2917/4532/2672 2916/4530/2673
f 2871/4531/2672 2872/4533/2671 2918/4534/2671 2917/4532/2672
f 2872/4533/2671 2873/4535/2670 2919/4536/2670 2918/4534/2671
f 2873/4535/2670 2828/4443/2669 2874/4446/2669 2919/4536/2670
f 2969/4537/2929 2921/4538/2713 2920/4539/2713 2967/4540/2930
f 2971/4541/2931 2922/4542/2713 2921/4538/2713 2969/4537/2929
f 2973/4543/2932 2923/4544/2713 2922/4542/2713 2971/4541/2931
f 2975/4545/2933 2924/4546/2713 2923/4544/2713 2973/4543/2932
f 2977/4547/2934 2925/4548/2713 2924/4546/2713 2975/4545/2933
f 2979/4549/2935 2926/4550/2713 2925/4548/2713 2977/4547/2934
f 2981/4551/2936 2927/4552/2713 2926/4550/2713 2979/4549/2935
f 2983/4553/2937 2928/4554/2713 2927/4552/2713 2981/4551/2936
f 2985/4555/2938 2929/4556/2713 2928/4554/2713 2983/4553/2937
f 2987/4557/2939 2930/4558/2713 2929/4556/2713 2985/4555/2938
f 2989/4559/2940 2931/4560/2713 2930/4558/2713 2987/4557/2939
f 2991/4561/2941 2932/4562/2713 2931/4560/2713 2989/4559/2940
f 2993/4563/2942 2933/4564/2713 2932/4562/2713 2991/4561/2941
f 2995/4565/2943 2934/4566/2713 2933/4564/2713 2993/4563/2942
f 2997/4567/2944 2935/4568/2713 2934/4566/2713 2995/4565/2943
f 2999/4569/2945 2936/4570/2713 2935/4568/2713 2997/4567/2944
f 3001/4571/2946 2937/4572/2713 2936/4570/2713 2999/4569/2945
f 3003/4573/2947 2938/4574/2713 2937/4572/2713 3001/4571/2946
f 3005/4575/2948 2939/4576/2713 2938/4574/2713 3003/4573/2947
f 3007/4577/2949 2940/4578/2713 2939/4576/2713 3005/4575/2948
f 3009/4579/2950 2941/4580/2713 2940/4578/2713 3007/4577/2949
f 3011/4581/2951 2942/4582/2713 2941/4580/2713 3009/4579/2950
f 3013/4583/2952 2943/4584/2713 2942/4582/2713 3011/4581/2951
f 3015/4585/2953 2944/4586/2713 2943/4584/2713 3013/4583/2952
f 3017/4587/2954 2945/4588/2713 2944/4586/2713 3015/4585/2953
f 3019/4589/2955 2946/4590/2713 2945/4588/2713 3017/4587/2954
f 3021/4591/2956 2947/4592/2713 2946/4590/2713 3019/4589/2955
f 3023/4593/2957 2948/4594/2713 2947/4592/2713 3021/4591/2956
f 3025/4595/2958 2949/4596/2713 2948/4594/2713 3023/4593/2957
f 3027/4597/2959 2950/4598/2713 2949/4596/2713 3025/4595/2958
f 3029/4599/2960 2951/4600/2713 2950/4598/2713 3027/4597/2959
f 3031/4601/2961 2952/4602/2713 2951/4600/2713 3029/4599/2960
f 3033/4603/2962 2953/4604/2713 2952/4602/2713 3031/4601/2961
f 3035/4605/2963 2954/4606/2713 2953/4604/2713 3033/4603/2962
f 3037/4607/2964 2955/4608/2713 2954/4606/2713 3035/4605/2963
f 3039/4609/2965 2956/4610/2713 2955/4608/2713 3037/4607/2964
f 3041/4611/2966 2957/4612/2713 2956/4610/2713 3039/4609/2965
f 3043/4613/2967 2958/4614/2713 2957/4612/2713 3041/4611/2966
f 3045/4615/2968 2959/4616/2713 2958/4614/2713 3043/4613/2967
f 3047/4617/2969 2960/4618/2713 2959/4616/2713 3045/4615/2968
f 3049/4619/2970 2961/4620/2713 2960/4618/2713 3047/4617/2969
f 3051/4621/2971 2962/4622/2713 2961/4620/2713 3049/4619/2970
f 3053/4623/2972 2963/4624/2713 2962/4622/2713 3051/4621/2971
f 3055/4625/2973 2964/4626/2713 2963/4624/2713 3053/4623/2972
f 3057/4627/2974 2965/4628/2713 2964/4626/2713 3055/4625/2973
f 2967/4540/2930 2920/4539/2713 2965/4628/2713 3057/4627/2974
f 2969/4537/2929 2967/4540/2930 2966/4629/2975 2968/4630/2976
f 2971/4541/2931 2969/4537/2929 2968/4630/2976 2970/4631/2977
f 2973/4543/2932 2971/4541/2931 2970/4631/2977 2972/4632/2978
f 2975/4545/2933 2973/4543/2932 2972/4632/2978 2974/4633/2979
f 2977/4547/2934 2975/4545/2933 2974/4633/2979 2976/4634/2980
f 2979/4549/2935 2977/4547/2934 2976/4634/2980 2978/4635/2981
f 2981/4551/2936 2979/4549/2935 2978/4635/2981 2980/4636/2982
f 2983/4553/2937 2981/4551/2936 2980/4636/2982 2982/4637/2983
f 2985/4555/2938 2983/4553/2937 2982/4637/2983 2984/4638/2984
f 2987/4557/2939 2985/4555/2938 2984/4638/2984 2986/4639/2985
f 2989/4559/2940 2987/4557/2939 2986/4639/2985 2988/4640/2986
f 2991/4561/2941 2989/4559/2940 2988/4640/2986 2990/4641/2987
f 2993/4563/2942 2991/4561/2941 2990/4641/2987 2992/4642/2988
f 2995/4565/2943 2993/4563/2942 2992/4642/2988 2994/4643/2989
f 2997/4567/2944 2995/4565/2943 2994/4643/2989 2996/4644/2990
f 2999/4569/2945 2997/4567/2944 2996/4644/2990 2998/4645/2991
f 3001/4571/2946 2999/4569/2945 2998/4645/2991 3000/4646/2992
f 3003/4573/2947 3001/4571/2946 3000/4646/2992 3002/4647/2993
f 3005/4575/2948 3003/4573/2947 3002/4647/2993 3004/4648/2994
f 3007/4577/2949 3005/4575/2948 3004/4648/2994 3006/4649/2995
f 3009/4579/2950 3007/4577/2949 3006/4649/2995 3008/4650/2996
f 3011/4581/2951 3009/4579/2950 3008/4650/2996 3010/4651/2997
f 3013/4583/2952 3011/4581/2951 3010/4651/2997 3012/4652/2998
f 3015/4585/2953 3013/4583/2952 3012/4652/2998 3014/4653/2999
f 3017/4587/2954 3015/4585/2953 3014/4653/2999 3016/4654/3000
f 3019/4589/2955 3017/4587/2954 3016/4654/3000 3018/4655/3001
f 3021/4591/2956 3019/4589/2955 3018/4655/3001 3020/4656/3002
f 3023/4593/2957 3021/4591/2956 3020/4656/3002 3022/4657/3003
f 3025/4595/2958 3023/4593/2957 3022/4657/3003 3024/4658/3004
f 3027/4597/2959 3025/4595/2958 3024/4658/3004 3026/4659/3005
f 3029/4599/2960 3027/4597/2959 3026/4659/3005 3028/4660/3006
f 3031/4601/2961 3029/4599/2960 3028/4660/3006 3030/4661/3007
f 3033/4603/2962 3031/4601/2961 3030/4661/3007 3032/4662/3008
f 3035/4605/2963 3033/4603/2962 3032/4662/3008 3034/4663/3009
f 3037/4607/2964 3035/4605/2963 3034/4663/3009 3036/4664/3010
f 3039/4609/2965 3037/4607/2964 3036/4664/3010 3038/4665/3011
f 3041/4611/2966 3039/4609/2965 3038/4665/3011 3040/4666/3012
f 3043/4613/2967 3041/4611/2966 3040/4666/3012 3042/4667/3013
f 3045/4615/2968 3043/4613/2967 3042/4667/3013 3044/4668/3014
f 3047/4617/2969 3045/4615/2968 3044/4668/3014 3046/4669/3015
f 3049/4619/2970 3047/4617/2969 3046/4669/3015 3048/4670/3016
f 3051/4621/2971 3049/4619/2970 3048/4670/3016 3050/4671/3017
f 3053/4623/2972 3051/4621/2971 3050/4671/3017 3052/4672/3018
f 3055/4625/2973 3053/4623/2972 3052/4672/3018 3054/4673/3019
f 3057/4627/2974 3055/4625/2973 3054/4673/3019 3056/4674/3020
f 2967/4540/2930 3057/4627/2974 3056/4674/3020 2966/4629/2975
f 2965/4675/2668 2920/4676/2667 3059/4677/2667 3058/4678/2668
f 2920/4676/2667 2921/4679/2669 3060/4680/2669 3059/4677/2667
f 2921/4679/2669 2922/4681/2670 3061/4682/2670 3060/4680/2669
f 2922/4681/2670 2923/4683/2671 3062/4684/2671 3061/4682/2670
f 2923/4683/2671 2924/4685/2672 3063/4686/2672 3062/4684/2671
f 2924/4685/2672 2925/4687/2673 3064/4688/2673 3063/4686/2672
f 2925/4687/2673 2926/4689/2674 3065/4690/2674 3064/4688/2673
f 2926/4689/2674 2927/4691/2675 3066/4692/2675 3065/4690/2674
f 2927/4691/2675 2928/4693/2676 3067/4694/2676 3066/4692/2675
f 2928/4693/2676 2929/4695/2677 3068/4696/2677 3067/4694/2676
f 2929/4695/2677 2930/4697/2678 3069/4698/2678 3068/4696/2677
f 2930/4697/2678 2931/4699/2679 3070/4700/2679 3069/4698/2678
f 2931/4699/2679 2932/4701/2680 3071/4702/2680 3070/4700/2679
f 2932/4701/2680 2933/4703/2681 3072/4704/2681 3071/4702/2680
f 2933/4703/2681 2934/4705/2682 3073/4706/2682 3072/4704/2681
f 2934/4705/2682 2935/4707/2683 3074/4708/2683 3073/4706/2682
f 2935/4707/2683 2936/4709/2684 3075/4710/2684 3074/4708/2683
f 2936/4709/2684 2937/4711/2685 3076/4712/2685 3075/4710/2684
f 2937/4711/2685 2938/4713/2686 3077/4714/2686 3076/4712/2685
f 2938/4713/2686 2939/4715/2687 3078/4716/2687 3077/4714/2686
f 2939/4715/2687 2940/4717/2688 3079/4718/2688 3078/4716/2687
f 2940/4717/2688 2941/4719/2689 3080/4720/2689 3079/4718/2688
f 2941/4719/2689 2942/4721/2690 3081/4722/2690 3080/4720/2689
f 2942/4721/2690 2943/4723/2691 3082/4724/2691 3081/4722/2690
f 2943/4723/2691 2944/4725/2692 3083/4726/2692 3082/4724/2691
f 2944/4725/2692 2945/4727/2693 3084/4728/2693 3083/4726/2692
f 2945/4727/2693 2946/4729/2694 3085/4730/2694 3084/4728/2693
f 2946/4729/2694 2947/4731/2695 3086/4732/2695 3085/4730/2694
f 2947/4731/2695 2948/4733/2696 3087/4734/2696 3086/4732/2695
f 2948/4733/2696 2949/4735/2697 3088/4736/2697 3087/4734/2696
f 2949/4737/2697 2950/4738/2698 3089/4739/2698 3088/4740/2697
f 2950/4738/2698 2951/4741/2699 3090/4742/2699 3089/4739/2698
f 2951/4741/2699 2952/4743/2700 3091/4744/2700 3090/4742/2699
f 2952/4743/2700 2953/4745/2701 3092/4746/2701 3091/4744/2700
f 2953/4745/2701 2954/4747/2702 3093/4748/2702 3092/4746/2701
f 2954/4747/2702 2955/4749/2703 3094/4750/2703 3093/4748/2702
f 2955/4749/2703 2956/4751/2704 3095/4752/2704 3094/4750/2703
f 2956/4751/2704 2957/4753/2705 3096/4754/2705 3095/4752/2704
f 2957/4753/2705 2958/4755/2706 3097/4756/2706 3096/4754/2705
f 2958/4755/2706 2959/4757/2707 3098/4758/2707 3097/4756/2706
f 2959/4757/2707 2960/4759/2708 3099/4760/2708 3098/4758/2707
f 2960/4759/2708 2961/4761/2709 3100/4762/2709 3099/4760/2708
f 2961/4761/2709 2962/4763/2710 3101/4764/2710 3100/4762/2709
f 2962/4763/2710 2963/4765/2711 3102/4766/2711 3101/4764/2710
f 2963/4765/2711 2964/4767/2712 3103/4768/2712 3102/4766/2711
f 2964/4767/2712 2965/4675/2668 3058/4678/2668 3103/4768/2712
f 3058/4769/3021 3059/4770/3021 3105/4771/3021 3104/4772/3021
f 3059/4770/3021 3060/4773/3021 3106/4774/3021 3105/4771/3021
f 3060/4773/3021 3061/4775/3022 3107/4776/3022 3106/4774/3021
f 3061/4775/3022 3062/4777/3022 3108/4778/3023 3107/4776/3022
f 3062/4777/3022 3063/4779/3022 3109/4780/3022 3108/4778/3023
f 3063/4779/3022 3064/4781/3023 3110/4782/3022 3109/4780/3022
f 3064/4781/3023 3065/4783/3023 3111/4784/3024 3110/4782/3022
f 3065/4783/3023 3066/4785/3025 3112/4786/3025 3111/4784/3024
f 3066/4785/3025 3067/4787/3023 3113/4788/3025 3112/4786/3025
f 3067/4787/3023 3068/4789/3025 3114/4790/3025 3113/4788/3025
f 3068/4789/3025 3069/4791/3026 3115/4792/3026 3114/4790/3025
f 3069/4791/3026 3070/4793/3026 3116/4794/3026 3115/4792/3026
f 3070/4793/3026 3071/4795/3026 3117/4796/3026 3116/4794/3026
f 3071/4795/3026 3072/4797/3027 3118/4798/3026 3117/4796/3026
f 3072/4797/3027 3073/4799/3028 3119/4800/3028 3118/4798/3026
f 3073/4799/3028 3074/4801/3028 3120/4802/3028 3119/4800/3028
f 3074/4801/3028 3075/4803/3028 3121/4804/3028 3120/4802/3028
f 3075/4803/3028 3076/4805/3029 3122/4806/3029 3121/4804/3028
f 3076/4805/3029 3077/4807/3030 3123/4808/3030 3122/4806/3029
f 3077/4807/3030 3078/4809/3030 3124/4810/3030 3123/4808/3030
f 3078/4809/3030 3079/4811/3030 3125/4812/3030 3124/4810/3030
f 3079/4811/3030 3080/4813/3030 3126/4814/3030 3125/4812/3030
f 3080/4813/3030 3081/4815/3031 3127/4816/3032 3126/4814/3030
f 3081/4815/3031 3082/4817/3031 3128/4818/3032 3127/4816/3032
f 3082/4817/3031 3083/4819/3031 3129/4820/3031 3128/4818/3032
f 3083/4819/3031 3084/4821/3033 3130/4822/3033 3129/4820/3031
f 3084/4821/3033 3085/4823/3033 3131/4824/3033 3130/4822/3033
f 3085/4823/3033 3086/4825/3033 3132/4826/3033 3131/4824/3033
f 3086/4825/3033 3087/4827/3024 3133/4828/3033 3132/4826/3033
f 3087/4827/3024 3088/4829/3023 3134/4830/3023 3133/4828/3033
f 3088/4829/3023 3089/4831/3024 3135/4832/3034 3134/4830/3023
f 3089/4831/3024 3090/4833/3034 3136/4834/3024 3135/4832/3034
f 3090/4833/3034 3091/4835/3035 3137/4836/3034 3136/4834/3024
f 3091/4835/3035 3092/4837/3036 3138/4838/3036 3137/4836/3034
f 3092/4837/3036 3093/4839/3036 3139/4840/3036 3138/4838/3036
f 3093/4839/3036 3094/4841/3036 3140/4842/3035 3139/4840/3036
f 3094/4841/3036 3095/4843/3036 3141/4844/3036 3140/4842/3035
f 3095/4843/3036 3096/4845/3037 3142/4846/3037 3141/4844/3036
f 3096/4845/3037 3097/4847/3037 3143/4848/3037 3142/4846/3037
f 3097/4847/3037 3098/4849/3029 3144/4850/3037 3143/4848/3037
f 3098/4849/3029 3099/4851/3029 3145/4852/3038 3144/4850/3037
f 3099/4851/3029 3100/4853/3039 3146/4854/3039 3145/4852/3038
f 3100/4853/3039 3101/4855/3039 3147/4856/3029 3146/4854/3039
f 3101/4855/3039 3102/4857/3039 3148/4858/3039 3147/4856/3029
f 3102/4857/3039 3103/4859/3039 3149/4860/3039 3148/4858/3039
f 3103/4859/3039 3058/4769/3021 3104/4772/3021 3149/4860/3039
f 2908/4861/2882 2909/4862/2882 3159/4863/2882 3160/4864/2882
f 2909/4862/2882 2910/4865/2882 3158/4866/2882 3159/4863/2882
f 3158/4866/2882 2910/4865/2882 2911/4867/2882 3157/4868/2882
f 3157/4868/2882 2911/4867/2882 2912/4869/2882 3156/4870/2882
f 2907/4871/2882 2908/4861/2882 3160/4864/2882 3161/4872/2882
f 2906/4873/2882 2907/4871/2882 3161/4872/2882 3162/4874/2882
f 2905/4875/2882 2906/4873/2882 3162/4874/2882 3163/4876/2882
f 3156/4870/2882 2912/4869/2882 2913/4877/2882 3155/4878/2882
f 3155/4878/2882 2913/4877/2882 2914/4879/2882 3154/4880/2882
f 2904/4881/2882 2905/4875/2882 3163/4876/2882 3164/4882/2882
f 3154/4880/2882 2914/4879/2882 2915/4883/2882 3153/4884/2882
f 2903/4885/2882 2904/4881/2882 3164/4882/2882 3165/4886/2882
f 2902/4887/2882 2903/4885/2882 3165/4886/2882 3166/4888/2882
f 2901/4889/2882 2902/4887/2882 3166/4888/2882 3167/4890/2882
f 2900/4891/2882 2901/4889/2882 3167/4890/2882 3168/4892/2882
f 3153/4884/2882 2915/4883/2882 2916/4893/2882 3152/4894/2882
f 3152/4894/2882 2916/4893/2882 2917/4895/2882 3151/4896/2882
f 3151/4896/2882 2917/4895/2882 2918/4897/2882 3150/4898/2882
f 2899/4899/2882 2900/4891/2882 3168/4892/2882 2898/4900/2882
f 2876/4901/2882 2877/4902/2882 3169/4249/2882 2875/4248/2882
f 2878/4903/2882 2879/4904/2882 3151/4896/2882 3150/4898/2882
f 2879/4904/2882 2880/4905/2882 3152/4894/2882 3151/4896/2882
f 2880/4905/2882 2881/4906/2882 3153/4884/2882 3152/4894/2882
f 2881/4906/2882 2882/4907/2882 3154/4880/2882 3153/4884/2882
f 2882/4907/2882 2883/4908/2882 3155/4878/2882 3154/4880/2882
f 2883/4908/2882 2884/4909/2882 3156/4870/2882 3155/4878/2882
f 2884/4909/2882 2885/4910/2882 3157/4868/2882 3156/4870/2882
f 2885/4910/2882 2886/4911/2882 3158/4866/2882 3157/4868/2882
f 2886/4911/2882 2887/4912/2882 3159/4863/2882 3158/4866/2882
f 3159/4863/2882 2887/4912/2882 2888/4913/2882 3160/4864/2882
f 3160/4864/2882 2888/4913/2882 2889/4914/2882 3161/4872/2882
f 3161/4872/2882 2889/4914/2882 2890/4915/2882 3162/4874/2882
f 3162/4874/2882 2890/4915/2882 2891/4916/2882 3163/4876/2882
f 3163/4876/2882 2891/4916/2882 2892/4917/2882 3164/4882/2882
f 3164/4882/2882 2892/4917/2882 2893/4918/2882 3165/4886/2882
f 3165/4886/2882 2893/4918/2882 2894/4919/2882 3166/4888/2882
f 3166/4888/2882 2894/4919/2882 2895/4920/2882 3167/4890/2882
f 3167/4890/2882 2895/4920/2882 2896/4921/2882 3168/4892/2882
f 3168/4892/2882 2896/4921/2882 2897/4922/2882 2898/4900/2882
f 2877/4902/2882 2878/4903/2882 3150/4898/2882 3169/4249/2882
f 3150/4898/2882 2918/4897/2882 2919/4250/2882 3169/4249/2882
o Screen_Lowpoly_Mesh.007
v 1.090277 -0.868577 0.300728
v 1.064848 -0.877054 0.300728
v 1.079682 -0.874935 0.300728
v 1.098754 -0.843148 0.300728
v 1.096635 -0.857982 0.300728
v -1.303790 -0.868577 0.278765
v -1.312266 -0.843148 0.274475
v -1.310147 -0.857982 0.274475
v -1.278360 -0.877054 0.293336
v -1.293194 -0.874935 0.284459
v 1.090277 0.693807 0.300728
v 1.098754 0.668378 0.300728
v 1.096635 0.683211 0.300728
v 1.064848 0.702284 0.300728
v 1.079682 0.700164 0.300728
v -1.303790 0.693807 0.278765
v -1.278360 0.702284 0.293337
v -1.293194 0.700164 0.284460
v -1.312266 0.668378 0.274475
v -1.310147 0.683212 0.274475
v 1.090277 -0.868577 0.267198
v 1.064848 -0.877054 0.267198
v 1.079682 -0.874935 0.267198
v 1.098754 -0.843148 0.267198
v 1.096635 -0.857982 0.267198
v -1.303790 -0.868577 0.267199
v -1.312266 -0.843148 0.257630
v -1.310147 -0.857982 0.267199
v -1.278360 -0.877054 0.267199
v -1.293194 -0.874935 0.257630
v 1.090277 0.693807 0.267199
v 1.098754 0.668378 0.267199
v 1.096635 0.683211 0.267199
v 1.064848 0.702284 0.267199
v 1.079682 0.700164 0.267199
v -1.303790 0.693807 0.267199
v -1.278360 0.702284 0.267199
v -1.293194 0.700164 0.257630
v -1.312266 0.668378 0.257630
v -1.310147 0.683211 0.267199
v -1.229023 0.702284 0.300728
v -1.229023 -0.877054 0.300728
v -1.229023 -0.877054 0.267199
v -1.229023 0.702284 0.267199
vt 0.111271 0.959756
vt 0.111271 0.039935
vt 0.105096 0.058497
vt 0.105096 0.941193
vt 0.107841 0.043647
vt 0.105782 0.049835
vt 0.105782 0.949856
vt 0.107841 0.956043
vt 0.116073 0.960993
vt 0.116073 0.038697
vt 0.132045 0.960993
vt 0.132045 0.038697
vt 0.879456 0.959756
vt 0.882886 0.956043
vt 0.884944 0.949856
vt 0.885630 0.941193
vt 0.879456 0.039935
vt 0.874654 0.038697
vt 0.874654 0.960993
vt 0.884944 0.049835
vt 0.882886 0.043647
vt 0.885630 0.058497
vt 1.366862 0.018512
vt 1.376045 0.024022
vt 0.921011 0.024022
vt 0.930194 0.018512
vt 0.879456 0.989112
vt 0.879456 0.960993
vt 0.874654 0.989112
vt 0.882886 0.989112
vt 0.882886 0.960993
vt 0.901218 0.049835
vt 0.885630 0.049835
vt 0.901218 0.058497
vt 0.901218 0.043647
vt 0.885630 0.043647
vt 0.111271 0.002554
vt 0.111271 0.025053
vt 0.116073 0.032498
vt 0.116073 0.010579
vt 0.107841 0.010579
vt 0.107841 0.020278
vt 0.101714 0.949855
vt 0.105096 0.949856
vt 0.097265 0.941193
vt 0.101714 0.956043
vt 0.107091 0.956043
vt 0.132045 0.989112
vt 0.901218 0.941193
vt 0.132045 0.010579
vt 0.097265 0.058497
vt 0.111271 0.974637
vt 0.111271 0.997136
vt 0.116073 0.989112
vt 0.116073 0.967192
vt 0.107841 0.979412
vt 0.107841 0.989112
vt 0.885630 0.949856
vt 0.901218 0.949856
vt 0.885630 0.956043
vt 0.901218 0.956043
vt 0.879456 0.038697
vt 0.879456 0.010578
vt 0.874654 0.010578
vt 0.882886 0.038697
vt 0.882886 0.010578
vt 0.105096 0.049835
vt 0.101714 0.049835
vt 0.107091 0.043647
vt 0.101714 0.043647
vt 0.097265 0.039935
vt 0.097266 0.959756
vt 1.376657 0.028308
vt 0.920399 0.028308
vt 1.376657 0.042561
vt 0.920399 0.042561
vt 0.921011 0.709527
vt 0.930194 0.715037
vt 0.925908 0.714425
vt 0.922847 0.712588
vt 1.376657 0.705242
vt 1.376045 0.709527
vt 0.920399 0.705242
vt 1.374208 0.712588
vt 1.371147 0.714425
vt 1.366861 0.715037
vn -0.5064 -0.6807 0.5293
vn -0.5064 0.6807 0.5293
vn -0.8632 0.0452 0.5029
vn -0.8632 -0.0452 0.5029
vn -0.7258 0.5049 0.4671
vn -0.8724 0.2461 0.4223
vn -0.8724 -0.2461 0.4223
vn -0.7258 -0.5049 0.4671
vn -0.2755 -0.6734 0.6860
vn -0.2755 0.6734 0.6860
vn -0.0537 -0.6908 0.7211
vn -0.0537 0.6908 0.7211
vn 0.2498 -0.7037 0.6651
vn 0.5335 -0.5335 0.6564
vn 0.7037 -0.2498 0.6652
vn 0.7206 -0.0512 0.6915
vn 0.2498 0.7037 0.6651
vn 0.0512 0.7206 0.6915
vn 0.0512 -0.7206 0.6915
vn 0.7037 0.2498 0.6652
vn 0.5335 0.5335 0.6564
vn 0.7206 0.0512 0.6915
vn 0.0000 0.0000 -1.0000
vn 0.4233 0.0000 -0.9060
vn 0.3346 -0.9424 0.0000
vn 0.0709 -0.9975 0.0000
vn 0.7071 -0.7071 0.0000
vn 0.9424 0.3346 0.0000
vn 0.9975 0.0709 0.0000
vn 0.7071 0.7071 0.0000
vn -0.4835 0.8591 -0.1677
vn -0.0817 0.9967 -0.0000
vn -0.7300 0.6501 -0.2109
vn -0.9009 -0.3750 -0.2185
vn -0.9834 -0.1417 -0.1136
vn -0.7300 -0.6501 -0.2109
vn 0.0000 -1.0000 -0.0000
vn 0.9975 -0.0709 0.0000
vn 0.0000 1.0000 -0.0000
vn -0.9834 0.1417 -0.1136
vn -0.4835 -0.8591 -0.1677
vn -0.0817 -0.9967 -0.0000
vn 0.9424 -0.3346 0.0000
vn 0.3346 0.9424 0.0000
vn 0.0709 0.9975 0.0000
vn -0.9009 0.3750 -0.2185
vn 0.2714 0.0000 -0.9625
usemtl Glass
s 1
f 3179/4923/3040 3187/4924/3041 3188/4925/3042 3176/4926/3043
f 3187/4924/3041 3185/4927/3044 3189/4928/3045 3188/4925/3042
f 3177/4929/3046 3175/4930/3047 3179/4923/3040 3176/4926/3043
f 3178/4931/3048 3186/4932/3049 3187/4924/3041 3179/4923/3040
f 3211/4933/3050 3210/4934/3051 3186/4932/3049 3178/4931/3048
f 3172/4935/3052 3170/4936/3053 3174/4937/3054 3173/4938/3055
f 3172/4935/3052 3184/4939/3056 3183/4940/3057 3171/4941/3058
f 3182/4942/3059 3180/4943/3060 3184/4939/3056 3181/4944/3061
f 3173/4938/3055 3181/4944/3061 3184/4939/3056 3172/4935/3052
f 3208/4945/3062 3207/4946/3063 3199/4947/3063 3196/4948/3062
f 3192/4949/3064 3172/4950/3052 3171/4941/3058 3191/4951/3065
f 3190/4952/3066 3170/4953/3053 3172/4950/3052 3192/4949/3064
f 3202/4954/3067 3182/4955/3059 3181/4944/3061 3201/4956/3068
f 3200/4957/3069 3180/4958/3060 3182/4955/3059 3202/4954/3067
f 3207/4959/3070 3187/4960/3041 3186/4961/3049 3206/4962/3071
f 3205/4963/3072 3185/4964/3044 3187/4960/3041 3207/4959/3070
f 3197/4965/3073 3177/4966/3046 3176/4926/3043 3196/4967/3074
f 3195/4968/3075 3175/4969/3047 3177/4966/3046 3197/4965/3073
f 3211/4933/3050 3212/4970/3076 3191/4951/3065 3171/4941/3058
f 3173/4938/3055 3193/4971/3077 3201/4956/3068 3181/4944/3061
f 3210/4934/3051 3213/4972/3078 3206/4962/3071 3186/4961/3049
f 3188/4925/3042 3208/4973/3079 3196/4967/3074 3176/4926/3043
f 3179/4974/3040 3199/4975/3080 3198/4976/3081 3178/4977/3048
f 3175/4978/3047 3195/4979/3075 3199/4975/3080 3179/4974/3040
f 3174/4980/3054 3194/4981/3082 3193/4971/3077 3173/4938/3055
f 3170/4982/3053 3190/4983/3066 3194/4981/3082 3174/4980/3054
f 3184/4984/3056 3204/4985/3083 3203/4986/3084 3183/4940/3057
f 3180/4987/3060 3200/4988/3069 3204/4985/3083 3184/4984/3056
f 3189/4989/3045 3209/4990/3085 3208/4973/3079 3188/4925/3042
f 3185/4991/3044 3205/4992/3072 3209/4990/3085 3189/4989/3045
f 3207/4993/3070 3208/4973/3079 3209/4990/3085 3205/4992/3072
f 3199/4994/3080 3195/4968/3075 3197/4965/3073 3196/4967/3074
f 3207/4946/3063 3206/4995/3086 3198/4996/3086 3199/4947/3063
f 3206/4995/3086 3213/4997/3062 3212/4998/3062 3198/4996/3086
f 3192/4999/3062 3193/5000/3062 3194/5001/3062 3190/5002/3062
f 3203/5003/3062 3204/5004/3062 3192/4999/3062 3191/5005/3062
f 3204/5004/3062 3200/5006/3062 3202/5007/3062 3201/5008/3062
f 3204/5004/3062 3201/5008/3062 3193/5000/3062 3192/4999/3062
f 3171/4941/3058 3183/4940/3057 3210/4934/3051 3211/4933/3050
f 3178/4977/3048 3198/4976/3081 3212/4970/3076 3211/4933/3050
f 3183/4940/3057 3203/4986/3084 3213/4972/3078 3210/4934/3051
f 3203/5003/3062 3191/5005/3062 3212/4998/3062 3213/4997/3062
